customer_id,signup_date,customer_segment_raw,loyalty_tier,age_group,home_region_raw
CUST00001,2025-11-24,VIP,SILVER,25-34,Agadir
CUST00002,2025-09-02,REGULAR,SILVER,35-44,TANGER
CUST00003,2024-09-19,REGULAR,SILVER,45-54,Marrakech
CUST00004,2024-11-08,REGULAR,SILVER,25-34,Kenitra
CUST00005,2023-09-02,REGULAR,BRONZE,35-44,Casablanca
CUST00006,2025-12-10,REGULAR,BRONZE,18-24,Kenitra
CUST00007,2025-12-29,NEW,BRONZE,35-44,Marrakech
CUST00008,2025-10-02,NEW,BRONZE,55+,Fes
CUST00009,2024-06-01,VIP,SILVER,35-44,Tanger
CUST00010,2023-04-20,NEW,BRONZE,35-44,Casablanca
CUST00011,2024-04-07,REGULAR,SILVER,25-34,Fes
CUST00012,2023-05-04,REGULAR,BRONZE,25-34,Agadir
CUST00013,2023-12-22,REGULAR,BRONZE,25-34,Fes
CUST00014,2024-04-19,REGULAR,SILVER,45-54,Rabat
CUST00015,2024-02-10,REGULAR,BRONZE,25-34,Kenitra
CUST00016,2024-09-21,REGULAR,SILVER,25-34,Rabat
CUST00017,2024-07-11,REGULAR,SILVER,35-44,Rabat
CUST00018,2024-05-27,NEW,BRONZE,18-24,Tanger
CUST00019,2023-12-25,REGULAR,SILVER,45-54,Casablanca
CUST00020,2023-07-06,REGULAR,SILVER,25-34,Kenitra
CUST00021,2025-10-11,REGULAR,SILVER,18-24,Fes
CUST00022,2025-04-07,VIP,GOLD,35-44,Fes
CUST00023,2025-10-17,REGULAR,BRONZE,25-34,Kenitra
CUST00024,2025-09-19,NEW,BRONZE,18-24,Kenitra
CUST00025,2023-08-21,REGULAR,BRONZE,35-44,Fes
CUST00026,2025-04-30,REGULAR,SILVER,55+,Fes
CUST00027,2025-11-06,REGULAR,BRONZE,25-34,Kenitra
CUST00028,2025-11-05,NEW,BRONZE,55+,Agadir
CUST00029,2025-09-29,VIP,GOLD,25-34,Kenitra
CUST00030,2024-10-21,VIP,GOLD,25-34,Casablanca
CUST00031,2025-08-26,REGULAR,SILVER,25-34,Agadir
CUST00032,2023-03-17,NEW,BRONZE,55+,Tanger
CUST00033,2023-02-01,REGULAR,SILVER,25-34,Rabat
CUST00034,2025-03-25,REGULAR,SILVER,25-34,Kenitra
CUST00035,2023-03-15,REGULAR,BRONZE,18-24,Casablanca
CUST00036,2023-07-25,REGULAR,SILVER,25-34,Rabat
CUST00037,2025-06-01,NEW,BRONZE,25-34,Casablanca
CUST00038,2024-05-08,REGULAR,BRONZE,35-44,Fes
CUST00039,2025-08-10,VIP,SILVER,25-34,Fes
CUST00040,2025-05-18,REGULAR,SILVER,18-24,Casablanca
CUST00041,2025-02-20,REGULAR,SILVER,25-34,Rabat
CUST00042,2023-04-11,VIP,GOLD,25-34,Tanger
CUST00043,2024-01-25,REGULAR,BRONZE,25-34,Agadir
CUST00044,2025-01-17,REGULAR,BRONZE,18-24,Kenitra
CUST00045,2025-01-19,REGULAR,SILVER,55+,Kenitra
CUST00046,2024-08-27,REGULAR,SILVER,55+,Fes
CUST00047,2025-03-24,VIP,SILVER,18-24,Tanger
CUST00048,2025-01-24,REGULAR,SILVER,35-44,Tanger
CUST00049,2025-08-23,NEW,BRONZE,55+,Agadir
CUST00050,2024-09-10,REGULAR,BRONZE,35-44,Rabat
CUST00051,2023-07-19,NEW,BRONZE,35-44,Fes
CUST00052,2025-05-08,REGULAR,BRONZE,25-34,Agadir
CUST00053,2024-07-26,NEW,BRONZE,25-34,Fes
CUST00054,2025-01-22,REGULAR,SILVER,55+,Fes
CUST00055,2025-07-20,NEW,BRONZE,18-24,Rabat
CUST00056,2024-02-25,NEW,BRONZE,18-24,Tanger
CUST00057,2023-01-06,NEW,BRONZE,35-44,Marrakech
CUST00058,2023-02-22,NEW,BRONZE,18-24,Marrakech
CUST00059,2025-05-12,REGULAR,BRONZE,18-24,Fes
CUST00060,2025-10-28,NEW,BRONZE,55+,Fes
CUST00061,2025-04-02,REGULAR,BRONZE,18-24,Agadir
CUST00062,2023-10-31,NEW,BRONZE,25-34,Fes
CUST00063,2025-05-31,NEW,BRONZE,25-34,Fes
CUST00064,2025-07-17,REGULAR,BRONZE,55+,Fes
CUST00065,2025-08-29,NEW,BRONZE,45-54,Fes
CUST00066,2023-05-03,REGULAR,SILVER,45-54,Fes
CUST00067,2023-04-16,VIP,GOLD,35-44,Rabat
CUST00068,2024-04-04,REGULAR,SILVER,45-54,Rabat
CUST00069,2023-02-23,REGULAR,SILVER,55+,Casablanca
CUST00070,2024-12-19,NEW,BRONZE,18-24,Rabat
CUST00071,2025-12-22,NEW,BRONZE,25-34,Kenitra
CUST00072,2023-06-23,VIP,SILVER,25-34,Tanger
CUST00073,2025-05-18,REGULAR,SILVER,25-34,Kenitra
CUST00074,2023-08-16,REGULAR,SILVER,18-24,Rabat
CUST00075,2024-02-23,REGULAR,BRONZE,18-24,Tanger
CUST00076,2025-05-31,NEW,BRONZE,25-34,Marrakech
CUST00077,2025-03-24,VIP,GOLD,25-34,Rabat
CUST00078,2025-05-29,REGULAR,SILVER,25-34,Rabat
CUST00079,2025-07-31,REGULAR,SILVER,35-44,Fes
CUST00080,2025-12-09,NEW,BRONZE,35-44,Casablanca
CUST00081,2023-08-22,REGULAR,BRONZE,45-54,Kenitra
CUST00082,2024-04-28,NEW,BRONZE,35-44,Casablanca
CUST00083,2023-12-29,VIP,GOLD,35-44,Tanger
CUST00084,2024-10-23,VIP,SILVER,25-34,Fes
CUST00085,2024-07-16,REGULAR,SILVER,25-34,Kenitra
CUST00086,2024-08-10,NEW,BRONZE,35-44,Fes
CUST00087,2023-03-26,REGULAR,BRONZE,18-24,Marrakech
CUST00088,2023-07-31,REGULAR,SILVER,35-44,Marrakech
CUST00089,2025-06-18,REGULAR,BRONZE,45-54,Kenitra
CUST00090,2023-04-18,REGULAR,SILVER,25-34,Kenitra
CUST00091,2023-11-04,REGULAR,BRONZE,25-34,Kenitra
CUST00092,2023-06-23,REGULAR,SILVER,55+,Tanger
CUST00093,2025-12-14,NEW,BRONZE,25-34,Rabat
CUST00094,2025-09-22,NEW,BRONZE,35-44,Rabat
CUST00095,2025-12-14,NEW,BRONZE,45-54,Marrakech
CUST00096,2023-12-06,REGULAR,BRONZE,25-34,Kenitra
CUST00097,2024-08-06,REGULAR,SILVER,45-54,Marrakech
CUST00098,2024-02-02,REGULAR,SILVER,35-44,Tanger
CUST00099,2023-11-28,REGULAR,BRONZE,35-44,Rabat
CUST00100,2023-07-30,REGULAR,BRONZE,55+,Rabat
CUST00101,2023-10-29,REGULAR,BRONZE,18-24,Tanger
CUST00102,2023-04-20,REGULAR,SILVER,18-24,Fes
CUST00103,2023-07-22,REGULAR,SILVER,25-34,Casablanca
CUST00104,2023-10-12,regular,SILVER,45-54,marrakech
CUST00105,2025-12-16,REGULAR,SILVER,35-44,Kenitra
CUST00106,2025-07-25,NEW,BRONZE,18-24,Agadir
CUST00107,2025-05-29,NEW,BRONZE,18-24,Marrakech
CUST00108,2025-01-08,NEW,BRONZE,55+,Tanger
CUST00109,2024-06-03,REGULAR,SILVER,18-24,Kenitra
CUST00110,2024-11-11,NEW,BRONZE,35-44,Tanger
CUST00111,2025-09-07,REGULAR,BRONZE,25-34,Agadir
CUST00112,2023-03-31,REGULAR,BRONZE,35-44,Kenitra
CUST00113,2024-06-02,NEW,BRONZE,35-44,Kenitra
CUST00114,2024-07-13,NEW,BRONZE,25-34,Fes
CUST00115,2024-01-18,REGULAR,SILVER,35-44,Tanger
CUST00116,2023-06-11,REGULAR,BRONZE,25-34,Kenitra
CUST00117,2025-07-02,REGULAR,SILVER,35-44,Agadir
CUST00118,2024-12-23,REGULAR,SILVER,18-24,Agadir
CUST00119,2025-04-11,REGULAR,BRONZE,25-34,Casablanca
CUST00120,2023-09-16,NEW,BRONZE,25-34,Fes
CUST00121,2025-07-10,VIP,GOLD,25-34,Tanger
CUST00122,2024-10-05,REGULAR,BRONZE,25-34,Rabat
CUST00123,2023-08-30,NEW,BRONZE,55+,Casablanca
CUST00124,2025-10-02,NEW,BRONZE,55+,Fes
CUST00125,2024-10-16,REGULAR,BRONZE,55+,Kenitra
CUST00126,2023-12-23,REGULAR,BRONZE,35-44,Casablanca
CUST00127,2025-01-09,REGULAR,SILVER,45-54,Tanger
CUST00128,2023-05-15,REGULAR,SILVER,18-24,Tanger
CUST00129,2024-10-11,REGULAR,SILVER,45-54,Agadir
CUST00130,2024-01-08,REGULAR,BRONZE,18-24,Marrakech
CUST00131,2023-11-10,REGULAR,BRONZE,35-44,Agadir
CUST00132,2024-08-04,REGULAR,SILVER,35-44,Agadir
CUST00133,2025-12-28,NEW,BRONZE,35-44,Casablanca
CUST00134,2023-03-26,REGULAR,BRONZE,25-34,Rabat
CUST00135,2024-03-07,REGULAR,SILVER,35-44,Fes
CUST00136,2024-09-10,REGULAR,SILVER,25-34,Fes
CUST00137,2025-09-18,REGULAR,SILVER,55+,Kenitra
CUST00138,2024-12-08,VIP,GOLD,25-34,Marrakech
CUST00139,2024-07-01,REGULAR,BRONZE,35-44,Rabat
CUST00140,2024-05-23,VIP,GOLD,25-34,Marrakech
CUST00141,2025-11-20,REGULAR,SILVER,25-34,Rabat
CUST00142,2024-05-08,NEW,BRONZE,45-54,Rabat
CUST00143,2025-08-21,REGULAR,BRONZE,25-34,Fes
CUST00144,2025-04-05,REGULAR,SILVER,25-34,Marrakech
CUST00145,2025-03-02,REGULAR,SILVER,45-54,Casablanca
CUST00146,2024-11-25,REGULAR,SILVER,18-24,Casablanca
CUST00147,2023-03-21,NEW,BRONZE,35-44,Marrakech
CUST00148,2024-11-02,VIP,SILVER,25-34,Fes
CUST00149,2024-11-19,REGULAR,SILVER,35-44,Fes
CUST00150,2025-05-03,REGULAR,BRONZE,45-54,Kenitra
CUST00151,2024-04-11,REGULAR,SILVER,45-54,Marrakech
CUST00152,2023-10-30,REGULAR,BRONZE,18-24,Marrakech
CUST00153,2024-10-04,REGULAR,SILVER,25-34,Fes
CUST00154,2023-05-08,REGULAR,BRONZE,55+,Agadir
CUST00155,2025-07-30,VIP,GOLD,35-44,Agadir
CUST00156,2024-06-25,REGULAR,BRONZE,55+,Kenitra
CUST00157,2024-09-01,REGULAR,BRONZE,55+,Kenitra
CUST00158,2024-07-14,REGULAR,SILVER,18-24,Tanger
CUST00159,2023-03-28,REGULAR,BRONZE,25-34,Fes
CUST00160,2024-07-09,VIP,SILVER,25-34,Rabat
CUST00161,2025-12-23,NEW,BRONZE,18-24,Rabat
CUST00162,2023-10-09,NEW,BRONZE,25-34,Agadir
CUST00163,2024-02-13,REGULAR,SILVER,18-24,Kenitra
CUST00164,2024-04-20,REGULAR,BRONZE,55+,Fes
CUST00165,2025-03-24,REGULAR,BRONZE,55+, Rabat 
CUST00166,2024-11-17,REGULAR,SILVER,45-54,Tanger
CUST00167,2024-11-08,NEW,BRONZE,45-54,Agadir
CUST00168,2024-01-31,NEW,BRONZE,18-24,Marrakech
CUST00169,2023-10-15,REGULAR,BRONZE,25-34,Kenitra
CUST00170,2024-11-06,REGULAR,BRONZE,35-44,Agadir
CUST00171,2025-08-11,REGULAR,SILVER,25-34,Agadir
CUST00172,2024-03-28,NEW,BRONZE,25-34,Casablanca
CUST00173,2025-08-22,REGULAR,BRONZE,18-24,Agadir
CUST00174,2025-07-03,REGULAR,SILVER,55+,Marrakech
CUST00175,2024-02-19,REGULAR,BRONZE,35-44,Kenitra
CUST00176,2025-09-28,NEW,BRONZE,35-44,Fes
CUST00177,2025-08-04,regular,SILVER,35-44,Fes
CUST00178,2023-04-03,REGULAR,BRONZE,25-34,Rabat
CUST00179,2024-01-04,REGULAR,SILVER,25-34,Fes
CUST00180,2023-06-14,REGULAR,BRONZE,35-44,Rabat
CUST00181,2024-04-01,REGULAR,BRONZE,35-44,Fes
CUST00182,2024-04-15,NEW,BRONZE,45-54,Kenitra
CUST00183,2023-03-07,REGULAR,SILVER,18-24,Casablanca
CUST00184,2023-04-10,NEW,BRONZE,45-54,Fes
CUST00185,2023-04-26,NEW,BRONZE,35-44,Tanger
CUST00186,2024-10-18,NEW,BRONZE,55+,Fes
CUST00187,2023-12-25,REGULAR,SILVER,35-44,Rabat
CUST00188,2025-12-10,REGULAR,SILVER,35-44,Casablanca
CUST00189,2024-05-08,REGULAR,SILVER,25-34,Tanger
CUST00190,2025-05-03,REGULAR,BRONZE,18-24,Casablanca
CUST00191,2025-07-10,REGULAR,BRONZE,35-44,Rabat
CUST00192,2023-05-30,NEW,BRONZE,55+,Casablanca
CUST00193,2023-02-01,NEW,BRONZE,25-34,Agadir
CUST00194,2024-02-23,REGULAR,BRONZE,35-44,Tanger
CUST00195,2024-09-23,NEW,BRONZE,45-54,Rabat
CUST00196,2024-10-17,VIP,GOLD,45-54,Fes
CUST00197,2023-02-03,NEW,BRONZE,35-44,Casablanca
CUST00198,2024-05-18,REGULAR,SILVER,35-44,Tanger
CUST00199,2025-10-01,REGULAR,SILVER,55+,Casablanca
CUST00200,2023-05-01,REGULAR,BRONZE,25-34,tanger
CUST00201,2023-11-06,NEW,BRONZE,35-44,Rabat
CUST00202,2025-09-16, REGULAR ,BRONZE,35-44,Marrakech
CUST00203,2024-08-10,NEW,BRONZE,25-34,Rabat
CUST00204,2025-12-14,NEW,BRONZE,25-34,Tanger
CUST00205,2024-05-13,VIP,GOLD,55+,Agadir
CUST00206,2023-03-06,NEW,BRONZE,35-44,Marrakech
CUST00207,2023-06-19,REGULAR,SILVER,45-54,Marrakech
CUST00208,2023-03-29,NEW,BRONZE,25-34,Rabat
CUST00209,2023-03-09,NEW,BRONZE,35-44,Casablanca
CUST00210,2025-03-26,VIP,SILVER,25-34,Marrakech
CUST00211,2024-11-10,REGULAR,BRONZE,18-24,Marrakech
CUST00212,2024-04-20,REGULAR,SILVER,45-54,Tanger
CUST00213,2025-07-11,REGULAR,SILVER,25-34,Fes
CUST00214,2024-08-27,REGULAR,BRONZE,35-44,Kenitra
CUST00215,2025-03-08,REGULAR,BRONZE,45-54,Rabat
CUST00216,2023-07-29,NEW,BRONZE,18-24,Fes
CUST00217,2023-07-03,REGULAR,BRONZE,25-34,Tanger
CUST00218,2023-06-23,REGULAR,BRONZE,25-34,Agadir
CUST00219,2025-10-06,NEW,BRONZE,18-24,Kenitra
CUST00220,2024-05-30,VIP,SILVER,55+,Fes
CUST00221,2024-11-11,REGULAR,SILVER,45-54,Fes
CUST00222,2023-10-06,REGULAR,BRONZE,25-34,Kenitra
CUST00223,2025-10-02,VIP,GOLD,25-34,Fes
CUST00224,2024-02-14,REGULAR,BRONZE,25-34,Agadir
CUST00225,2024-08-19,REGULAR,BRONZE,25-34,Agadir
CUST00226,2023-11-12,REGULAR,SILVER,25-34,Fes
CUST00227,2025-11-03,VIP,SILVER,45-54,Tanger
CUST00228,2023-06-24,NEW,BRONZE,55+,Casablanca
CUST00229,2025-03-29,VIP,GOLD,45-54,RABAT
CUST00230,2024-03-28,REGULAR,SILVER,25-34,Tanger
CUST00231,2023-02-20,REGULAR,SILVER,18-24,Rabat
CUST00232,2024-09-30,REGULAR,BRONZE,35-44,Kenitra
CUST00233,2024-10-15,NEW,BRONZE,35-44,Rabat
CUST00234,2023-12-03,VIP,SILVER,55+,Marrakech
CUST00235,2024-04-19,REGULAR,BRONZE,35-44,Agadir
CUST00236,2024-02-09,REGULAR,SILVER,45-54,Rabat
CUST00237,2023-05-09,REGULAR,BRONZE,35-44,Kenitra
CUST00238,2025-09-29,REGULAR,SILVER,25-34,Marrakech
CUST00239,2025-07-26,REGULAR,SILVER,25-34,Agadir
CUST00240,2024-01-10,REGULAR,BRONZE,25-34,Fes
CUST00241,2025-09-23,REGULAR,BRONZE,45-54,Fes
CUST00242,2023-04-20,VIP,GOLD,35-44,Casablanca
CUST00243,2025-10-10,REGULAR,SILVER,18-24,Agadir
CUST00244,2023-03-05,REGULAR,BRONZE,25-34,Rabat
CUST00245,2025-07-25,REGULAR,SILVER,45-54,Marrakech
CUST00246,2025-01-21,REGULAR,BRONZE,35-44,Marrakech
CUST00247,2024-05-21,REGULAR,BRONZE,25-34,Kenitra
CUST00248,2023-08-29,REGULAR,BRONZE,45-54,Tanger
CUST00249,2025-05-26,NEW,BRONZE,25-34,Tanger
CUST00250,2024-07-29,REGULAR,BRONZE,55+,Agadir
CUST00251,2025-11-19,VIP,SILVER,55+,Tanger
CUST00252,2023-09-17,REGULAR,BRONZE,45-54,Casablanca
CUST00253,2025-03-15,REGULAR,SILVER,45-54,Fes
CUST00254,2023-07-10,REGULAR,SILVER,18-24,Fes
CUST00255,2023-07-10,REGULAR,SILVER,25-34,Tanger
CUST00256,2025-05-29,REGULAR,SILVER,35-44,Kenitra
CUST00257,2025-09-20,REGULAR,BRONZE,18-24,Rabat
CUST00258,2023-11-20,REGULAR,BRONZE,45-54,Casablanca
CUST00259,2024-09-10,NEW,BRONZE,35-44,Agadir
CUST00260,2023-12-05,NEW,BRONZE,18-24,Fes
CUST00261,2025-09-03,NEW,BRONZE,55+,RABAT
CUST00262,2025-05-14,REGULAR,SILVER,18-24,Casablanca
CUST00263,2024-10-03,REGULAR,SILVER,18-24,Fes
CUST00264,2023-10-20,NEW,BRONZE,45-54,Fes
CUST00265,2025-04-23,REGULAR,SILVER,18-24,Rabat
CUST00266,2025-02-25,REGULAR,SILVER,18-24,Tanger
CUST00267,2024-08-06,REGULAR,BRONZE,45-54,Casablanca
CUST00268,2024-08-28,REGULAR,BRONZE,35-44,Fes
CUST00269,2025-12-17,VIP,GOLD,35-44,Kenitra
CUST00270,2025-01-18,REGULAR,BRONZE,18-24,Tanger
CUST00271,2024-03-17,NEW,BRONZE,45-54,Marrakech
CUST00272,2025-05-17,REGULAR,BRONZE,55+,Kenitra
CUST00273,2023-11-15,REGULAR,SILVER,45-54,Kenitra
CUST00274,2023-04-29,NEW,BRONZE,35-44,Fes
CUST00275,2023-12-26,NEW,BRONZE,35-44,Casablanca
CUST00276,2024-06-14,NEW,BRONZE,18-24,Agadir
CUST00277,2025-05-29,NEW,BRONZE,35-44,Agadir
CUST00278,2025-11-12,REGULAR,SILVER,45-54,Kenitra
CUST00279,2023-08-25,NEW,BRONZE,25-34,Tanger
CUST00280,2025-02-23,VIP,SILVER,35-44,Marrakech
CUST00281,2024-04-04,REGULAR,SILVER,18-24,Kenitra
CUST00282,2023-04-18,NEW,BRONZE,45-54,Rabat
CUST00283,2024-09-28,REGULAR,SILVER,25-34,Kenitra
CUST00284,2024-05-11,REGULAR,SILVER,25-34,Agadir
CUST00285,2023-01-14,VIP,SILVER,45-54,Marrakech
CUST00286,2024-11-17,NEW,BRONZE,25-34,Rabat
CUST00287,2023-05-03,VIP,GOLD,45-54,Rabat
CUST00288,2025-04-25,REGULAR,SILVER,18-24,Agadir
CUST00289,2025-03-18,NEW,BRONZE,25-34,Agadir
CUST00290,2024-10-07,VIP,GOLD,55+,Kenitra
CUST00291,2023-10-06,REGULAR,BRONZE,25-34,Rabat
CUST00292,2025-01-03,VIP,GOLD,18-24,Kenitra
CUST00293,2024-09-15,REGULAR,BRONZE,35-44,Tanger
CUST00294,2024-12-29,REGULAR,BRONZE,55+,Kenitra
CUST00295,2025-07-15,REGULAR,BRONZE,18-24,Fes
CUST00296,2023-05-07,REGULAR,BRONZE,35-44,Casablanca
CUST00297,2023-06-22,REGULAR,SILVER,35-44,Rabat
CUST00298,2023-09-21,NEW,BRONZE,55+,Rabat
CUST00299,2025-06-06,REGULAR,SILVER,25-34,Rabat
CUST00300,2024-01-19,NEW,BRONZE,35-44,Rabat
CUST00301,2025-10-18,REGULAR,SILVER,25-34,Rabat
CUST00302,2025-12-12,NEW,BRONZE,45-54,Tanger
CUST00303,2024-12-05,VIP,GOLD,25-34,Kenitra
CUST00304,2024-07-29,NEW,BRONZE,25-34,Tanger
CUST00305,2024-05-22,REGULAR,SILVER,45-54,Tanger
CUST00306,2025-03-06,REGULAR,BRONZE,35-44,Casablanca
CUST00307,2023-02-27,REGULAR,SILVER,45-54,Marrakech
CUST00308,2025-10-05,REGULAR,BRONZE,25-34,Rabat
CUST00309,2025-12-14,REGULAR,SILVER,55+,Tanger
CUST00310,2024-10-24,NEW,BRONZE,25-34,Tanger
CUST00311,2023-05-29,REGULAR,SILVER,25-34,Kenitra
CUST00312,2025-06-13,REGULAR,SILVER,45-54,Casablanca
CUST00313,2024-12-31,NEW,BRONZE,25-34,Kenitra
CUST00314,2023-01-04,VIP,SILVER,55+,Casablanca
CUST00315,2024-03-28,REGULAR,BRONZE,25-34,Casablanca
CUST00316,2024-10-16,NEW,BRONZE,18-24,fes
CUST00317,2024-06-09,REGULAR,BRONZE,25-34,Fes
CUST00318,2025-04-27,REGULAR,SILVER,45-54,Marrakech
CUST00319,2024-04-06,NEW,BRONZE,18-24,KENITRA
CUST00320,2023-12-15,VIP,SILVER,25-34,Marrakech
CUST00321,2025-09-15,REGULAR,SILVER,18-24,Marrakech
CUST00322,2024-02-25,VIP,GOLD,18-24,Agadir
CUST00323,2025-10-02,NEW,BRONZE,35-44,Fes
CUST00324,2025-09-10,NEW,BRONZE,25-34,Casablanca
CUST00325,2023-08-25,REGULAR,SILVER,35-44,Fes
CUST00326,2025-03-04,NEW,BRONZE,25-34,Casablanca
CUST00327,2024-04-08,REGULAR,BRONZE,35-44,Tanger
CUST00328,2025-04-27,VIP,SILVER,55+,Tanger
CUST00329,2025-08-30,REGULAR,BRONZE,35-44,Kenitra
CUST00330,2025-10-25,REGULAR,BRONZE,25-34,Tanger
CUST00331,2024-03-09,REGULAR,BRONZE,25-34,Fes
CUST00332,2023-10-30,REGULAR,SILVER,25-34,Agadir
CUST00333,2025-03-24,REGULAR,SILVER,35-44, Tanger 
CUST00334,2025-05-09,NEW,BRONZE,55+,Marrakech
CUST00335,2023-08-05,REGULAR,BRONZE,25-34,Tanger
CUST00336,2025-02-23,REGULAR,SILVER,35-44,Casablanca
CUST00337,2025-04-02,NEW,BRONZE,45-54,Rabat
CUST00338,2023-02-11,REGULAR,SILVER,35-44,Kenitra
CUST00339,2024-04-11,NEW,BRONZE,18-24,Kenitra
CUST00340,2025-06-23,NEW,BRONZE,18-24,Tanger
CUST00341,2023-11-22,NEW,BRONZE,18-24,Tanger
CUST00342,2024-01-30,VIP,SILVER,25-34,Casablanca
CUST00343,2024-02-12,NEW,BRONZE,25-34,Agadir
CUST00344,2025-09-28,REGULAR,BRONZE,45-54,Marrakech
CUST00345,2024-06-13,REGULAR,BRONZE,35-44,Rabat
CUST00346,2024-03-14,VIP,SILVER,45-54,Kenitra
CUST00347,2023-01-19,REGULAR,BRONZE,35-44,Marrakech
CUST00348,2024-09-17,REGULAR,SILVER,25-34,Fes
CUST00349,2024-09-10,REGULAR,SILVER,45-54,Rabat
CUST00350,2025-02-05,REGULAR,SILVER,55+,Agadir
CUST00351,2024-10-27,VIP,GOLD,45-54,Casablanca
CUST00352,2025-04-07,REGULAR,BRONZE,55+,Agadir
CUST00353,2025-04-08,REGULAR,BRONZE,35-44,Kenitra
CUST00354,2025-09-01,VIP,GOLD,35-44,Tanger
CUST00355,2024-08-24,NEW,BRONZE,25-34,Agadir
CUST00356,2024-11-18,REGULAR,BRONZE,45-54,Casablanca
CUST00357,2024-11-09,REGULAR,SILVER,35-44,Tanger
CUST00358,2023-05-26,REGULAR,BRONZE,25-34,Tanger
CUST00359,2023-11-05,NEW,BRONZE,55+,Fes
CUST00360,2023-10-21,REGULAR,BRONZE,25-34,Fes
CUST00361,2023-04-29,NEW,BRONZE,25-34,Tanger
CUST00362,2023-06-30,NEW,BRONZE,18-24,Fes
CUST00363,2025-12-29,NEW,BRONZE,18-24,Kenitra
CUST00364,2023-01-09,REGULAR,BRONZE,18-24,Agadir
CUST00365,2025-10-27,REGULAR,BRONZE,25-34,Tanger
CUST00366,2025-12-01,REGULAR,SILVER,55+,Agadir
CUST00367,2025-01-05,REGULAR,BRONZE,18-24,Rabat
CUST00368,2023-02-14,REGULAR,BRONZE,25-34,Kenitra
CUST00369,2024-06-07,REGULAR,BRONZE,18-24,Agadir
CUST00370,2023-08-26,REGULAR,SILVER,25-34,Marrakech
CUST00371,2023-01-20,REGULAR,BRONZE,45-54,Marrakech
CUST00372,2023-08-03,REGULAR,BRONZE,35-44,Rabat
CUST00373,2024-06-22,REGULAR,BRONZE,35-44,Agadir
CUST00374,2024-03-01,REGULAR,SILVER,18-24, Casablanca 
CUST00375,2025-10-08,NEW,BRONZE,35-44,Agadir
CUST00376,2025-07-24,VIP,GOLD,45-54,Fes
CUST00377,2024-08-18,REGULAR,SILVER,45-54,Agadir
CUST00378,2023-01-20,VIP,GOLD,25-34,Kenitra
CUST00379,2023-07-10,REGULAR,SILVER,25-34,Rabat
CUST00380,2025-02-28,REGULAR,SILVER,18-24,Agadir
CUST00381,2023-05-01,VIP,SILVER,35-44,Fes
CUST00382,2025-06-16,NEW,BRONZE,45-54,Marrakech
CUST00383,2023-09-25,REGULAR,SILVER,35-44,Fes
CUST00384,2023-01-26,REGULAR,BRONZE,18-24,Marrakech
CUST00385,2024-05-24,REGULAR,SILVER,35-44,Tanger
CUST00386,2023-01-24,REGULAR,BRONZE,45-54,Tanger
CUST00387,2024-10-18,NEW,BRONZE,25-34,Marrakech
CUST00388,2024-04-26,NEW,BRONZE,18-24,Rabat
CUST00389,2025-10-15,REGULAR,BRONZE,18-24,Fes
CUST00390,2023-07-06,REGULAR,SILVER,25-34,Agadir
CUST00391,2023-04-22,REGULAR,SILVER,35-44,Marrakech
CUST00392,2025-01-14,Regular,BRONZE,45-54,Tanger
CUST00393,2024-08-20,REGULAR,SILVER,45-54,Rabat
CUST00394,2025-04-18,NEW,BRONZE,25-34,Rabat
CUST00395,2024-01-26,REGULAR,BRONZE,35-44,Rabat
CUST00396,2025-07-11,REGULAR,BRONZE,55+,Rabat
CUST00397,2025-09-16,VIP,SILVER,35-44,Agadir
CUST00398,2024-10-21,REGULAR,SILVER,25-34,Marrakech
CUST00399,2024-12-03,VIP,SILVER,45-54,Casablanca
CUST00400,2024-09-04,REGULAR,SILVER,35-44,Casablanca
CUST00401,2023-09-29,VIP,GOLD,25-34,Agadir
CUST00402,2025-05-04,REGULAR,SILVER,18-24,tanger
CUST00403,2023-04-26,NEW,BRONZE,35-44,Agadir
CUST00404,2024-08-27,NEW,BRONZE,35-44,Tanger
CUST00405,2024-04-04,REGULAR,SILVER,25-34,Marrakech
CUST00406,2023-04-07,VIP,GOLD,35-44,Tanger
CUST00407,2023-01-27,REGULAR,BRONZE,35-44,Tanger
CUST00408,2025-01-23,REGULAR,BRONZE,18-24,Kenitra
CUST00409,2023-12-22,REGULAR,BRONZE,18-24,Rabat
CUST00410,2024-06-06,NEW,BRONZE,18-24,Rabat
CUST00411,2024-09-08,REGULAR,SILVER,55+,Tanger
CUST00412,2025-12-02,NEW,BRONZE,25-34,Marrakech
CUST00413,2024-03-12,REGULAR,SILVER,35-44,Kenitra
CUST00414,2023-01-19,NEW,BRONZE,35-44,Casablanca
CUST00415,2023-03-23,REGULAR,SILVER,35-44,Tanger
CUST00416,2024-08-02,NEW,BRONZE,25-34,Fes
CUST00417,2025-11-18,new,BRONZE,25-34,Tanger
CUST00418,2024-03-12,VIP,SILVER,55+,Casablanca
CUST00419,2025-06-10,REGULAR,BRONZE,18-24,Rabat
CUST00420,2023-04-22,NEW,BRONZE,25-34,Marrakech
CUST00421,2025-07-12,REGULAR,SILVER,18-24,Rabat
CUST00422,2023-05-10,REGULAR,BRONZE,45-54,Kenitra
CUST00423,2024-09-09,REGULAR,SILVER,25-34,Fes
CUST00424,2025-12-28,NEW,BRONZE,55+,Agadir
CUST00425,2025-02-03,VIP,SILVER,25-34,Rabat
CUST00426,2023-06-24,REGULAR,SILVER,18-24,Fes
CUST00427,2024-01-12,NEW,BRONZE,45-54,Rabat
CUST00428,2025-08-02,REGULAR,BRONZE,35-44,Agadir
CUST00429,2025-09-24,VIP,SILVER,35-44,Agadir
CUST00430,2024-02-01,REGULAR,SILVER,25-34,Marrakech
CUST00431,2025-01-16,REGULAR,SILVER,35-44,Rabat
CUST00432,2025-06-12,NEW,BRONZE,25-34,Agadir
CUST00433,2025-01-04,REGULAR,SILVER,25-34,Casablanca
CUST00434,2023-10-14,VIP,GOLD,18-24,Agadir
CUST00435,2023-02-08,REGULAR,BRONZE,35-44,Tanger
CUST00436,2025-08-24,REGULAR,BRONZE,35-44,Fes
CUST00437,2024-08-18,NEW,BRONZE,45-54,Kenitra
CUST00438,2023-12-06,REGULAR,BRONZE,35-44,Casablanca
CUST00439,2023-10-27,REGULAR,SILVER,18-24,Rabat
CUST00440,2025-01-26,NEW,BRONZE,18-24,Fes
CUST00441,2024-10-25,NEW,BRONZE,35-44,Marrakech
CUST00442,2025-01-18,REGULAR,BRONZE,25-34,Fes
CUST00443,2024-12-07,REGULAR,SILVER,25-34,Marrakech
CUST00444,2025-11-19,REGULAR,BRONZE,45-54,Casablanca
CUST00445,2024-04-16,REGULAR,SILVER,35-44,Fes
CUST00446,2025-04-21,NEW,BRONZE,35-44,Marrakech
CUST00447,2023-10-28,NEW,BRONZE,35-44,Marrakech
CUST00448,2023-02-08,VIP,SILVER,45-54,Casablanca
CUST00449,2023-12-16,NEW,BRONZE,35-44,Tanger
CUST00450,2025-11-12,NEW,BRONZE,25-34,Marrakech
CUST00451,2023-08-11,NEW,BRONZE,35-44,Marrakech
CUST00452,2023-03-21,VIP,SILVER,35-44,Fes
CUST00453,2023-01-03,VIP,GOLD,25-34,Kenitra
CUST00454,2025-09-14,REGULAR,SILVER,45-54,Marrakech
CUST00455,2023-07-20,REGULAR,SILVER,25-34,Tanger
CUST00456,2025-04-16,NEW,BRONZE,25-34,Marrakech
CUST00457,2024-02-25,REGULAR,SILVER,35-44,Kenitra
CUST00458,2024-06-19,VIP,GOLD,45-54,Marrakech
CUST00459,2025-04-26,REGULAR,SILVER,55+,Kenitra
CUST00460,2024-12-06,REGULAR,SILVER,25-34,Tanger
CUST00461,2023-11-28,NEW,BRONZE,35-44,Tanger
CUST00462,2023-11-26,REGULAR,BRONZE,25-34,Tanger
CUST00463,2023-05-12,NEW,BRONZE,55+,Marrakech
CUST00464,2025-12-03, REGULAR ,BRONZE,55+,Agadir
CUST00465,2025-11-27,REGULAR,BRONZE,25-34,Marrakech
CUST00466,2023-01-01,VIP,GOLD,25-34,Tanger
CUST00467,2024-02-15,REGULAR,BRONZE,55+,Marrakech
CUST00468,2024-12-13,REGULAR,SILVER,25-34,Marrakech
CUST00469,2023-01-10,NEW,BRONZE,55+,Marrakech
CUST00470,2025-11-17,VIP,GOLD,45-54,Fes
CUST00471,2025-07-28,REGULAR,BRONZE,45-54,Rabat
CUST00472,2024-03-27,REGULAR,BRONZE,18-24,Fes
CUST00473,2024-06-23,NEW,BRONZE,35-44,Agadir
CUST00474,2024-01-01,REGULAR,SILVER,35-44,Marrakech
CUST00475,2024-01-25,REGULAR,BRONZE,25-34,Agadir
CUST00476,2024-05-26,REGULAR,SILVER,35-44,Tanger
CUST00477,2025-10-05,REGULAR,BRONZE,55+,Kenitra
CUST00478,2024-07-16,REGULAR,SILVER,35-44,Casablanca
CUST00479,2025-05-16,REGULAR,BRONZE,25-34,Fes
CUST00480,2023-09-04,REGULAR,SILVER,35-44, Agadir 
CUST00481,2024-10-28,REGULAR,SILVER,55+,Marrakech
CUST00482,2024-12-03,REGULAR,SILVER,25-34,Casablanca
CUST00483,2025-03-31,NEW,BRONZE,35-44,Marrakech
CUST00484,2024-04-27,REGULAR,SILVER,25-34,Casablanca
CUST00485,2023-01-20,NEW,BRONZE,25-34,Tanger
CUST00486,2025-09-23,REGULAR,BRONZE,45-54,Rabat
CUST00487,2025-09-02,REGULAR,BRONZE,35-44,Agadir
CUST00488,2024-06-11,REGULAR,SILVER,25-34,Kenitra
CUST00489,2023-12-24,VIP,GOLD,35-44,Kenitra
CUST00490,2023-06-10,REGULAR,SILVER,35-44,Agadir
CUST00491,2024-11-21,REGULAR,SILVER,25-34,Rabat
CUST00492,2024-08-19,REGULAR,SILVER,45-54,Fes
CUST00493,2025-12-02,VIP,SILVER,25-34,Casablanca
CUST00494,2024-05-30,VIP,SILVER,55+,Casablanca
CUST00495,2025-08-27,REGULAR,BRONZE,25-34,Marrakech
CUST00496,2023-11-15,NEW,BRONZE,35-44,Casablanca
CUST00497,2023-09-26,REGULAR,BRONZE,25-34,Rabat
CUST00498,2025-09-02,REGULAR,SILVER,25-34,Casablanca
CUST00499,2025-07-24,REGULAR,SILVER,18-24,Kenitra
CUST00500,2024-09-22,REGULAR,SILVER,45-54, Kenitra 
CUST00501,2024-12-05,Regular,BRONZE,45-54,Tanger
CUST00502,2024-04-18,REGULAR,SILVER,25-34,Fes
CUST00503,2025-03-09,REGULAR,BRONZE,45-54,Rabat
CUST00504,2024-07-10,REGULAR,SILVER,25-34,Casablanca
CUST00505,2025-07-21,REGULAR,SILVER,55+,Casablanca
CUST00506,2023-02-15,NEW,BRONZE,18-24,Kenitra
CUST00507,2023-07-04,NEW,BRONZE,35-44,Kenitra
CUST00508,2025-01-30,REGULAR,BRONZE,18-24,Rabat
CUST00509,2025-03-14,NEW,BRONZE,25-34,Casablanca
CUST00510,2023-01-26,NEW,BRONZE,55+,Tanger
CUST00511,2024-02-12,REGULAR,BRONZE,55+,Fes
CUST00512,2023-11-21,REGULAR,BRONZE,25-34,Kenitra
CUST00513,2023-04-17,VIP,SILVER,25-34,Casablanca
CUST00514,2024-07-19,REGULAR,SILVER,35-44,Rabat
CUST00515,2023-11-14,REGULAR,BRONZE,25-34,Casablanca
CUST00516,2023-05-03,NEW,BRONZE,35-44,Casablanca
CUST00517,2024-12-12,REGULAR,SILVER,18-24,Rabat
CUST00518,2023-03-22,REGULAR,SILVER,25-34,Marrakech
CUST00519,2024-12-13,REGULAR,SILVER,35-44,Tanger
CUST00520,2023-05-22,REGULAR,SILVER,18-24,Tanger
CUST00521,2025-11-02,REGULAR,BRONZE,25-34,Marrakech
CUST00522,2023-05-10,REGULAR,SILVER,25-34,Marrakech
CUST00523,2024-08-02,REGULAR,SILVER,45-54,Rabat
CUST00524,2023-09-23,NEW,BRONZE,35-44,Rabat
CUST00525,2025-03-06,REGULAR,SILVER,18-24,Kenitra
CUST00526,2024-03-03,REGULAR,BRONZE,45-54,Tanger
CUST00527,2025-05-01,REGULAR,BRONZE,25-34,Marrakech
CUST00528,2024-03-18,VIP,SILVER,25-34,Agadir
CUST00529,2024-05-24,REGULAR,BRONZE,25-34,Agadir
CUST00530,2025-07-28,REGULAR,SILVER,35-44,Casablanca
CUST00531,2023-11-20,REGULAR,SILVER,45-54,Kenitra
CUST00532,2025-04-24,REGULAR,SILVER,25-34,Marrakech
CUST00533,2024-06-04,REGULAR,SILVER,35-44,fes
CUST00534,2025-11-26,NEW,BRONZE,25-34,Kenitra
CUST00535,2024-07-19,VIP,SILVER,25-34,Rabat
CUST00536,2024-05-26,NEW,BRONZE,35-44,Marrakech
CUST00537,2024-10-26,REGULAR,BRONZE,45-54,Tanger
CUST00538,2023-07-15,REGULAR,SILVER,45-54,Agadir
CUST00539,2024-11-15,REGULAR,SILVER,45-54,Tanger
CUST00540,2023-01-24,REGULAR,SILVER,35-44,Kenitra
CUST00541,2024-10-31,REGULAR,BRONZE,55+,Rabat
CUST00542,2025-10-30,NEW,BRONZE,18-24,Tanger
CUST00543,2023-04-11,REGULAR,SILVER,18-24,Fes
CUST00544,2023-10-04,REGULAR,BRONZE,35-44,Fes
CUST00545,2025-12-09,NEW,BRONZE,35-44,Tanger
CUST00546,2023-08-19,REGULAR,SILVER,35-44,Kenitra
CUST00547,2024-09-16,NEW,BRONZE,45-54,Marrakech
CUST00548,2024-02-13,REGULAR,BRONZE,35-44,Rabat
CUST00549,2023-10-30,VIP,SILVER,25-34,Kenitra
CUST00550,2023-02-16,REGULAR,BRONZE,25-34,Marrakech
CUST00551,2023-10-17,REGULAR,BRONZE,25-34,Marrakech
CUST00552,2023-05-04,Regular,SILVER,35-44,Fes
CUST00553,2025-01-07,VIP,GOLD,55+,Tanger
CUST00554,2025-11-07,VIP,GOLD,25-34,Fes
CUST00555,2025-10-22,VIP,SILVER,25-34,Casablanca
CUST00556,2023-11-18,NEW,BRONZE,55+,Agadir
CUST00557,2024-07-18,REGULAR,SILVER,55+,Tanger
CUST00558,2024-04-06,NEW,BRONZE,35-44,Rabat
CUST00559,2024-04-10,REGULAR,BRONZE,35-44,Kenitra
CUST00560,2024-02-28,REGULAR,BRONZE,55+,Kenitra
CUST00561,2025-05-30,VIP,SILVER,35-44,Kenitra
CUST00562,2024-01-13,REGULAR,BRONZE,55+,Tanger
CUST00563,2024-09-13,REGULAR,SILVER,18-24,Tanger
CUST00564,2024-06-30,REGULAR,BRONZE,35-44,Casablanca
CUST00565,2025-09-03,NEW,BRONZE,18-24,Casablanca
CUST00566,2024-01-31,NEW,BRONZE,35-44,Kenitra
CUST00567,2024-02-20,REGULAR,BRONZE,25-34,Fes
CUST00568,2025-07-26,VIP,GOLD,25-34,Tanger
CUST00569,2024-10-02,REGULAR,BRONZE,45-54,Fes
CUST00570,2024-05-18,REGULAR,SILVER,55+,Marrakech
CUST00571,2024-01-24,REGULAR,SILVER,25-34,Tanger
CUST00572,2023-04-22,REGULAR,BRONZE,35-44,Tanger
CUST00573,2024-01-04,REGULAR,BRONZE,25-34,Fes
CUST00574,2024-02-18,VIP,GOLD,45-54,Kenitra
CUST00575,2023-09-11,NEW,BRONZE,45-54,Rabat
CUST00576,2025-11-13,REGULAR,BRONZE,55+,Marrakech
CUST00577,2023-11-04,NEW,BRONZE,25-34,Tanger
CUST00578,2025-07-02,Regular,BRONZE,18-24,Casablanca
CUST00579,2025-10-16,VIP,GOLD,25-34,Casablanca
CUST00580,2025-06-23,NEW,BRONZE,45-54,Marrakech
CUST00581,2024-03-01,NEW,BRONZE,18-24,Agadir
CUST00582,2024-09-03,REGULAR,BRONZE,35-44,Rabat
CUST00583,2023-12-30,VIP,SILVER,45-54,Rabat
CUST00584,2023-05-19,REGULAR,BRONZE,25-34,Fes
CUST00585,2025-12-15,REGULAR,BRONZE,55+,Marrakech
CUST00586,2025-12-19,VIP,GOLD,35-44,Fes
CUST00587,2024-12-25,VIP,GOLD,25-34,Fes
CUST00588,2024-08-17,VIP,SILVER,35-44,Rabat
CUST00589,2024-02-29,REGULAR,SILVER,35-44,Rabat
CUST00590,2023-01-24,REGULAR,SILVER,35-44,Tanger
CUST00591,2023-01-13,NEW,BRONZE,18-24,Fes
CUST00592,2023-12-26,NEW,BRONZE,25-34,Fes
CUST00593,2025-08-01,VIP,GOLD,18-24,Tanger
CUST00594,2025-12-03,REGULAR,SILVER,55+,Casablanca
CUST00595,2024-12-25,NEW,BRONZE,35-44,Tanger
CUST00596,2023-12-06,REGULAR,SILVER,25-34,Marrakech
CUST00597,2024-10-06,REGULAR,SILVER,25-34,Rabat
CUST00598,2024-09-11,NEW,BRONZE,25-34,Rabat
CUST00599,2023-07-09,REGULAR,BRONZE,25-34,Marrakech
CUST00600,2025-12-08,REGULAR,SILVER,55+,Tanger
CUST00601,2023-09-29,NEW,BRONZE,18-24,Fes
CUST00602,2023-04-01,REGULAR,BRONZE,45-54,Fes
CUST00603,2024-10-01,NEW,BRONZE,35-44,Kenitra
CUST00604,2025-06-22, REGULAR ,SILVER,35-44,Casablanca
CUST00605,2023-07-29,NEW,BRONZE,25-34,Kenitra
CUST00606,2024-05-16,NEW,BRONZE,25-34,Marrakech
CUST00607,2023-04-14,NEW,BRONZE,45-54,Fes
CUST00608,2025-07-02,REGULAR,SILVER,45-54,Tanger
CUST00609,2023-06-10,VIP,SILVER,25-34,Rabat
CUST00610,2025-07-22,REGULAR,SILVER,45-54,Casablanca
CUST00611,2024-06-12,VIP,SILVER,45-54,Agadir
CUST00612,2024-10-27,REGULAR,BRONZE,45-54,Fes
CUST00613,2024-08-01,REGULAR,BRONZE,25-34,Fes
CUST00614,2023-05-26,REGULAR,SILVER,35-44,Marrakech
CUST00615,2025-09-14,REGULAR,SILVER,55+,Tanger
CUST00616,2024-12-01,REGULAR,BRONZE,35-44,Agadir
CUST00617,2025-09-23,NEW,BRONZE,25-34,Marrakech
CUST00618,2025-04-11,NEW,BRONZE,18-24,Kenitra
CUST00619,2023-10-12,VIP,SILVER,25-34,Agadir
CUST00620,2025-07-04,NEW,BRONZE,55+,Marrakech
CUST00621,2025-06-09,REGULAR,SILVER,18-24, Marrakech 
CUST00622,2024-08-25,NEW,BRONZE,18-24,Agadir
CUST00623,2024-07-31,VIP,GOLD,35-44,Agadir
CUST00624,2025-04-11,REGULAR,BRONZE,45-54,Fes
CUST00625,2025-01-07,REGULAR,BRONZE,18-24,Tanger
CUST00626,2023-02-02,NEW,BRONZE,25-34,Casablanca
CUST00627,2025-07-22,VIP,SILVER,25-34,Fes
CUST00628,2024-12-28,NEW,BRONZE,35-44,Marrakech
CUST00629,2024-07-05,REGULAR,SILVER,18-24,Rabat
CUST00630,2025-09-13,VIP,SILVER,55+,Agadir
CUST00631,2024-07-26,REGULAR,BRONZE,55+,Casablanca
CUST00632,2023-06-09,Regular,SILVER,35-44,Kenitra
CUST00633,2025-08-18,REGULAR,SILVER,25-34,Kenitra
CUST00634,2023-03-14,REGULAR,SILVER,35-44,Rabat
CUST00635,2024-08-20,REGULAR,BRONZE,45-54,Fes
CUST00636,2024-07-23,NEW,BRONZE,35-44,Tanger
CUST00637,2023-11-06,REGULAR,SILVER,25-34,Kenitra
CUST00638,2025-12-16,VIP,SILVER,45-54,Casablanca
CUST00639,2025-04-25,REGULAR,BRONZE,35-44,Agadir
CUST00640,2024-12-07,NEW,BRONZE,25-34,Rabat
CUST00641,2025-12-26,NEW,BRONZE,18-24,Kenitra
CUST00642,2025-07-08,REGULAR,SILVER,55+,Rabat
CUST00643,2025-06-03,REGULAR,SILVER,35-44,Kenitra
CUST00644,2025-03-12,REGULAR,BRONZE,25-34,Marrakech
CUST00645,2023-01-22,REGULAR,BRONZE,25-34,Fes
CUST00646,2024-03-25,REGULAR,SILVER,35-44,rabat
CUST00647,2024-03-20,VIP,SILVER,35-44,Rabat
CUST00648,2024-01-14,VIP,GOLD,35-44,Kenitra
CUST00649,2024-07-20,REGULAR,SILVER,18-24,Casablanca
CUST00650,2025-03-06,REGULAR,BRONZE,35-44,Tanger
CUST00651,2024-02-15,REGULAR,BRONZE,25-34,Rabat
CUST00652,2023-08-06,VIP,SILVER,25-34,Rabat
CUST00653,2025-07-02,NEW,BRONZE,35-44,Agadir
CUST00654,2024-06-29,NEW,BRONZE,35-44, Marrakech 
CUST00655,2025-06-12,REGULAR,BRONZE,45-54,Rabat
CUST00656,2023-09-06,REGULAR,SILVER,55+,Agadir
CUST00657,2023-07-05,REGULAR,SILVER,35-44,Tanger
CUST00658,2023-12-28,REGULAR,SILVER,35-44,Kenitra
CUST00659,2025-01-05,REGULAR,SILVER,55+,Casablanca
CUST00660,2024-05-03,REGULAR,BRONZE,25-34,Fes
CUST00661,2023-02-03,NEW,BRONZE,25-34,Tanger
CUST00662,2025-12-07,REGULAR,BRONZE,35-44,Rabat
CUST00663,2025-08-23, VIP ,SILVER,18-24,Agadir
CUST00664,2024-09-21,REGULAR,BRONZE,45-54,Marrakech
CUST00665,2023-08-06,NEW,BRONZE,45-54,Tanger
CUST00666,2025-04-03,REGULAR,BRONZE,18-24,Tanger
CUST00667,2023-12-22,REGULAR,BRONZE,25-34,Casablanca
CUST00668,2023-12-04,REGULAR,BRONZE,25-34,Rabat
CUST00669,2023-11-20,NEW,BRONZE,35-44,rabat
CUST00670,2024-08-04,REGULAR,SILVER,25-34,Casablanca
CUST00671,2024-05-04,VIP,SILVER,35-44,Agadir
CUST00672,2024-09-08,REGULAR,BRONZE,18-24,Casablanca
CUST00673,2025-01-11,VIP,GOLD,18-24,Tanger
CUST00674,2023-08-19,REGULAR,SILVER,18-24,Casablanca
CUST00675,2025-01-15,REGULAR,SILVER,25-34,Kenitra
CUST00676,2023-08-02,REGULAR,BRONZE,18-24,Tanger
CUST00677,2024-04-26,REGULAR,SILVER,25-34,Casablanca
CUST00678,2023-08-14,REGULAR,BRONZE,45-54,Agadir
CUST00679,2023-05-31,REGULAR,SILVER,25-34,Fes
CUST00680,2025-03-04,REGULAR,SILVER,25-34,Agadir
CUST00681,2023-03-07,REGULAR,BRONZE,25-34,Casablanca
CUST00682,2024-12-04,NEW,BRONZE,55+,Tanger
CUST00683,2024-04-15,NEW,BRONZE,18-24,Marrakech
CUST00684,2025-05-26,REGULAR,BRONZE,55+,Kenitra
CUST00685,2023-11-02,VIP,GOLD,45-54,Rabat
CUST00686,2023-03-10,REGULAR,SILVER,25-34,Tanger
CUST00687,2024-05-07,NEW,BRONZE,35-44,Casablanca
CUST00688,2023-07-05,NEW,BRONZE,35-44,Agadir
CUST00689,2025-07-20,REGULAR,BRONZE,25-34,Casablanca
CUST00690,2023-01-03,VIP,GOLD,25-34,Agadir
CUST00691,2024-07-06,REGULAR,BRONZE,18-24,Marrakech
CUST00692,2025-01-15,VIP,GOLD,25-34,Kenitra
CUST00693,2023-05-18,REGULAR,BRONZE,25-34,Kenitra
CUST00694,2024-03-05,REGULAR,BRONZE,25-34,Kenitra
CUST00695,2023-04-22,NEW,BRONZE,25-34,Fes
CUST00696,2025-12-25,REGULAR,SILVER,35-44,Marrakech
CUST00697,2023-05-15,NEW,BRONZE,55+,Rabat
CUST00698,2023-06-07,NEW,BRONZE,25-34,Agadir
CUST00699,2023-02-16,REGULAR,BRONZE,18-24,Kenitra
CUST00700,2024-01-23,NEW,BRONZE,45-54,Fes
CUST00701,2025-09-22,REGULAR,SILVER,25-34,Kenitra
CUST00702,2024-06-16,NEW,BRONZE,25-34,Tanger
CUST00703,2023-12-07,REGULAR,BRONZE,35-44,Casablanca
CUST00704,2023-11-11,NEW,BRONZE,25-34,Kenitra
CUST00705,2024-02-25,REGULAR,BRONZE,55+,Kenitra
CUST00706,2025-12-28,REGULAR,BRONZE,55+,Fes
CUST00707,2023-11-16,NEW,BRONZE,45-54,Fes
CUST00708,2023-10-29,REGULAR,SILVER,18-24,Agadir
CUST00709,2023-08-28,REGULAR,SILVER,35-44,Fes
CUST00710,2024-02-04,REGULAR,BRONZE,35-44, Casablanca 
CUST00711,2023-06-28,VIP,SILVER,55+,Fes
CUST00712,2025-01-09,REGULAR,SILVER,25-34,Fes
CUST00713,2025-07-01,VIP,SILVER,25-34,Agadir
CUST00714,2025-06-25,REGULAR,SILVER,18-24,Casablanca
CUST00715,2024-09-13,REGULAR,SILVER,25-34,Marrakech
CUST00716,2024-07-13,REGULAR,SILVER,35-44,Casablanca
CUST00717,2023-03-28,REGULAR,SILVER,18-24,Fes
CUST00718,2023-01-06,NEW,BRONZE,25-34,Rabat
CUST00719,2025-10-04,VIP,SILVER,55+,Rabat
CUST00720,2025-01-10,REGULAR,SILVER,45-54,Agadir
CUST00721,2025-02-03,REGULAR,BRONZE,25-34,Casablanca
CUST00722,2023-10-05,REGULAR,BRONZE,25-34,Kenitra
CUST00723,2024-08-16,REGULAR,BRONZE,35-44,Tanger
CUST00724,2023-12-09,REGULAR,SILVER,18-24,Kenitra
CUST00725,2024-12-21,REGULAR,BRONZE,25-34,Marrakech
CUST00726,2023-11-30,NEW,BRONZE,35-44,Tanger
CUST00727,2025-12-12,REGULAR,BRONZE,18-24,Fes
CUST00728,2023-02-05,REGULAR,SILVER,35-44,Casablanca
CUST00729,2024-12-01,NEW,BRONZE,45-54,Agadir
CUST00730,2023-10-19,REGULAR,SILVER,35-44,Casablanca
CUST00731,2023-08-17,NEW,BRONZE,35-44,Rabat
CUST00732,2023-05-02,regular,SILVER,45-54,Rabat
CUST00733,2024-02-25,REGULAR,BRONZE,45-54,Agadir
CUST00734,2024-07-22,VIP,GOLD,35-44,Casablanca
CUST00735,2025-10-31,REGULAR,BRONZE,25-34,Marrakech
CUST00736,2023-01-09,VIP,SILVER,35-44,Marrakech
CUST00737,2024-01-15,REGULAR,BRONZE,25-34,Tanger
CUST00738,2024-04-11,REGULAR,SILVER,45-54,Fes
CUST00739,2024-08-13,REGULAR,BRONZE,25-34,Kenitra
CUST00740,2024-09-30,REGULAR,SILVER,25-34,Marrakech
CUST00741,2023-05-23,VIP,GOLD,18-24, Casablanca 
CUST00742,2025-06-16,REGULAR,BRONZE,55+,Casablanca
CUST00743,2023-12-12,NEW,BRONZE,18-24,Casablanca
CUST00744,2025-05-19,REGULAR,SILVER,25-34,Tanger
CUST00745,2025-09-01,REGULAR,SILVER,18-24,Marrakech
CUST00746,2024-05-28,REGULAR,BRONZE,18-24,Rabat
CUST00747,2023-02-24,VIP,GOLD,45-54,Casablanca
CUST00748,2025-11-30,REGULAR,SILVER,25-34,Kenitra
CUST00749,2024-12-04,REGULAR,BRONZE,25-34,Fes
CUST00750,2025-02-09,REGULAR,BRONZE,25-34,Casablanca
CUST00751,2023-12-03,REGULAR,BRONZE,35-44,Agadir
CUST00752,2025-10-01,REGULAR,SILVER,25-34,Marrakech
CUST00753,2025-10-10,REGULAR,SILVER,18-24,Tanger
CUST00754,2023-04-03,NEW,BRONZE,45-54,Tanger
CUST00755,2024-11-29,REGULAR,SILVER,25-34,Kenitra
CUST00756,2024-04-25,REGULAR,BRONZE,18-24,Tanger
CUST00757,2024-10-29,NEW,BRONZE,55+,KENITRA
CUST00758,2025-02-12,REGULAR,SILVER,25-34,Tanger
CUST00759,2025-10-14,REGULAR,SILVER,25-34,Marrakech
CUST00760,2023-06-04,REGULAR,BRONZE,25-34,Kenitra
CUST00761,2024-04-07,REGULAR,BRONZE,45-54,Marrakech
CUST00762,2025-08-31,REGULAR,SILVER,25-34,Agadir
CUST00763,2024-10-03,NEW,BRONZE,35-44,Marrakech
CUST00764,2023-02-08,REGULAR,BRONZE,55+,Casablanca
CUST00765,2024-07-02,VIP,SILVER,25-34,Marrakech
CUST00766,2024-09-06,REGULAR,SILVER,25-34,Tanger
CUST00767,2025-04-24,NEW,BRONZE,25-34,Kenitra
CUST00768,2023-11-04,NEW,BRONZE,25-34,Fes
CUST00769,2023-03-17,NEW,BRONZE,35-44,Rabat
CUST00770,2023-12-27,REGULAR,BRONZE,25-34,tanger
CUST00771,2023-05-11,VIP,GOLD,55+,Agadir
CUST00772,2023-10-15,NEW,BRONZE,18-24,Fes
CUST00773,2024-10-03,REGULAR,SILVER,25-34,Fes
CUST00774,2024-07-16,REGULAR,SILVER,18-24,Fes
CUST00775,2025-05-17,REGULAR,BRONZE,35-44,Tanger
CUST00776,2024-09-23,NEW,BRONZE,25-34,Agadir
CUST00777,2025-02-26,REGULAR,SILVER,25-34,Marrakech
CUST00778,2025-03-15,VIP,GOLD,25-34,Rabat
CUST00779,2023-11-25,VIP,GOLD,45-54,Tanger
CUST00780,2025-10-03,REGULAR,SILVER,18-24,Agadir
CUST00781,2023-11-25,REGULAR,BRONZE,35-44,Fes
CUST00782,2025-07-17,REGULAR,BRONZE,18-24,Agadir
CUST00783,2024-02-14,REGULAR,SILVER,55+,Rabat
CUST00784,2023-09-24,REGULAR,SILVER,25-34,Fes
CUST00785,2024-11-01,REGULAR,BRONZE,25-34,Fes
CUST00786,2024-04-04,NEW,BRONZE,35-44,Rabat
CUST00787,2023-12-12,NEW,BRONZE,55+,Casablanca
CUST00788,2023-08-29,NEW,BRONZE,35-44,Tanger
CUST00789,2024-01-26,VIP,GOLD,45-54,Agadir
CUST00790,2024-03-17,VIP,SILVER,18-24,Fes
CUST00791,2024-06-20,NEW,BRONZE,18-24,Kenitra
CUST00792,2025-08-18,NEW,BRONZE,25-34,Agadir
CUST00793,2024-06-08,NEW,BRONZE,25-34,Kenitra
CUST00794,2023-04-04,NEW,BRONZE,45-54,Fes
CUST00795,2023-03-26,REGULAR,SILVER,25-34,Marrakech
CUST00796,2023-07-03,REGULAR,SILVER,18-24,Kenitra
CUST00797,2024-07-29,REGULAR,SILVER,25-34,Kenitra
CUST00798,2024-10-03,REGULAR,BRONZE,25-34,Agadir
CUST00799,2025-06-20,NEW,BRONZE,25-34,Casablanca
CUST00800,2025-08-14,REGULAR,SILVER,25-34,Fes
CUST00801,2025-10-06,NEW,BRONZE,25-34,Kenitra
CUST00802,2023-12-11, REGULAR ,SILVER,25-34,Marrakech
CUST00803,2023-06-07,NEW,BRONZE,35-44,Kenitra
CUST00804,2025-03-18,REGULAR,BRONZE,35-44,Casablanca
CUST00805,2025-09-09,REGULAR,SILVER,55+,Kenitra
CUST00806,2024-10-27,VIP,SILVER,25-34,Tanger
CUST00807,2023-04-24,REGULAR,SILVER,45-54,Fes
CUST00808,2025-03-27,NEW,BRONZE,45-54,Fes
CUST00809,2023-11-12,NEW,BRONZE,35-44,Agadir
CUST00810,2023-09-26,REGULAR,BRONZE,25-34,Marrakech
CUST00811,2024-07-03,REGULAR,SILVER,25-34,Tanger
CUST00812,2025-05-22,NEW,BRONZE,25-34,Agadir
CUST00813,2025-10-11,REGULAR,BRONZE,25-34,Fes
CUST00814,2023-11-01,VIP,SILVER,35-44,Marrakech
CUST00815,2023-04-03,REGULAR,SILVER,45-54,Rabat
CUST00816,2024-12-28,NEW,BRONZE,45-54,Rabat
CUST00817,2025-03-15,NEW,BRONZE,35-44,Kenitra
CUST00818,2024-06-26,REGULAR,BRONZE,25-34,Casablanca
CUST00819,2023-08-06,REGULAR,BRONZE,25-34,Fes
CUST00820,2025-04-09,VIP,GOLD,35-44,Marrakech
CUST00821,2025-03-19,REGULAR,BRONZE,35-44,casablanca
CUST00822,2024-01-21,VIP,GOLD,45-54,Agadir
CUST00823,2024-01-26,NEW,BRONZE,55+,Fes
CUST00824,2025-06-30,VIP,SILVER,25-34,Tanger
CUST00825,2025-03-13,NEW,BRONZE,25-34,Agadir
CUST00826,2025-10-12,REGULAR,SILVER,35-44,Fes
CUST00827,2025-09-26,NEW,BRONZE,25-34,Fes
CUST00828,2025-05-04,VIP,GOLD,35-44,Marrakech
CUST00829,2023-02-12,NEW,BRONZE,35-44,Kenitra
CUST00830,2024-11-25,VIP,SILVER,25-34,Kenitra
CUST00831,2025-01-07,REGULAR,BRONZE,25-34,Kenitra
CUST00832,2023-12-21,NEW,BRONZE,25-34,Tanger
CUST00833,2024-03-04,REGULAR,BRONZE,45-54,Kenitra
CUST00834,2025-10-28,NEW,BRONZE,35-44,Fes
CUST00835,2025-09-23,NEW,BRONZE,25-34,Tanger
CUST00836,2023-11-06,VIP,SILVER,45-54,Fes
CUST00837,2023-08-05,REGULAR,BRONZE,45-54,Marrakech
CUST00838,2025-01-10,NEW,BRONZE,18-24,Tanger
CUST00839,2025-01-14,REGULAR,BRONZE,45-54,Tanger
CUST00840,2023-01-14,NEW,BRONZE,25-34,Kenitra
CUST00841,2025-04-29,REGULAR,BRONZE,25-34,Tanger
CUST00842,2025-05-28,REGULAR,SILVER,55+,Tanger
CUST00843,2025-06-25,NEW,BRONZE,45-54,Rabat
CUST00844,2025-06-07,NEW,BRONZE,35-44,Marrakech
CUST00845,2025-11-30,VIP,GOLD,35-44,Agadir
CUST00846,2024-10-04,VIP,GOLD,25-34,Marrakech
CUST00847,2024-02-25,VIP,GOLD,25-34,Tanger
CUST00848,2024-09-09,NEW,BRONZE,35-44,Agadir
CUST00849,2024-08-04,NEW,BRONZE,45-54,Tanger
CUST00850,2024-06-13,NEW,BRONZE,25-34,Marrakech
CUST00851,2025-11-05,REGULAR,BRONZE,25-34,Fes
CUST00852,2024-04-28,REGULAR,BRONZE,35-44,Kenitra
CUST00853,2023-10-14,REGULAR,BRONZE,45-54,Kenitra
CUST00854,2025-07-19,NEW,BRONZE,18-24,Rabat
CUST00855,2024-03-15,REGULAR,SILVER,45-54,Marrakech
CUST00856,2025-10-18,REGULAR,SILVER,18-24,Agadir
CUST00857,2023-09-18,REGULAR,SILVER,35-44,Agadir
CUST00858,2025-07-21,REGULAR,BRONZE,18-24,Rabat
CUST00859,2024-08-16,NEW,BRONZE,25-34,Kenitra
CUST00860,2023-02-27,REGULAR,BRONZE,25-34,Rabat
CUST00861,2024-01-10,REGULAR,SILVER,18-24,Rabat
CUST00862,2025-09-12,REGULAR,SILVER,45-54,Tanger
CUST00863,2023-09-29,REGULAR,SILVER,25-34,Agadir
CUST00864,2025-04-18,REGULAR,SILVER,25-34,Marrakech
CUST00865,2024-07-22,REGULAR,BRONZE,25-34,Marrakech
CUST00866,2023-09-11,REGULAR,BRONZE,55+,Marrakech
CUST00867,2025-12-04,NEW,BRONZE,55+,Rabat
CUST00868,2024-07-17,REGULAR,BRONZE,25-34,Rabat
CUST00869,2023-04-03,REGULAR,BRONZE,35-44,Fes
CUST00870,2025-02-21,NEW,BRONZE,25-34,Marrakech
CUST00871,2023-07-03,NEW,BRONZE,18-24,Rabat
CUST00872,2023-04-30,REGULAR,BRONZE,25-34,Casablanca
CUST00873,2023-09-05,NEW,BRONZE,55+,Fes
CUST00874,2024-07-05,NEW,BRONZE,25-34,Rabat
CUST00875,2023-02-08,NEW,BRONZE,25-34,Tanger
CUST00876,2025-04-13,REGULAR,BRONZE,25-34,Kenitra
CUST00877,2025-05-17,VIP,SILVER,35-44,Rabat
CUST00878,2023-12-09,NEW,BRONZE,55+,Marrakech
CUST00879,2024-03-11,REGULAR,SILVER,25-34,Casablanca
CUST00880,2025-03-20,REGULAR,BRONZE,45-54,Fes
CUST00881,2024-12-02,REGULAR,SILVER,25-34,Casablanca
CUST00882,2024-11-03,NEW,BRONZE,35-44,Marrakech
CUST00883,2025-04-26,REGULAR,SILVER,35-44,Marrakech
CUST00884,2023-03-05,VIP,SILVER,35-44,Kenitra
CUST00885,2025-03-03,NEW,BRONZE,18-24,Fes
CUST00886,2023-02-10,REGULAR,SILVER,45-54,Rabat
CUST00887,2024-03-28,NEW,BRONZE,35-44,Rabat
CUST00888,2024-03-04,NEW,BRONZE,25-34,Tanger
CUST00889,2024-02-01,REGULAR,BRONZE,25-34,Marrakech
CUST00890,2024-04-11,VIP,SILVER,35-44,Tanger
CUST00891,2025-12-27,REGULAR,SILVER,18-24,Fes
CUST00892,2024-10-23,REGULAR,SILVER,25-34,Rabat
CUST00893,2023-03-31,VIP,SILVER,25-34,Kenitra
CUST00894,2025-03-13,NEW,BRONZE,55+,Agadir
CUST00895,2024-05-26,NEW,BRONZE,25-34,Rabat
CUST00896,2023-02-19,REGULAR,SILVER,25-34,Casablanca
CUST00897,2023-04-22,REGULAR,BRONZE,18-24,Tanger
CUST00898,2025-07-03,REGULAR,BRONZE,35-44,Rabat
CUST00899,2023-09-19,NEW,BRONZE,18-24,Kenitra
CUST00900,2023-04-25,REGULAR,SILVER,25-34,Fes
CUST00901,2023-01-22,REGULAR,SILVER,55+,Marrakech
CUST00902,2023-02-23,REGULAR,SILVER,18-24,Rabat
CUST00903,2024-02-01,VIP,GOLD,25-34,Kenitra
CUST00904,2024-05-12,NEW,BRONZE,55+,Casablanca
CUST00905,2025-01-02,REGULAR,BRONZE,25-34,Fes
CUST00906,2023-01-17,REGULAR,BRONZE,45-54,Casablanca
CUST00907,2025-05-14,REGULAR,BRONZE,25-34,Tanger
CUST00908,2025-08-15,REGULAR,SILVER,18-24,Marrakech
CUST00909,2023-03-28,REGULAR,BRONZE,25-34,Agadir
CUST00910,2024-11-09,REGULAR,SILVER,25-34,Fes
CUST00911,2023-06-01,REGULAR,BRONZE,55+,Kenitra
CUST00912,2025-01-07,NEW,BRONZE,25-34,Casablanca
CUST00913,2023-12-23,REGULAR,BRONZE,18-24,CASABLANCA
CUST00914,2023-10-09,REGULAR,BRONZE,45-54,Casablanca
CUST00915,2023-12-17,VIP,SILVER,45-54,Rabat
CUST00916,2024-01-28,REGULAR,SILVER,55+,Marrakech
CUST00917,2024-01-23,VIP,SILVER,25-34,Kenitra
CUST00918,2023-09-16,VIP,SILVER,35-44,Agadir
CUST00919,2023-05-13,NEW,BRONZE,35-44,Fes
CUST00920,2025-12-12,REGULAR,SILVER,45-54,Kenitra
CUST00921,2023-03-16,NEW,BRONZE,25-34,Tanger
CUST00922,2025-02-11,REGULAR,SILVER,25-34,Marrakech
CUST00923,2025-11-28,REGULAR,BRONZE,25-34,Marrakech
CUST00924,2025-04-17,REGULAR,SILVER,25-34,Kenitra
CUST00925,2023-06-05,REGULAR,BRONZE,18-24,Tanger
CUST00926,2024-07-20,VIP,SILVER,25-34,Rabat
CUST00927,2024-11-05,NEW,BRONZE,45-54,Agadir
CUST00928,2024-06-18,NEW,BRONZE,55+,Tanger
CUST00929,2023-01-25,REGULAR,BRONZE,25-34,Casablanca
CUST00930,2025-11-22,REGULAR,SILVER,25-34,Kenitra
CUST00931,2025-05-05,NEW,BRONZE,25-34,Kenitra
CUST00932,2023-01-20,REGULAR,SILVER,25-34,Casablanca
CUST00933,2024-09-05,REGULAR,BRONZE,25-34,Casablanca
CUST00934,2025-03-11,VIP,GOLD,18-24,Rabat
CUST00935,2025-07-13,REGULAR,SILVER,18-24,Casablanca
CUST00936,2025-09-27,NEW,BRONZE,35-44,Fes
CUST00937,2023-05-24,REGULAR,SILVER,25-34,Casablanca
CUST00938,2023-08-15,NEW,BRONZE,45-54,Agadir
CUST00939,2023-09-24,VIP,GOLD,35-44,Tanger
CUST00940,2024-09-27,REGULAR,SILVER,45-54,casablanca
CUST00941,2024-05-20,REGULAR,SILVER,25-34,Fes
CUST00942,2025-07-23,REGULAR,SILVER,25-34,Marrakech
CUST00943,2024-01-03,VIP,GOLD,35-44,Fes
CUST00944,2025-03-16,REGULAR,BRONZE,35-44,Tanger
CUST00945,2023-05-17,REGULAR,BRONZE,55+,Fes
CUST00946,2023-06-06,REGULAR,SILVER,18-24,Fes
CUST00947,2023-02-24,NEW,BRONZE,25-34,Kenitra
CUST00948,2023-01-22,NEW,BRONZE,18-24,Agadir
CUST00949,2024-05-11,REGULAR,SILVER,25-34,Fes
CUST00950,2023-02-06,REGULAR,BRONZE,18-24,Rabat
CUST00951,2023-01-23,REGULAR,BRONZE,45-54,Kenitra
CUST00952,2025-12-26,NEW,BRONZE,35-44,Fes
CUST00953,2023-04-10,REGULAR,BRONZE,18-24,Kenitra
CUST00954,2023-02-27,VIP,SILVER,45-54,Agadir
CUST00955,2023-12-10,REGULAR,BRONZE,35-44,Marrakech
CUST00956,2024-01-24,REGULAR,SILVER,25-34,Rabat
CUST00957,2023-01-31,REGULAR,SILVER,35-44,Fes
CUST00958,2024-07-24,REGULAR,SILVER,45-54,Rabat
CUST00959,2025-10-20,VIP,SILVER,55+,Kenitra
CUST00960,2025-03-06,REGULAR,BRONZE,25-34,Casablanca
CUST00961,2025-09-14,NEW,BRONZE,35-44,Fes
CUST00962,2023-01-28,NEW,BRONZE,35-44,Casablanca
CUST00963,2023-05-03,NEW,BRONZE,18-24,Casablanca
CUST00964,2025-06-27,REGULAR,SILVER,18-24,Kenitra
CUST00965,2025-04-29,REGULAR,SILVER,25-34,Casablanca
CUST00966,2023-04-21,VIP,SILVER,25-34,Marrakech
CUST00967,2023-01-13,NEW,BRONZE,55+,Casablanca
CUST00968,2023-09-15,NEW,BRONZE,25-34,Marrakech
CUST00969,2024-02-09,NEW,BRONZE,35-44,Kenitra
CUST00970,2024-07-10,VIP,SILVER,25-34,Kenitra
CUST00971,2025-10-31,REGULAR,SILVER,45-54,Tanger
CUST00972,2025-05-25,VIP,SILVER,25-34,Marrakech
CUST00973,2025-07-17,REGULAR,SILVER,25-34,Kenitra
CUST00974,2024-01-24,NEW,BRONZE,55+,Fes
CUST00975,2025-02-03,REGULAR,SILVER,18-24,Fes
CUST00976,2023-11-29,NEW,BRONZE,35-44,Tanger
CUST00977,2025-09-27,REGULAR,SILVER,25-34,Agadir
CUST00978,2025-09-05,NEW,BRONZE,35-44,Agadir
CUST00979,2023-10-29,NEW,BRONZE,55+,Rabat
CUST00980,2025-03-25,REGULAR,BRONZE,35-44,Fes
CUST00981,2025-10-22,VIP,GOLD,35-44,Agadir
CUST00982,2023-07-02,NEW,BRONZE,25-34,Kenitra
CUST00983,2024-09-22,NEW,BRONZE,25-34,Rabat
CUST00984,2025-05-03,REGULAR,SILVER,25-34,Casablanca
CUST00985,2024-01-08,REGULAR,BRONZE,18-24,Marrakech
CUST00986,2024-01-10,REGULAR,BRONZE,35-44,Tanger
CUST00987,2023-12-07,NEW,BRONZE,35-44,Rabat
CUST00988,2025-09-05,REGULAR,BRONZE,35-44,Rabat
CUST00989,2023-03-27,NEW,BRONZE,25-34,Marrakech
CUST00990,2025-09-22,REGULAR,SILVER,55+,Kenitra
CUST00991,2024-05-05,VIP,GOLD,25-34,Marrakech
CUST00992,2023-07-25,NEW,BRONZE,25-34,Rabat
CUST00993,2024-05-24,REGULAR,SILVER,55+,Agadir
CUST00994,2024-10-21,NEW,BRONZE,25-34,Tanger
CUST00995,2025-09-19,REGULAR,BRONZE,25-34,Fes
CUST00996,2023-07-25,REGULAR,SILVER,35-44,Agadir
CUST00997,2025-10-30,NEW,BRONZE,55+,Kenitra
CUST00998,2025-08-14,NEW,BRONZE,25-34,Fes
CUST00999,2023-07-03,NEW,BRONZE,25-34,Kenitra
CUST01000,2024-06-11,REGULAR,BRONZE,45-54,Marrakech
CUST01001,2024-11-12,VIP,GOLD,35-44,Fes
CUST01002,2025-06-13,REGULAR,BRONZE,25-34,Rabat
CUST01003,2024-01-21,REGULAR,BRONZE,35-44,Casablanca
CUST01004,2023-01-04,REGULAR,BRONZE,35-44,Fes
CUST01005,2023-09-16,REGULAR,BRONZE,45-54,FES
CUST01006,2024-08-30,REGULAR,SILVER,35-44,Casablanca
CUST01007,2023-03-12,REGULAR,SILVER,25-34,Kenitra
CUST01008,2024-03-17,REGULAR,SILVER,25-34,Tanger
CUST01009,2024-04-05,REGULAR,BRONZE,55+,Tanger
CUST01010,2023-11-23,VIP,GOLD,45-54,Fes
CUST01011,2025-03-11,NEW,BRONZE,35-44,Agadir
CUST01012,2023-07-19,NEW,BRONZE,25-34,Fes
CUST01013,2025-09-15,REGULAR,BRONZE,35-44,Casablanca
CUST01014,2025-01-11,REGULAR,BRONZE,45-54,Fes
CUST01015,2023-04-26,NEW,BRONZE,25-34,Rabat
CUST01016,2025-06-07,VIP,SILVER,25-34,Rabat
CUST01017,2023-12-20,REGULAR,SILVER,25-34,Tanger
CUST01018,2025-06-30,REGULAR,BRONZE,55+,Rabat
CUST01019,2024-04-05,NEW,BRONZE,25-34,Agadir
CUST01020,2025-09-18,VIP,GOLD,35-44,Marrakech
CUST01021,2024-01-14,REGULAR,BRONZE,35-44,Marrakech
CUST01022,2023-05-11,REGULAR,BRONZE,35-44,Agadir
CUST01023,2024-01-04,NEW,BRONZE,35-44,Rabat
CUST01024,2023-06-29,REGULAR,BRONZE,35-44,Rabat
CUST01025,2025-05-16,VIP,SILVER,55+,Kenitra
CUST01026,2024-08-23,REGULAR,SILVER,55+,Marrakech
CUST01027,2024-12-22,REGULAR,BRONZE,25-34,Agadir
CUST01028,2024-09-05,VIP,SILVER,25-34,Marrakech
CUST01029,2025-05-14,NEW,BRONZE,25-34,Fes
CUST01030,2024-06-04,REGULAR,BRONZE,35-44,Rabat
CUST01031,2024-01-30,REGULAR,BRONZE,25-34,Tanger
CUST01032,2023-02-23,VIP,SILVER,35-44,Kenitra
CUST01033,2023-05-16,REGULAR,BRONZE,45-54,Kenitra
CUST01034,2024-07-14,NEW,BRONZE,18-24,Fes
CUST01035,2025-12-14,REGULAR,SILVER,45-54,Rabat
CUST01036,2024-07-09,REGULAR,BRONZE,25-34,Kenitra
CUST01037,2025-12-24, REGULAR ,SILVER,35-44,Marrakech
CUST01038,2023-09-16,NEW,BRONZE,45-54,Agadir
CUST01039,2025-05-06,REGULAR,BRONZE,25-34,Kenitra
CUST01040,2025-05-26,REGULAR,BRONZE,25-34,Agadir
CUST01041,2024-10-02,REGULAR,BRONZE,35-44,Agadir
CUST01042,2023-06-23,REGULAR,SILVER,18-24,Fes
CUST01043,2025-10-16,REGULAR,BRONZE,45-54,Rabat
CUST01044,2025-05-20,REGULAR,SILVER,55+,Agadir
CUST01045,2025-12-17,REGULAR,BRONZE,35-44,Casablanca
CUST01046,2024-04-05,NEW,BRONZE,35-44,Marrakech
CUST01047,2023-12-16,REGULAR,BRONZE,45-54,Agadir
CUST01048,2023-08-30,REGULAR,SILVER,35-44,Kenitra
CUST01049,2024-03-21,VIP,GOLD,18-24,Marrakech
CUST01050,2025-07-31,REGULAR,SILVER,25-34,Rabat
CUST01051,2023-01-19,NEW,BRONZE,25-34,Rabat
CUST01052,2025-09-25,NEW,BRONZE,25-34,Fes
CUST01053,2024-01-09,REGULAR,SILVER,18-24,Fes
CUST01054,2025-06-07,NEW,BRONZE,25-34,Casablanca
CUST01055,2024-11-09,VIP,SILVER,18-24,Fes
CUST01056,2025-09-28,REGULAR,BRONZE,35-44,Tanger
CUST01057,2025-03-07,NEW,BRONZE,45-54,Casablanca
CUST01058,2024-04-29,NEW,BRONZE,25-34,Marrakech
CUST01059,2025-09-22,NEW,BRONZE,25-34,Marrakech
CUST01060,2023-08-24,VIP,GOLD,18-24,Casablanca
CUST01061,2025-10-25,REGULAR,BRONZE,25-34,Casablanca
CUST01062,2024-01-29,VIP,SILVER,25-34,Marrakech
CUST01063,2025-12-11,REGULAR,BRONZE,25-34,Kenitra
CUST01064,2023-04-16,REGULAR,SILVER,25-34,Kenitra
CUST01065,2023-04-08,NEW,BRONZE,25-34,Agadir
CUST01066,2023-07-26,REGULAR,SILVER,35-44,Kenitra
CUST01067,2023-09-24,REGULAR,SILVER,25-34,Casablanca
CUST01068,2023-08-06,NEW,BRONZE,45-54,Marrakech
CUST01069,2024-01-31,REGULAR,BRONZE,25-34,Marrakech
CUST01070,2024-02-18,REGULAR,BRONZE,25-34,Casablanca
CUST01071,2024-12-12,VIP,SILVER,55+,Fes
CUST01072,2025-10-28,REGULAR,BRONZE,55+,Agadir
CUST01073,2023-05-05,REGULAR,BRONZE,55+,Fes
CUST01074,2023-12-05,REGULAR,SILVER,18-24,Fes
CUST01075,2024-03-22,REGULAR,BRONZE,25-34,Marrakech
CUST01076,2024-03-27,REGULAR,SILVER,25-34,Casablanca
CUST01077,2023-10-31,VIP,SILVER,55+,Kenitra
CUST01078,2024-03-06,REGULAR,BRONZE,18-24,Agadir
CUST01079,2024-06-24,REGULAR,SILVER,18-24,Kenitra
CUST01080,2024-12-29,NEW,BRONZE,55+,Kenitra
CUST01081,2023-08-06,REGULAR,SILVER,25-34,Tanger
CUST01082,2025-06-24,NEW,BRONZE,25-34,Marrakech
CUST01083,2025-07-02,NEW,BRONZE,25-34,Casablanca
CUST01084,2024-01-14,REGULAR,BRONZE,35-44,Marrakech
CUST01085,2023-02-13,REGULAR,BRONZE,18-24,Agadir
CUST01086,2024-05-17,REGULAR,SILVER,45-54,Agadir
CUST01087,2023-07-24,REGULAR,BRONZE,18-24, Tanger 
CUST01088,2023-06-21,NEW,BRONZE,25-34,Tanger
CUST01089,2023-06-24,NEW,BRONZE,25-34,Tanger
CUST01090,2023-04-25,REGULAR,SILVER,25-34,Rabat
CUST01091,2025-11-13,VIP,SILVER,25-34,Rabat
CUST01092,2023-10-29,REGULAR,SILVER,45-54,Agadir
CUST01093,2023-08-19,REGULAR,BRONZE,18-24,Rabat
CUST01094,2024-11-14,NEW,BRONZE,25-34,Marrakech
CUST01095,2024-01-07,REGULAR,BRONZE,18-24,Marrakech
CUST01096,2025-10-19,REGULAR,SILVER,18-24,tanger
CUST01097,2023-10-30,REGULAR,SILVER,25-34,Rabat
CUST01098,2023-07-05,REGULAR,BRONZE,25-34,Tanger
CUST01099,2025-04-27,REGULAR,SILVER,25-34,Tanger
CUST01100,2025-10-15,REGULAR,SILVER,35-44,Fes
CUST01101,2024-03-25,REGULAR,BRONZE,25-34,Rabat
CUST01102,2025-08-28,VIP,SILVER,45-54,Kenitra
CUST01103,2023-10-13,REGULAR,BRONZE,45-54,Casablanca
CUST01104,2023-08-29,VIP,GOLD,25-34,Agadir
CUST01105,2023-08-06,REGULAR,BRONZE,18-24,Tanger
CUST01106,2023-10-17,NEW,BRONZE,45-54,Marrakech
CUST01107,2025-08-20,REGULAR,SILVER,35-44,Fes
CUST01108,2023-01-28,REGULAR,BRONZE,35-44,Agadir
CUST01109,2023-01-23,REGULAR,SILVER,35-44,Marrakech
CUST01110,2024-09-18,REGULAR,SILVER,55+,Kenitra
CUST01111,2023-09-14,REGULAR,SILVER,55+,Casablanca
CUST01112,2023-06-08,REGULAR,SILVER,25-34,Kenitra
CUST01113,2023-04-22,REGULAR,SILVER,35-44,Kenitra
CUST01114,2024-11-18,NEW,BRONZE,18-24,Marrakech
CUST01115,2024-09-25,NEW,BRONZE,35-44,Casablanca
CUST01116,2025-09-17,NEW,BRONZE,55+,KENITRA
CUST01117,2025-10-21,NEW,BRONZE,25-34,Casablanca
CUST01118,2025-10-28,NEW,BRONZE,45-54,Marrakech
CUST01119,2023-03-18,REGULAR,BRONZE,35-44,Rabat
CUST01120,2024-03-17,REGULAR,BRONZE,35-44,Marrakech
CUST01121,2024-11-30,REGULAR,BRONZE,25-34,Kenitra
CUST01122,2025-03-04,NEW,BRONZE,45-54,Marrakech
CUST01123,2023-10-20,REGULAR,SILVER,55+,Fes
CUST01124,2023-11-27,NEW,BRONZE,25-34,Rabat
CUST01125,2025-08-27,VIP,SILVER,25-34,Rabat
CUST01126,2024-08-10,REGULAR,BRONZE,25-34,Kenitra
CUST01127,2023-06-20,REGULAR,SILVER,18-24,Agadir
CUST01128,2024-05-16,REGULAR,BRONZE,35-44,Tanger
CUST01129,2023-05-30,NEW,BRONZE,55+,Kenitra
CUST01130,2025-08-10,NEW,BRONZE,25-34,Fes
CUST01131,2024-10-11,REGULAR,SILVER,25-34,Agadir
CUST01132,2023-11-15,VIP,SILVER,45-54,Kenitra
CUST01133,2023-05-08,VIP,GOLD,18-24,Fes
CUST01134,2025-05-16,NEW,BRONZE,25-34,Casablanca
CUST01135,2025-07-13,VIP,GOLD,55+,Casablanca
CUST01136,2024-12-01,VIP,SILVER,25-34,Casablanca
CUST01137,2023-11-26,VIP,GOLD,35-44,Agadir
CUST01138,2024-02-11,NEW,BRONZE,45-54,Agadir
CUST01139,2024-10-10,NEW,BRONZE,55+,Fes
CUST01140,2025-04-12,NEW,BRONZE,35-44,Tanger
CUST01141,2023-07-19,NEW,BRONZE,25-34,Agadir
CUST01142,2024-12-13,New,BRONZE,35-44,Kenitra
CUST01143,2023-09-13,REGULAR,SILVER,25-34,Fes
CUST01144,2024-11-18,NEW,BRONZE,25-34,Fes
CUST01145,2025-06-11,REGULAR,SILVER,45-54,Agadir
CUST01146,2023-06-29,REGULAR,BRONZE,45-54,AGADIR
CUST01147,2023-07-24,REGULAR,BRONZE,25-34,Tanger
CUST01148,2025-02-19,NEW,BRONZE,25-34,Kenitra
CUST01149,2025-03-21,NEW,BRONZE,25-34,Marrakech
CUST01150,2025-04-29,REGULAR,BRONZE,45-54,rabat
CUST01151,2025-11-28,REGULAR,SILVER,25-34,Casablanca
CUST01152,2025-03-12,NEW,BRONZE,55+,Tanger
CUST01153,2025-03-10,VIP,GOLD,18-24,Kenitra
CUST01154,2023-09-16,REGULAR,SILVER,25-34,Tanger
CUST01155,2023-07-11,NEW,BRONZE,55+,Rabat
CUST01156,2025-02-22,NEW,BRONZE,25-34,Agadir
CUST01157,2024-03-30,REGULAR,BRONZE,18-24,Tanger
CUST01158,2023-10-22,REGULAR,BRONZE,18-24,Fes
CUST01159,2024-06-20,VIP,SILVER,25-34,Fes
CUST01160,2023-07-26,REGULAR,BRONZE,25-34,Rabat
CUST01161,2025-05-09,REGULAR,SILVER,55+,Tanger
CUST01162,2023-03-06,NEW,BRONZE,18-24,Fes
CUST01163,2025-12-04,REGULAR,BRONZE,35-44,Marrakech
CUST01164,2023-11-09,NEW,BRONZE,18-24,Casablanca
CUST01165,2023-09-17,NEW,BRONZE,25-34,Rabat
CUST01166,2025-10-12,REGULAR,SILVER,45-54,Kenitra
CUST01167,2024-07-29,VIP,GOLD,25-34,Casablanca
CUST01168,2025-07-02,REGULAR,SILVER,25-34,Marrakech
CUST01169,2024-12-23,REGULAR,BRONZE,25-34,Casablanca
CUST01170,2025-04-19,REGULAR,SILVER,25-34,Rabat
CUST01171,2024-01-16,REGULAR,BRONZE,25-34,Agadir
CUST01172,2023-01-20,REGULAR,BRONZE,45-54,Casablanca
CUST01173,2023-05-16,REGULAR,BRONZE,55+,Rabat
CUST01174,2023-06-03,REGULAR,SILVER,18-24,Kenitra
CUST01175,2025-10-08,REGULAR,SILVER,25-34,Rabat
CUST01176,2025-02-23,NEW,BRONZE,55+,Rabat
CUST01177,2025-08-03,REGULAR,SILVER,35-44,Marrakech
CUST01178,2023-05-23,REGULAR,SILVER,18-24,Kenitra
CUST01179,2024-10-03,REGULAR,BRONZE,45-54,Kenitra
CUST01180,2023-09-06,regular,BRONZE,55+,Casablanca
CUST01181,2025-06-11,NEW,BRONZE,55+,Agadir
CUST01182,2023-01-11,VIP,GOLD,25-34,Tanger
CUST01183,2024-06-24,REGULAR,SILVER,25-34,Agadir
CUST01184,2023-09-16,REGULAR,BRONZE,35-44,Agadir
CUST01185,2025-09-05,REGULAR,SILVER,25-34,Tanger
CUST01186,2024-08-29,REGULAR,SILVER,35-44,Agadir
CUST01187,2023-06-03,VIP,SILVER,25-34,Rabat
CUST01188,2025-09-25,NEW,BRONZE,35-44,Tanger
CUST01189,2025-10-30,NEW,BRONZE,35-44,Kenitra
CUST01190,2024-02-20,REGULAR,BRONZE,55+,Kenitra
CUST01191,2023-07-29,NEW,BRONZE,18-24,CASABLANCA
CUST01192,2025-12-23,REGULAR,SILVER,25-34,Marrakech
CUST01193,2025-10-25,REGULAR,SILVER,35-44,Fes
CUST01194,2025-05-15,NEW,BRONZE,35-44,Casablanca
CUST01195,2025-06-06,NEW,BRONZE,18-24,Rabat
CUST01196,2024-06-29,NEW,BRONZE,25-34,Casablanca
CUST01197,2025-03-15,NEW,BRONZE,35-44,Casablanca
CUST01198,2024-08-12,REGULAR,BRONZE,35-44,Marrakech
CUST01199,2024-05-03,NEW,BRONZE,55+,Casablanca
CUST01200,2025-08-29,REGULAR,BRONZE,45-54,Kenitra
CUST01201,2023-01-20,REGULAR,SILVER,18-24,Fes
CUST01202,2023-02-05,REGULAR,SILVER,45-54,Marrakech
CUST01203,2023-07-24,REGULAR,SILVER,25-34,Fes
CUST01204,2025-09-23,NEW,BRONZE,45-54,Tanger
CUST01205,2025-09-18,NEW,BRONZE,18-24,Fes
CUST01206,2025-10-16,NEW,BRONZE,55+,Casablanca
CUST01207,2023-08-10,VIP,SILVER,25-34,Kenitra
CUST01208,2025-05-04,VIP,GOLD,25-34,Casablanca
CUST01209,2023-09-09, REGULAR ,SILVER,18-24,Kenitra
CUST01210,2023-11-04,REGULAR,SILVER,25-34,Kenitra
CUST01211,2025-07-18,New,BRONZE,35-44,Rabat
CUST01212,2023-01-02,NEW,BRONZE,55+,Kenitra
CUST01213,2023-11-14,VIP,SILVER,18-24,Agadir
CUST01214,2024-03-24,NEW,BRONZE,25-34,Tanger
CUST01215,2023-07-20,VIP,GOLD,25-34,Casablanca
CUST01216,2023-10-13,REGULAR,BRONZE,25-34,Casablanca
CUST01217,2024-08-31,REGULAR,SILVER,18-24,Fes
CUST01218,2025-12-14,REGULAR,SILVER,55+,Fes
CUST01219,2025-08-02,NEW,BRONZE,25-34,Rabat
CUST01220,2024-05-11,REGULAR,SILVER,25-34,Marrakech
CUST01221,2025-03-15,NEW,BRONZE,45-54,Tanger
CUST01222,2023-06-23,NEW,BRONZE,25-34,Marrakech
CUST01223,2024-11-09,VIP,SILVER,45-54,Agadir
CUST01224,2025-10-11,NEW,BRONZE,18-24,Agadir
CUST01225,2025-09-20,REGULAR,BRONZE,35-44, Rabat 
CUST01226,2024-05-21,NEW,BRONZE,55+,Tanger
CUST01227,2024-09-06,REGULAR,BRONZE,35-44,Tanger
CUST01228,2025-06-18,VIP,GOLD,45-54,Casablanca
CUST01229,2024-05-07,NEW,BRONZE,55+,Fes
CUST01230,2025-10-06,REGULAR,SILVER,25-34,Fes
CUST01231,2025-05-20,New,BRONZE,18-24,Rabat
CUST01232,2025-06-29,NEW,BRONZE,18-24,Fes
CUST01233,2023-11-21,REGULAR,BRONZE,25-34,Agadir
CUST01234,2023-11-07,REGULAR,SILVER,45-54,Agadir
CUST01235,2024-09-12,VIP,GOLD,25-34,Fes
CUST01236,2025-11-04,REGULAR,SILVER,25-34,Agadir
CUST01237,2025-04-06,NEW,BRONZE,55+,Casablanca
CUST01238,2025-09-02,REGULAR,BRONZE,45-54,Rabat
CUST01239,2025-05-10,VIP,GOLD,25-34,Rabat
CUST01240,2025-02-05,REGULAR,BRONZE,18-24,Kenitra
CUST01241,2024-02-14,NEW,BRONZE,25-34,Agadir
CUST01242,2025-12-18,REGULAR,BRONZE,18-24, Marrakech 
CUST01243,2023-10-15,VIP,GOLD,25-34,Marrakech
CUST01244,2025-12-17,REGULAR,BRONZE,35-44,Marrakech
CUST01245,2023-10-10,REGULAR,SILVER,18-24,Agadir
CUST01246,2025-11-25,REGULAR,BRONZE,18-24,Casablanca
CUST01247,2024-08-16,VIP,GOLD,25-34,Agadir
CUST01248,2024-08-12,NEW,BRONZE,45-54,Fes
CUST01249,2025-08-22,VIP,SILVER,25-34,Rabat
CUST01250,2023-05-02,NEW,BRONZE,35-44,Casablanca
CUST01251,2023-03-14,REGULAR,BRONZE,45-54,Marrakech
CUST01252,2025-09-07,VIP,SILVER,35-44,Rabat
CUST01253,2025-06-02,REGULAR,BRONZE,25-34,Rabat
CUST01254,2025-02-15,REGULAR,BRONZE,18-24,Rabat
CUST01255,2025-05-24,REGULAR,BRONZE,25-34,Rabat
CUST01256,2024-02-01,Regular,BRONZE,45-54,Casablanca
CUST01257,2023-04-04,VIP,SILVER,25-34,Tanger
CUST01258,2024-08-01,NEW,BRONZE,35-44,Kenitra
CUST01259,2023-06-07,NEW,BRONZE,55+,Agadir
CUST01260,2024-03-27,REGULAR,SILVER,25-34,Tanger
CUST01261,2024-07-01,REGULAR,BRONZE,35-44,Kenitra
CUST01262,2024-07-26,NEW,BRONZE,25-34,Kenitra
CUST01263,2023-10-18,NEW,BRONZE,18-24,Agadir
CUST01264,2023-03-11,NEW,BRONZE,45-54,Tanger
CUST01265,2025-02-25,REGULAR,SILVER,25-34,Fes
CUST01266,2025-06-01,REGULAR,SILVER,55+,Marrakech
CUST01267,2024-11-19,VIP,SILVER,35-44,Tanger
CUST01268,2025-05-25,REGULAR,BRONZE,35-44,Marrakech
CUST01269,2025-08-07,REGULAR,SILVER,25-34,Fes
CUST01270,2023-02-01,REGULAR,SILVER,35-44,Casablanca
CUST01271,2023-03-21,REGULAR,SILVER,45-54,Agadir
CUST01272,2023-01-26,NEW,BRONZE,25-34,Tanger
CUST01273,2025-08-13,NEW,BRONZE,18-24,Agadir
CUST01274,2023-06-12,NEW,BRONZE,25-34,Fes
CUST01275,2025-10-10,NEW,BRONZE,18-24,Tanger
CUST01276,2023-03-20,NEW,BRONZE,55+,Rabat
CUST01277,2024-06-14,VIP,GOLD,25-34,Marrakech
CUST01278,2023-06-08,REGULAR,BRONZE,45-54,Casablanca
CUST01279,2025-05-01,NEW,BRONZE,25-34, Casablanca 
CUST01280,2025-04-15,VIP,GOLD,18-24,Kenitra
CUST01281,2023-11-04,VIP,SILVER,35-44,Marrakech
CUST01282,2025-11-06,REGULAR,SILVER,35-44,Fes
CUST01283,2025-02-19,REGULAR,BRONZE,35-44,Casablanca
CUST01284,2025-05-06,REGULAR,BRONZE,25-34,Marrakech
CUST01285,2024-07-05,NEW,BRONZE,25-34,Kenitra
CUST01286,2025-07-22,REGULAR,BRONZE,25-34,Fes
CUST01287,2024-12-21,REGULAR,BRONZE,45-54,Agadir
CUST01288,2024-04-15,REGULAR,BRONZE,35-44,Tanger
CUST01289,2024-06-17,REGULAR,SILVER,55+,Rabat
CUST01290,2025-10-09,REGULAR,BRONZE,45-54,fes
CUST01291,2025-08-20,REGULAR,BRONZE,55+,Tanger
CUST01292,2023-09-29,REGULAR,SILVER,25-34,Kenitra
CUST01293,2024-08-23,NEW,BRONZE,25-34,Agadir
CUST01294,2025-07-08,VIP,GOLD,35-44,Kenitra
CUST01295,2025-11-09,NEW,BRONZE,25-34,Agadir
CUST01296,2025-11-07,REGULAR,SILVER,35-44,Casablanca
CUST01297,2025-12-11,REGULAR,SILVER,55+,Kenitra
CUST01298,2023-03-27,REGULAR,BRONZE,25-34,Marrakech
CUST01299,2024-12-12,REGULAR,BRONZE,25-34,Kenitra
CUST01300,2024-06-15,VIP,SILVER,35-44,Agadir
CUST01301,2025-11-07,REGULAR,BRONZE,25-34,Marrakech
CUST01302,2023-02-22,REGULAR,SILVER,25-34,Agadir
CUST01303,2023-08-13,REGULAR,BRONZE,18-24,Fes
CUST01304,2024-07-24,REGULAR,BRONZE,35-44,Tanger
CUST01305,2024-10-31,NEW,BRONZE,45-54,Fes
CUST01306,2024-10-06,VIP,GOLD,25-34,Rabat
CUST01307,2023-03-14,VIP,SILVER,25-34,Casablanca
CUST01308,2024-02-05,NEW,BRONZE,18-24,Tanger
CUST01309,2023-07-01,VIP,SILVER,25-34,Fes
CUST01310,2023-12-31,NEW,BRONZE,25-34,Agadir
CUST01311,2024-01-04,VIP,GOLD,25-34,Agadir
CUST01312,2025-01-01,REGULAR,SILVER,45-54,Casablanca
CUST01313,2024-08-11,REGULAR,SILVER,25-34,Casablanca
CUST01314,2024-10-15,REGULAR,SILVER,45-54,Agadir
CUST01315,2025-09-28,REGULAR,BRONZE,45-54,Kenitra
CUST01316,2025-04-17,NEW,BRONZE,25-34,Agadir
CUST01317,2025-03-27,NEW,BRONZE,45-54,Fes
CUST01318,2024-09-23,REGULAR,BRONZE,55+,Marrakech
CUST01319,2024-11-06,NEW,BRONZE,25-34,Tanger
CUST01320,2024-12-23,REGULAR,BRONZE,55+,Marrakech
CUST01321,2025-03-21,VIP,GOLD,25-34,Tanger
CUST01322,2024-05-24,VIP,SILVER,25-34,Tanger
CUST01323,2025-09-20,NEW,BRONZE,25-34,Rabat
CUST01324,2024-07-11,REGULAR,SILVER,45-54,Casablanca
CUST01325,2023-06-06,NEW,BRONZE,55+,Rabat
CUST01326,2023-07-15,REGULAR,SILVER,25-34,Tanger
CUST01327,2025-11-15,REGULAR,SILVER,35-44,Fes
CUST01328,2025-08-23,REGULAR,SILVER,25-34,Casablanca
CUST01329,2025-12-28,REGULAR,SILVER,45-54,Fes
CUST01330,2023-08-10,REGULAR,BRONZE,35-44,Tanger
CUST01331,2024-09-28,REGULAR,BRONZE,25-34,Marrakech
CUST01332,2024-05-26,NEW,BRONZE,25-34,Marrakech
CUST01333,2025-10-07,NEW,BRONZE,35-44,Tanger
CUST01334,2025-04-12,VIP,SILVER,35-44,Tanger
CUST01335,2024-04-27,REGULAR,SILVER,18-24,Rabat
CUST01336,2023-01-28,NEW,BRONZE,18-24,Casablanca
CUST01337,2025-05-18,REGULAR,SILVER,18-24,Agadir
CUST01338,2023-08-29,REGULAR,SILVER,35-44,Marrakech
CUST01339,2023-12-06,NEW,BRONZE,25-34,Marrakech
CUST01340,2024-11-07,VIP,SILVER,25-34,Marrakech
CUST01341,2024-01-03,NEW,BRONZE,18-24,Kenitra
CUST01342,2025-07-28,REGULAR,BRONZE,35-44,Marrakech
CUST01343,2024-04-07,REGULAR,BRONZE,25-34,Kenitra
CUST01344,2024-09-18,REGULAR,SILVER,18-24,Marrakech
CUST01345,2023-11-09,NEW,BRONZE,45-54,Casablanca
CUST01346,2025-02-23,REGULAR,SILVER,55+,Casablanca
CUST01347,2023-07-07,vip,SILVER,45-54,Casablanca
CUST01348,2023-04-17,NEW,BRONZE,45-54,Agadir
CUST01349,2024-05-08,REGULAR,SILVER,35-44,Agadir
CUST01350,2025-12-22,NEW,BRONZE,45-54,Agadir
CUST01351,2025-06-23,REGULAR,SILVER,25-34,Marrakech
CUST01352,2025-01-18,VIP,GOLD,55+,Casablanca
CUST01353,2024-01-27,REGULAR,BRONZE,18-24,Casablanca
CUST01354,2024-09-27,REGULAR,SILVER,18-24,Marrakech
CUST01355,2024-07-17,REGULAR,SILVER,18-24,Agadir
CUST01356,2023-03-04,VIP,GOLD,35-44,Fes
CUST01357,2023-08-01,NEW,BRONZE,18-24,Agadir
CUST01358,2025-05-09,REGULAR,BRONZE,18-24,Fes
CUST01359,2024-07-22,VIP,SILVER,25-34,Kenitra
CUST01360,2023-12-13,VIP,SILVER,35-44,Agadir
CUST01361,2023-05-14,NEW,BRONZE,35-44,Rabat
CUST01362,2025-11-01,REGULAR,BRONZE,25-34,Kenitra
CUST01363,2023-06-26,REGULAR,SILVER,18-24,Rabat
CUST01364,2024-10-12,REGULAR,BRONZE,18-24, Tanger 
CUST01365,2024-05-20,REGULAR,BRONZE,25-34,Kenitra
CUST01366,2023-10-15,REGULAR,SILVER,25-34,Tanger
CUST01367,2024-08-27,NEW,BRONZE,25-34,Rabat
CUST01368,2025-12-07,REGULAR,BRONZE,35-44,Tanger
CUST01369,2025-06-07,REGULAR,SILVER,45-54,Kenitra
CUST01370,2024-07-04,NEW,BRONZE,18-24,Casablanca
CUST01371,2024-01-17,REGULAR,SILVER,55+,Kenitra
CUST01372,2024-10-22,REGULAR,SILVER,35-44,Casablanca
CUST01373,2023-07-25,NEW,BRONZE,18-24,Casablanca
CUST01374,2025-07-23,REGULAR,SILVER,25-34,Fes
CUST01375,2024-11-22,REGULAR,SILVER,45-54,Rabat
CUST01376,2025-11-04,NEW,BRONZE,35-44,Marrakech
CUST01377,2024-09-07,VIP,SILVER,18-24,Casablanca
CUST01378,2023-07-05,REGULAR,BRONZE,35-44,Fes
CUST01379,2024-02-15,VIP,GOLD,25-34,Rabat
CUST01380,2024-05-16,NEW,BRONZE,35-44,Fes
CUST01381,2025-03-18,REGULAR,SILVER,55+,Tanger
CUST01382,2025-03-04,NEW,BRONZE,35-44,Tanger
CUST01383,2025-05-19,REGULAR,BRONZE,18-24,Fes
CUST01384,2023-12-31, REGULAR ,SILVER,45-54,Kenitra
CUST01385,2023-06-08,REGULAR,BRONZE,18-24,Casablanca
CUST01386,2025-02-25,REGULAR,SILVER,25-34,Kenitra
CUST01387,2024-06-18,VIP,SILVER,18-24,Casablanca
CUST01388,2023-06-19,REGULAR,BRONZE,18-24,Tanger
CUST01389,2025-11-04,REGULAR,SILVER,25-34,Fes
CUST01390,2023-04-22,REGULAR,SILVER,35-44,Marrakech
CUST01391,2025-08-27,REGULAR,SILVER,45-54,Tanger
CUST01392,2023-06-13,NEW,BRONZE,45-54,Casablanca
CUST01393,2025-06-09,NEW,BRONZE,18-24,Rabat
CUST01394,2025-01-26,NEW,BRONZE,25-34,Tanger
CUST01395,2024-12-31,REGULAR,SILVER,25-34,Kenitra
CUST01396,2023-03-16,REGULAR,SILVER,35-44,Casablanca
CUST01397,2025-10-07,REGULAR,SILVER,45-54,Fes
CUST01398,2025-12-08,REGULAR,BRONZE,55+,Kenitra
CUST01399,2023-07-27,REGULAR,BRONZE,18-24,Agadir
CUST01400,2024-06-10,REGULAR,BRONZE,55+,Rabat
CUST01401,2025-11-18,REGULAR,BRONZE,55+,Kenitra
CUST01402,2024-07-16,REGULAR,BRONZE,55+,Marrakech
CUST01403,2024-08-06,NEW,BRONZE,25-34,Rabat
CUST01404,2025-08-05,REGULAR,SILVER,25-34,Casablanca
CUST01405,2024-08-12,REGULAR,SILVER,25-34,Agadir
CUST01406,2023-01-26,REGULAR,SILVER,45-54,Tanger
CUST01407,2024-03-07,REGULAR,BRONZE,35-44,Kenitra
CUST01408,2023-06-10,REGULAR,SILVER,25-34,Casablanca
CUST01409,2024-10-07,REGULAR,SILVER,25-34,Casablanca
CUST01410,2025-06-02,REGULAR,BRONZE,25-34,Marrakech
CUST01411,2023-09-27,REGULAR,BRONZE,35-44,Fes
CUST01412,2024-01-01,VIP,GOLD,35-44,Kenitra
CUST01413,2024-10-16,REGULAR,BRONZE,45-54,Marrakech
CUST01414,2025-10-10,REGULAR,SILVER,25-34,Casablanca
CUST01415,2025-12-26,REGULAR,SILVER,35-44,Agadir
CUST01416,2025-05-06,REGULAR,BRONZE,18-24,Casablanca
CUST01417,2025-04-17,VIP,SILVER,18-24,Casablanca
CUST01418,2025-01-28,NEW,BRONZE,35-44,Tanger
CUST01419,2024-05-05,NEW,BRONZE,25-34,Casablanca
CUST01420,2025-08-02,REGULAR,SILVER,35-44,Tanger
CUST01421,2024-11-09,VIP,SILVER,45-54,Fes
CUST01422,2025-04-12,VIP,GOLD,45-54,Rabat
CUST01423,2023-09-05,REGULAR,BRONZE,45-54,Fes
CUST01424,2023-03-23,REGULAR,SILVER,25-34,Tanger
CUST01425,2023-08-17,REGULAR,SILVER,45-54,Agadir
CUST01426,2024-03-06,NEW,BRONZE,25-34,Fes
CUST01427,2024-06-16,REGULAR,SILVER,25-34,Tanger
CUST01428,2023-03-15,REGULAR,BRONZE,25-34,Rabat
CUST01429,2024-08-19,REGULAR,BRONZE,25-34,Fes
CUST01430,2023-09-21,NEW,BRONZE,25-34,Kenitra
CUST01431,2024-09-12,NEW,BRONZE,55+,Kenitra
CUST01432,2025-04-11,REGULAR,BRONZE,25-34,Agadir
CUST01433,2025-02-05,REGULAR,SILVER,45-54,Tanger
CUST01434,2023-01-30,REGULAR,BRONZE,25-34,Casablanca
CUST01435,2023-09-02,REGULAR,SILVER,18-24,Fes
CUST01436,2025-12-09,VIP,GOLD,55+,Agadir
CUST01437,2025-11-05,NEW,BRONZE,25-34,Fes
CUST01438,2024-01-10,REGULAR,BRONZE,55+,Agadir
CUST01439,2024-06-28,REGULAR,BRONZE,55+,Agadir
CUST01440,2025-12-06,REGULAR,BRONZE,25-34,Casablanca
CUST01441,2023-04-15,REGULAR,BRONZE,25-34,Fes
CUST01442,2024-03-16,REGULAR,SILVER,35-44,Marrakech
CUST01443,2025-06-25,REGULAR,BRONZE,25-34,Rabat
CUST01444,2023-12-28,REGULAR,SILVER,25-34,Agadir
CUST01445,2024-07-17,REGULAR,SILVER,25-34,Rabat
CUST01446,2024-10-15,VIP,GOLD,35-44,Casablanca
CUST01447,2023-07-13,VIP,GOLD,25-34,Agadir
CUST01448,2023-08-11,REGULAR,BRONZE,25-34,Marrakech
CUST01449,2024-09-06,VIP,SILVER,45-54,Kenitra
CUST01450,2023-11-20,REGULAR,BRONZE,45-54,Marrakech
CUST01451,2024-07-05,NEW,BRONZE,25-34,Tanger
CUST01452,2024-12-25,REGULAR,SILVER,25-34,Kenitra
CUST01453,2025-04-07,NEW,BRONZE,45-54,Agadir
CUST01454,2023-02-09,REGULAR,BRONZE,25-34,Agadir
CUST01455,2024-10-21,REGULAR,SILVER,25-34,Marrakech
CUST01456,2025-10-27,REGULAR,SILVER,25-34,Rabat
CUST01457,2025-08-20,VIP,GOLD,25-34,Agadir
CUST01458,2025-02-07,NEW,BRONZE,25-34,Kenitra
CUST01459,2025-08-24,NEW,BRONZE,45-54,Tanger
CUST01460,2024-09-04,REGULAR,BRONZE,35-44,Casablanca
CUST01461,2025-12-23,REGULAR,BRONZE,35-44,Tanger
CUST01462,2024-10-04,VIP,GOLD,25-34,Agadir
CUST01463,2025-08-01,REGULAR,BRONZE,18-24,Kenitra
CUST01464,2025-04-21,REGULAR,SILVER,35-44,Tanger
CUST01465,2023-02-03,REGULAR,BRONZE,25-34,Tanger
CUST01466,2023-05-18,REGULAR,BRONZE,45-54,Marrakech
CUST01467,2025-08-17,REGULAR,BRONZE,25-34,Tanger
CUST01468,2023-11-08,REGULAR,BRONZE,45-54,Agadir
CUST01469,2025-06-04,VIP,GOLD,18-24,Rabat
CUST01470,2024-10-22,REGULAR,SILVER,25-34,Marrakech
CUST01471,2024-02-15,REGULAR,SILVER,25-34,Casablanca
CUST01472,2023-02-23,REGULAR,BRONZE,45-54,Marrakech
CUST01473,2024-04-16,REGULAR,BRONZE,55+,Casablanca
CUST01474,2024-03-20,REGULAR,BRONZE,18-24,Fes
CUST01475,2024-03-03,REGULAR,SILVER,35-44,Fes
CUST01476,2023-09-13,NEW,BRONZE,25-34,Casablanca
CUST01477,2025-01-03,REGULAR,SILVER,35-44,Casablanca
CUST01478,2025-09-05,NEW,BRONZE,45-54,RABAT
CUST01479,2024-12-27,REGULAR,SILVER,25-34,Fes
CUST01480,2023-06-22,REGULAR,SILVER,35-44,Rabat
CUST01481,2024-10-24,NEW,BRONZE,35-44, Marrakech 
CUST01482,2023-03-21,NEW,BRONZE,25-34,Kenitra
CUST01483,2023-12-24,VIP,SILVER,25-34,Kenitra
CUST01484,2025-10-15,NEW,BRONZE,45-54,Tanger
CUST01485,2024-11-10,NEW,BRONZE,18-24,Agadir
CUST01486,2025-02-11,REGULAR,BRONZE,55+,rabat
CUST01487,2023-08-19,VIP,GOLD,45-54,Tanger
CUST01488,2023-01-02,REGULAR,SILVER,55+,Casablanca
CUST01489,2023-07-17,REGULAR,BRONZE,18-24,Casablanca
CUST01490,2023-06-18,REGULAR,SILVER,25-34,Marrakech
CUST01491,2024-09-08,REGULAR,SILVER,25-34,Tanger
CUST01492,2023-10-25,REGULAR,BRONZE,25-34,Agadir
CUST01493,2023-10-20,REGULAR,BRONZE,25-34,Fes
CUST01494,2024-12-05,NEW,BRONZE,25-34,Casablanca
CUST01495,2024-07-26,REGULAR,SILVER,25-34,Casablanca
CUST01496,2025-07-23,REGULAR,SILVER,18-24,Rabat
CUST01497,2023-09-16,NEW,BRONZE,45-54,Rabat
CUST01498,2024-09-20,REGULAR,BRONZE,35-44,Fes
CUST01499,2023-10-18,REGULAR,BRONZE,35-44,Casablanca
CUST01500,2023-11-07,REGULAR,BRONZE,35-44,Marrakech
CUST01501,2025-02-05,NEW,BRONZE,35-44,Tanger
CUST01502,2025-05-18,VIP,SILVER,55+,Fes
CUST01503,2025-09-02,REGULAR,BRONZE,35-44,Rabat
CUST01504,2024-03-03,VIP,SILVER,45-54,Tanger
CUST01505,2024-05-11,REGULAR,BRONZE,25-34,Fes
CUST01506,2024-04-08,VIP,SILVER,55+,Fes
CUST01507,2023-11-07,NEW,BRONZE,35-44,Tanger
CUST01508,2025-12-09,NEW,BRONZE,35-44,Agadir
CUST01509,2025-07-19,NEW,BRONZE,18-24,Rabat
CUST01510,2025-08-13,REGULAR,BRONZE,18-24,Tanger
CUST01511,2025-01-12,NEW,BRONZE,45-54,Fes
CUST01512,2024-07-18,VIP,GOLD,18-24,Agadir
CUST01513,2023-07-27,REGULAR,SILVER,35-44,Marrakech
CUST01514,2023-08-01,VIP,GOLD,25-34,Marrakech
CUST01515,2023-08-09,REGULAR,BRONZE,35-44,Rabat
CUST01516,2025-05-13,REGULAR,BRONZE,35-44,Agadir
CUST01517,2025-12-06,NEW,BRONZE,25-34,Agadir
CUST01518,2024-11-04,NEW,BRONZE,25-34,Agadir
CUST01519,2024-12-05,REGULAR,BRONZE,35-44,Fes
CUST01520,2024-06-22,REGULAR,BRONZE,25-34,Marrakech
CUST01521,2025-04-01,REGULAR,BRONZE,35-44,Tanger
CUST01522,2024-04-11,REGULAR,SILVER,35-44,Agadir
CUST01523,2024-01-17,REGULAR,BRONZE,45-54,Tanger
CUST01524,2025-01-10,REGULAR,BRONZE,55+,Rabat
CUST01525,2024-08-29,REGULAR,BRONZE,18-24,Marrakech
CUST01526,2025-04-08,VIP,GOLD,25-34,Marrakech
CUST01527,2024-08-24,REGULAR,BRONZE,35-44,Casablanca
CUST01528,2024-07-14,NEW,BRONZE,45-54,Casablanca
CUST01529,2023-10-25,NEW,BRONZE,25-34,Tanger
CUST01530,2024-01-29,REGULAR,SILVER,25-34,Agadir
CUST01531,2024-06-23,REGULAR,SILVER,35-44,Kenitra
CUST01532,2024-10-20,VIP,SILVER,35-44,Rabat
CUST01533,2025-09-01,REGULAR,BRONZE,55+,Agadir
CUST01534,2024-04-03,REGULAR,BRONZE,18-24,Marrakech
CUST01535,2023-12-17,NEW,BRONZE,18-24,Kenitra
CUST01536,2024-12-26,NEW,BRONZE,25-34,Agadir
CUST01537,2023-10-01,VIP,GOLD,25-34,Kenitra
CUST01538,2025-11-06,VIP,GOLD,45-54, Tanger 
CUST01539,2023-09-03,REGULAR,BRONZE,25-34,Marrakech
CUST01540,2024-01-03,REGULAR,BRONZE,55+,Agadir
CUST01541,2025-03-04,REGULAR,SILVER,25-34,Casablanca
CUST01542,2023-12-30,REGULAR,SILVER,25-34,Rabat
CUST01543,2023-06-17,REGULAR,BRONZE,35-44,Rabat
CUST01544,2025-02-03,NEW,BRONZE,45-54,Rabat
CUST01545,2025-02-06,VIP,SILVER,25-34,Agadir
CUST01546,2024-12-08,NEW,BRONZE,45-54,Marrakech
CUST01547,2023-12-30,REGULAR,SILVER,55+,Marrakech
CUST01548,2023-09-04,REGULAR,SILVER,35-44,Rabat
CUST01549,2023-07-24,REGULAR,BRONZE,25-34,Fes
CUST01550,2025-07-06,VIP,GOLD,45-54,Casablanca
CUST01551,2024-01-21,REGULAR,BRONZE,45-54,Rabat
CUST01552,2023-07-22,REGULAR,BRONZE,35-44,Marrakech
CUST01553,2024-02-16,REGULAR,BRONZE,25-34,Tanger
CUST01554,2025-06-10,REGULAR,SILVER,35-44,Fes
CUST01555,2024-09-18,REGULAR,SILVER,18-24,Marrakech
CUST01556,2023-12-22,REGULAR,BRONZE,25-34,Rabat
CUST01557,2023-04-18,REGULAR,SILVER,55+,Marrakech
CUST01558,2023-07-22,REGULAR,BRONZE,35-44,Agadir
CUST01559,2023-02-01,NEW,BRONZE,55+,Agadir
CUST01560,2024-11-08,VIP,SILVER,25-34,Kenitra
CUST01561,2024-05-19,REGULAR,SILVER,35-44,Agadir
CUST01562,2024-02-24,VIP,GOLD,45-54,AGADIR
CUST01563,2024-01-24,REGULAR,SILVER,35-44, Marrakech 
CUST01564,2025-07-08,NEW,BRONZE,45-54,Agadir
CUST01565,2023-05-17,NEW,BRONZE,55+,Agadir
CUST01566,2025-03-26,REGULAR,SILVER,18-24,Tanger
CUST01567,2024-02-18,VIP,SILVER,25-34,Casablanca
CUST01568,2023-08-17,NEW,BRONZE,25-34,Rabat
CUST01569,2025-01-29,REGULAR,BRONZE,35-44,Marrakech
CUST01570,2024-01-23,REGULAR,SILVER,55+,marrakech
CUST01571,2023-12-26,REGULAR,BRONZE,35-44,Fes
CUST01572,2024-04-06,NEW,BRONZE,25-34,Agadir
CUST01573,2024-05-18,REGULAR,SILVER,18-24,Casablanca
CUST01574,2023-05-14,REGULAR,BRONZE,18-24,Agadir
CUST01575,2023-08-01,REGULAR,BRONZE,45-54,Rabat
CUST01576,2023-09-03,VIP,SILVER,55+,Rabat
CUST01577,2025-03-01,REGULAR,SILVER,25-34,Agadir
CUST01578,2025-07-20,REGULAR,BRONZE,25-34,Marrakech
CUST01579,2023-12-24,VIP,GOLD,45-54,Casablanca
CUST01580,2023-10-22,NEW,BRONZE,25-34,Fes
CUST01581,2025-04-11,REGULAR,SILVER,25-34,Agadir
CUST01582,2024-11-22,REGULAR,SILVER,35-44,Agadir
CUST01583,2024-02-03,VIP,GOLD,25-34,Marrakech
CUST01584,2024-09-20,NEW,BRONZE,55+,Rabat
CUST01585,2025-04-24,NEW,BRONZE,55+,Marrakech
CUST01586,2025-06-03,NEW,BRONZE,25-34,Agadir
CUST01587,2023-11-16,REGULAR,BRONZE,35-44,Fes
CUST01588,2025-09-23,REGULAR,BRONZE,55+,Tanger
CUST01589,2023-04-19,REGULAR,BRONZE,25-34,Kenitra
CUST01590,2023-05-16,REGULAR,SILVER,25-34,Fes
CUST01591,2023-11-24,VIP,SILVER,25-34,Fes
CUST01592,2025-08-19,REGULAR,SILVER,25-34,Rabat
CUST01593,2023-03-22,NEW,BRONZE,35-44,Fes
CUST01594,2025-01-12,VIP,GOLD,35-44,Rabat
CUST01595,2024-11-26,VIP,SILVER,25-34,Casablanca
CUST01596,2023-11-03,NEW,BRONZE,18-24,Kenitra
CUST01597,2025-10-10,NEW,BRONZE,25-34,Kenitra
CUST01598,2025-12-01,VIP,GOLD,25-34,Kenitra
CUST01599,2024-09-19,NEW,BRONZE,35-44,Rabat
CUST01600,2023-06-14,REGULAR,BRONZE,35-44,Tanger
CUST01601,2023-02-09,REGULAR,BRONZE,25-34,Fes
CUST01602,2025-02-07,REGULAR,SILVER,35-44,Agadir
CUST01603,2024-01-31,REGULAR,SILVER,35-44,Fes
CUST01604,2024-10-14,VIP,SILVER,25-34,Tanger
CUST01605,2023-12-29,REGULAR,BRONZE,35-44,Tanger
CUST01606,2024-11-29,VIP,SILVER,25-34,Marrakech
CUST01607,2024-11-08,REGULAR,BRONZE,45-54,Rabat
CUST01608,2023-06-16,NEW,BRONZE,18-24,Fes
CUST01609,2023-06-12,REGULAR,BRONZE,35-44,Tanger
CUST01610,2024-01-17,REGULAR,BRONZE,55+,Casablanca
CUST01611,2024-06-23,NEW,BRONZE,45-54,Agadir
CUST01612,2024-04-11,NEW,BRONZE,25-34,Marrakech
CUST01613,2024-12-07,REGULAR,BRONZE,18-24,Kenitra
CUST01614,2024-12-05,VIP,GOLD,25-34,Rabat
CUST01615,2023-06-30,REGULAR,SILVER,25-34,Marrakech
CUST01616,2025-09-10,REGULAR,SILVER,25-34,Kenitra
CUST01617,2023-12-16,NEW,BRONZE,45-54,Fes
CUST01618,2025-04-05,REGULAR,SILVER,25-34,Casablanca
CUST01619,2023-02-20,VIP,GOLD,18-24,Tanger
CUST01620,2023-12-20,NEW,BRONZE,25-34,RABAT
CUST01621,2023-02-14,REGULAR,BRONZE,25-34,Tanger
CUST01622,2025-09-23,REGULAR,SILVER,55+,Fes
CUST01623,2023-05-03,REGULAR,BRONZE,18-24,Kenitra
CUST01624,2025-11-28,VIP,GOLD,25-34,FES
CUST01625,2024-09-28,REGULAR,SILVER,35-44,Marrakech
CUST01626,2023-09-20,REGULAR,SILVER,25-34,Rabat
CUST01627,2024-10-30,REGULAR,SILVER,45-54,Tanger
CUST01628,2024-02-03,VIP,SILVER,45-54,Agadir
CUST01629,2025-09-27,REGULAR,BRONZE,18-24,Marrakech
CUST01630,2024-10-20,NEW,BRONZE,35-44,Marrakech
CUST01631,2023-05-18,REGULAR,BRONZE,18-24,Agadir
CUST01632,2024-05-20,NEW,BRONZE,18-24,Kenitra
CUST01633,2024-07-12,VIP,GOLD,45-54,Marrakech
CUST01634,2024-01-21,VIP,GOLD,35-44,Agadir
CUST01635,2025-10-29,Regular,SILVER,25-34,Agadir
CUST01636,2024-08-29,NEW,BRONZE,18-24,Kenitra
CUST01637,2025-02-21,REGULAR,SILVER,25-34,Rabat
CUST01638,2025-07-17,REGULAR,BRONZE,35-44,Rabat
CUST01639,2025-01-25,NEW,BRONZE,25-34,Agadir
CUST01640,2023-03-12,REGULAR,SILVER,18-24,Marrakech
CUST01641,2023-05-11,VIP,SILVER,25-34,Rabat
CUST01642,2025-01-07,VIP,SILVER,25-34,Fes
CUST01643,2023-05-08,REGULAR,SILVER,25-34,Marrakech
CUST01644,2023-08-25,REGULAR,SILVER,18-24,Casablanca
CUST01645,2024-04-06,REGULAR,BRONZE,45-54,Tanger
CUST01646,2025-10-22,REGULAR,SILVER,18-24,Rabat
CUST01647,2025-04-29,REGULAR,BRONZE,35-44,Marrakech
CUST01648,2024-12-16,REGULAR,SILVER,55+,Fes
CUST01649,2024-07-30,NEW,BRONZE,25-34,Casablanca
CUST01650,2024-02-05,REGULAR,SILVER,25-34,Rabat
CUST01651,2025-11-14,REGULAR,BRONZE,45-54,Rabat
CUST01652,2024-02-26,NEW,BRONZE,18-24,Marrakech
CUST01653,2024-04-15,REGULAR,SILVER,25-34,marrakech
CUST01654,2024-11-14,NEW,BRONZE,25-34,Fes
CUST01655,2025-10-03,REGULAR,SILVER,45-54,Rabat
CUST01656,2023-04-13,VIP,SILVER,55+,Kenitra
CUST01657,2023-07-19,NEW,BRONZE,25-34,Fes
CUST01658,2023-02-15,REGULAR,BRONZE,55+,Kenitra
CUST01659,2024-02-24,NEW,BRONZE,25-34,casablanca
CUST01660,2024-07-13,NEW,BRONZE,25-34,Agadir
CUST01661,2025-02-11,NEW,BRONZE,18-24,Tanger
CUST01662,2023-04-01,REGULAR,SILVER,18-24,Agadir
CUST01663,2024-07-10, VIP ,SILVER,18-24,Agadir
CUST01664,2025-06-10,REGULAR,SILVER,25-34,Agadir
CUST01665,2025-01-22,REGULAR,SILVER,35-44,Kenitra
CUST01666,2023-10-26,REGULAR,SILVER,55+,Casablanca
CUST01667,2024-08-21,NEW,BRONZE,25-34,Kenitra
CUST01668,2023-10-09,REGULAR,SILVER,25-34,Fes
CUST01669,2023-03-29,REGULAR,BRONZE,45-54,Marrakech
CUST01670,2023-10-13,VIP,GOLD,55+,Rabat
CUST01671,2023-03-27,REGULAR,BRONZE,25-34,Marrakech
CUST01672,2024-11-16,REGULAR,SILVER,45-54,Marrakech
CUST01673,2024-03-24,REGULAR,SILVER,45-54,Casablanca
CUST01674,2024-01-21,REGULAR,BRONZE,25-34,Casablanca
CUST01675,2025-04-11,Regular,BRONZE,18-24,Tanger
CUST01676,2024-01-16,REGULAR,BRONZE,55+,Kenitra
CUST01677,2025-04-05,NEW,BRONZE,35-44,Fes
CUST01678,2025-09-06,REGULAR,BRONZE,25-34,Rabat
CUST01679,2025-08-27,VIP,SILVER,25-34,Fes
CUST01680,2025-10-01,VIP,SILVER,25-34,Fes
CUST01681,2023-07-08,NEW,BRONZE,55+,Fes
CUST01682,2023-03-12,regular,SILVER,35-44,Marrakech
CUST01683,2023-02-27,VIP,SILVER,35-44,Marrakech
CUST01684,2023-04-10,NEW,BRONZE,25-34,Casablanca
CUST01685,2024-08-17,REGULAR,SILVER,25-34,Agadir
CUST01686,2025-09-22,NEW,BRONZE,25-34,Tanger
CUST01687,2025-10-07,NEW,BRONZE,55+,Rabat
CUST01688,2023-02-18,REGULAR,SILVER,25-34,Rabat
CUST01689,2023-08-06,REGULAR,BRONZE,18-24,Fes
CUST01690,2024-06-22,VIP,GOLD,55+,Fes
CUST01691,2023-10-09,NEW,BRONZE,35-44,Marrakech
CUST01692,2025-02-03,REGULAR,SILVER,18-24,Tanger
CUST01693,2023-03-23,NEW,BRONZE,25-34,Casablanca
CUST01694,2025-11-10,REGULAR,BRONZE,45-54,Marrakech
CUST01695,2024-10-16,VIP,SILVER,25-34,Casablanca
CUST01696,2023-12-20,REGULAR,BRONZE,45-54,Agadir
CUST01697,2023-05-20,REGULAR,BRONZE,35-44,Casablanca
CUST01698,2024-04-06,REGULAR,SILVER,45-54,Tanger
CUST01699,2023-02-26,NEW,BRONZE,45-54,Fes
CUST01700,2023-09-18,REGULAR,SILVER,45-54,Casablanca
CUST01701,2025-06-05,REGULAR,SILVER,18-24,Marrakech
CUST01702,2023-03-23,REGULAR,SILVER,25-34,Fes
CUST01703,2024-10-31,VIP,GOLD,35-44,Fes
CUST01704,2023-10-09,REGULAR,BRONZE,18-24,Kenitra
CUST01705,2024-07-03,VIP,SILVER,25-34,Kenitra
CUST01706,2024-01-27,REGULAR,SILVER,25-34,Tanger
CUST01707,2025-05-18,REGULAR,BRONZE,35-44,Tanger
CUST01708,2025-01-10,REGULAR,SILVER,18-24,Tanger
CUST01709,2024-08-19,REGULAR,BRONZE,25-34,Casablanca
CUST01710,2025-03-13,REGULAR,SILVER,18-24,Marrakech
CUST01711,2023-09-12,VIP,SILVER,55+,Rabat
CUST01712,2025-07-20,VIP,GOLD,35-44,Casablanca
CUST01713,2025-09-29,REGULAR,SILVER,18-24,Fes
CUST01714,2023-04-22,NEW,BRONZE,45-54,Rabat
CUST01715,2025-05-16,NEW,BRONZE,25-34,Rabat
CUST01716,2025-05-30,NEW,BRONZE,18-24,Marrakech
CUST01717,2024-10-10,regular,BRONZE,18-24,Casablanca
CUST01718,2024-07-06,REGULAR,BRONZE,25-34,Casablanca
CUST01719,2023-12-06,VIP,GOLD,35-44, Rabat 
CUST01720,2025-03-02,REGULAR,BRONZE,25-34,Tanger
CUST01721,2025-02-26,VIP,SILVER,35-44,Marrakech
CUST01722,2025-06-13,REGULAR,SILVER,45-54,Rabat
CUST01723,2024-02-25,REGULAR,BRONZE,25-34,Casablanca
CUST01724,2025-04-09,NEW,BRONZE,18-24,Fes
CUST01725,2024-05-14,REGULAR,BRONZE,25-34,Agadir
CUST01726,2025-02-19,NEW,BRONZE,25-34,Fes
CUST01727,2025-01-20,VIP,GOLD,35-44,Casablanca
CUST01728,2025-12-23,REGULAR,BRONZE,35-44,Kenitra
CUST01729,2023-11-22,NEW,BRONZE,18-24,Rabat
CUST01730,2023-10-18,VIP,SILVER,18-24,Casablanca
CUST01731,2023-07-08,REGULAR,BRONZE,25-34,Marrakech
CUST01732,2023-02-05,REGULAR,BRONZE,45-54,Rabat
CUST01733,2025-12-29,NEW,BRONZE,25-34,Agadir
CUST01734,2023-01-18,REGULAR,BRONZE,45-54,Marrakech
CUST01735,2025-03-17,NEW,BRONZE,35-44,Casablanca
CUST01736,2025-01-22,REGULAR,SILVER,35-44,Casablanca
CUST01737,2023-11-28,REGULAR,BRONZE,35-44,Fes
CUST01738,2025-09-30,REGULAR,SILVER,35-44,Marrakech
CUST01739,2025-04-09,REGULAR,SILVER,18-24,Marrakech
CUST01740,2023-05-31,REGULAR,SILVER,25-34,Rabat
CUST01741,2025-02-04,NEW,BRONZE,45-54,TANGER
CUST01742,2025-07-10,vip,GOLD,55+,Fes
CUST01743,2024-06-01,REGULAR,SILVER,25-34,Kenitra
CUST01744,2023-04-16,NEW,BRONZE,55+,Kenitra
CUST01745,2025-06-06,NEW,BRONZE,55+,Tanger
CUST01746,2025-09-08,NEW,BRONZE,55+,Kenitra
CUST01747,2023-10-26,REGULAR,SILVER,25-34,Rabat
CUST01748,2025-07-07,REGULAR,SILVER,45-54,Marrakech
CUST01749,2023-09-10,VIP,GOLD,35-44,Tanger
CUST01750,2025-11-02,NEW,BRONZE,35-44,Kenitra
CUST01751,2024-07-01,NEW,BRONZE,18-24,Marrakech
CUST01752,2024-09-12,NEW,BRONZE,45-54,Fes
CUST01753,2023-11-07,REGULAR,SILVER,18-24,Rabat
CUST01754,2025-09-15,REGULAR,BRONZE,18-24,Casablanca
CUST01755,2025-07-30,REGULAR,SILVER,35-44,Tanger
CUST01756,2024-11-08,REGULAR,SILVER,35-44,Agadir
CUST01757,2024-07-25,REGULAR,BRONZE,55+,TANGER
CUST01758,2024-09-07,REGULAR,SILVER,18-24,Marrakech
CUST01759,2023-10-31,REGULAR,BRONZE,35-44,Fes
CUST01760,2025-11-01,REGULAR,SILVER,25-34,Marrakech
CUST01761,2025-09-12,VIP,GOLD,25-34,Rabat
CUST01762,2025-08-27,VIP,GOLD,55+,Rabat
CUST01763,2025-03-22,REGULAR,SILVER,45-54,Tanger
CUST01764,2024-11-19,NEW,BRONZE,45-54,Tanger
CUST01765,2023-01-18,NEW,BRONZE,35-44,Rabat
CUST01766,2023-11-08,VIP,GOLD,45-54,Casablanca
CUST01767,2025-01-01,REGULAR,BRONZE,18-24,Casablanca
CUST01768,2023-06-18,VIP,SILVER,55+,Tanger
CUST01769,2023-08-09,NEW,BRONZE,25-34,Tanger
CUST01770,2024-06-16,NEW,BRONZE,25-34,Marrakech
CUST01771,2024-11-24,REGULAR,SILVER,35-44,Kenitra
CUST01772,2025-04-01,REGULAR,BRONZE,18-24,Agadir
CUST01773,2023-11-14,NEW,BRONZE,18-24,Casablanca
CUST01774,2023-05-31,REGULAR,SILVER,25-34,Marrakech
CUST01775,2024-09-11,VIP,GOLD,25-34,Agadir
CUST01776,2023-05-16,NEW,BRONZE,55+,Casablanca
CUST01777,2024-10-24,REGULAR,SILVER,35-44,Agadir
CUST01778,2024-01-12,NEW,BRONZE,25-34,Fes
CUST01779,2023-03-28,VIP,GOLD,25-34,Kenitra
CUST01780,2023-01-19,REGULAR,SILVER,55+,KENITRA
CUST01781,2024-02-18,NEW,BRONZE,35-44,Marrakech
CUST01782,2024-02-07,REGULAR,BRONZE,55+,Agadir
CUST01783,2025-07-23,NEW,BRONZE,18-24,Fes
CUST01784,2025-05-04,VIP,GOLD,25-34,Tanger
CUST01785,2023-03-21,REGULAR,SILVER,55+,kenitra
CUST01786,2025-07-09,NEW,BRONZE,25-34,Rabat
CUST01787,2025-05-03,NEW,BRONZE,35-44,Fes
CUST01788,2024-08-11,REGULAR,BRONZE,35-44,Marrakech
CUST01789,2023-01-30,REGULAR,BRONZE,18-24,Agadir
CUST01790,2024-06-12,NEW,BRONZE,35-44,Fes
CUST01791,2025-01-10,NEW,BRONZE,18-24,Marrakech
CUST01792,2023-11-15,VIP,SILVER,55+,Rabat
CUST01793,2024-01-02,NEW,BRONZE,35-44,Rabat
CUST01794,2025-11-12,NEW,BRONZE,25-34,Kenitra
CUST01795,2024-01-23,REGULAR,SILVER,18-24,Marrakech
CUST01796,2023-05-10,NEW,BRONZE,25-34,Marrakech
CUST01797,2024-12-20,NEW,BRONZE,25-34,Rabat
CUST01798,2023-12-10,NEW,BRONZE,55+,Agadir
CUST01799,2025-10-09,REGULAR,SILVER,18-24,Kenitra
CUST01800,2025-07-16,NEW,BRONZE,25-34,Agadir
CUST01801,2023-01-16,VIP,SILVER,35-44,Casablanca
CUST01802,2023-08-27,REGULAR,SILVER,25-34,Marrakech
CUST01803,2023-03-08,REGULAR,SILVER,18-24,Kenitra
CUST01804,2023-08-07,NEW,BRONZE,25-34,Agadir
CUST01805,2024-11-27,REGULAR,BRONZE,25-34,Rabat
CUST01806,2023-02-23,VIP,SILVER,35-44,Agadir
CUST01807,2023-07-25,REGULAR,BRONZE,25-34,Tanger
CUST01808,2024-03-10,REGULAR,BRONZE,35-44,Rabat
CUST01809,2023-06-13,REGULAR,SILVER,18-24,Rabat
CUST01810,2025-05-10,NEW,BRONZE,55+,Agadir
CUST01811,2023-01-09,NEW,BRONZE,18-24,Fes
CUST01812,2023-11-22,REGULAR,BRONZE,35-44,Kenitra
CUST01813,2023-08-01,REGULAR,BRONZE,35-44,Casablanca
CUST01814,2025-11-09,NEW,BRONZE,45-54,Agadir
CUST01815,2024-01-20,REGULAR,BRONZE,25-34,Fes
CUST01816,2025-12-16,REGULAR,BRONZE,25-34,Marrakech
CUST01817,2023-09-13,REGULAR,SILVER,25-34,Rabat
CUST01818,2024-06-02,REGULAR,BRONZE,25-34,Agadir
CUST01819,2024-05-26,REGULAR,BRONZE,18-24,Casablanca
CUST01820,2023-01-06,REGULAR,BRONZE,18-24,Fes
CUST01821,2023-09-10,VIP,GOLD,25-34,Fes
CUST01822,2024-02-17,VIP,SILVER,45-54,Fes
CUST01823,2024-05-12,REGULAR,SILVER,25-34,Rabat
CUST01824,2023-05-03,REGULAR,SILVER,25-34,Fes
CUST01825,2023-12-29,REGULAR,BRONZE,25-34,Tanger
CUST01826,2024-09-12,REGULAR,SILVER,55+,Agadir
CUST01827,2024-07-06,NEW,BRONZE,25-34,casablanca
CUST01828,2025-11-09,REGULAR,BRONZE,35-44,Kenitra
CUST01829,2024-07-10,VIP,GOLD,18-24,Rabat
CUST01830,2024-08-02,NEW,BRONZE,18-24,Agadir
CUST01831,2023-02-10,REGULAR,SILVER,35-44,Rabat
CUST01832,2025-05-20,NEW,BRONZE,35-44,Agadir
CUST01833,2024-12-31,NEW,BRONZE,25-34,Casablanca
CUST01834,2024-05-08,regular,SILVER,18-24,Fes
CUST01835,2023-10-08,NEW,BRONZE,18-24,Fes
CUST01836,2025-06-22,REGULAR,BRONZE,18-24,Casablanca
CUST01837,2025-04-17,NEW,BRONZE,35-44,Casablanca
CUST01838,2023-07-11,REGULAR,BRONZE,35-44,Fes
CUST01839,2023-01-14,VIP,SILVER,18-24,Tanger
CUST01840,2024-04-14,VIP,SILVER,45-54,Fes
CUST01841,2023-12-03,NEW,BRONZE,25-34,Agadir
CUST01842,2023-04-03,REGULAR,BRONZE,35-44,Casablanca
CUST01843,2024-04-07,REGULAR,BRONZE,35-44,Agadir
CUST01844,2024-09-05,REGULAR,SILVER,25-34,Agadir
CUST01845,2023-01-16,NEW,BRONZE,18-24,Agadir
CUST01846,2023-11-19,NEW,BRONZE,25-34,Rabat
CUST01847,2025-12-01,REGULAR,SILVER,35-44,Casablanca
CUST01848,2024-03-17,VIP,SILVER,25-34,Marrakech
CUST01849,2024-03-14,VIP,SILVER,25-34,Fes
CUST01850,2023-07-06,VIP,SILVER,55+,Rabat
CUST01851,2023-08-20,REGULAR,SILVER,25-34,Rabat
CUST01852,2023-09-16,NEW,BRONZE,35-44,Casablanca
CUST01853,2023-07-11,NEW,BRONZE,45-54,Tanger
CUST01854,2024-02-25,NEW,BRONZE,25-34,Marrakech
CUST01855,2023-06-14,REGULAR,SILVER,25-34,Casablanca
CUST01856,2023-03-09,REGULAR,BRONZE,25-34,Tanger
CUST01857,2023-06-16,NEW,BRONZE,35-44,Tanger
CUST01858,2025-01-30,NEW,BRONZE,45-54,Kenitra
CUST01859,2025-10-29,REGULAR,SILVER,35-44,Casablanca
CUST01860,2025-09-03,REGULAR,BRONZE,35-44,Casablanca
CUST01861,2023-03-28,REGULAR,SILVER,35-44,Marrakech
CUST01862,2023-01-06,REGULAR,BRONZE,35-44,Kenitra
CUST01863,2024-07-17,REGULAR,SILVER,45-54,Marrakech
CUST01864,2025-11-13,NEW,BRONZE,25-34,Agadir
CUST01865,2025-02-07,REGULAR,BRONZE,35-44,Rabat
CUST01866,2025-07-31,REGULAR,BRONZE,18-24,Casablanca
CUST01867,2023-09-08,VIP,SILVER,25-34,Marrakech
CUST01868,2024-06-13,VIP,GOLD,25-34,Fes
CUST01869,2024-01-20,REGULAR,BRONZE,18-24,Kenitra
CUST01870,2025-03-30,REGULAR,SILVER,35-44,Marrakech
CUST01871,2025-04-14,REGULAR,BRONZE,35-44,Fes
CUST01872,2025-12-18,REGULAR,BRONZE,18-24,Tanger
CUST01873,2025-03-10,REGULAR,SILVER,25-34,Kenitra
CUST01874,2023-03-28,NEW,BRONZE,25-34,Kenitra
CUST01875,2023-02-17,REGULAR,SILVER,25-34,Kenitra
CUST01876,2025-12-22,REGULAR,BRONZE,35-44,Agadir
CUST01877,2025-11-28,NEW,BRONZE,45-54,Agadir
CUST01878,2023-05-07,REGULAR,SILVER,45-54,Kenitra
CUST01879,2024-05-04,NEW,BRONZE,35-44,Tanger
CUST01880,2024-10-07,VIP,GOLD,18-24,Agadir
CUST01881,2023-07-13,REGULAR,SILVER,18-24,Agadir
CUST01882,2024-02-11,NEW,BRONZE,25-34,Fes
CUST01883,2024-04-07,NEW,BRONZE,45-54,Agadir
CUST01884,2025-10-31,REGULAR,SILVER,25-34,Rabat
CUST01885,2025-12-10,VIP,SILVER,18-24,Casablanca
CUST01886,2023-08-07,REGULAR,SILVER,55+,Marrakech
CUST01887,2024-05-15,REGULAR,SILVER,25-34,Agadir
CUST01888,2023-09-03,VIP,SILVER,35-44,Marrakech
CUST01889,2024-12-09,NEW,BRONZE,45-54,Kenitra
CUST01890,2024-08-10,NEW,BRONZE,45-54,Casablanca
CUST01891,2023-10-13,REGULAR,SILVER,25-34,Casablanca
CUST01892,2025-11-01,NEW,BRONZE,18-24,Kenitra
CUST01893,2023-03-16,REGULAR,SILVER,18-24,Marrakech
CUST01894,2025-01-21,REGULAR,SILVER,55+,Fes
CUST01895,2023-04-05,REGULAR,BRONZE,18-24,Agadir
CUST01896,2023-03-28,VIP,SILVER,18-24,Kenitra
CUST01897,2023-02-25,REGULAR,SILVER,55+,Kenitra
CUST01898,2024-03-23,NEW,BRONZE,25-34,Rabat
CUST01899,2023-08-11,REGULAR,SILVER,35-44,Tanger
CUST01900,2025-12-10,REGULAR,SILVER,18-24,Rabat
CUST01901,2025-12-16,VIP,GOLD,55+,Kenitra
CUST01902,2025-12-18,NEW,BRONZE,18-24,Casablanca
CUST01903,2023-07-29,REGULAR,SILVER,55+,Marrakech
CUST01904,2023-05-13,REGULAR,SILVER,25-34,Rabat
CUST01905,2023-12-06,REGULAR,SILVER,35-44,Tanger
CUST01906,2025-07-23,NEW,BRONZE,35-44,Marrakech
CUST01907,2024-05-23,NEW,BRONZE,35-44,Rabat
CUST01908,2024-02-03,VIP,SILVER,25-34,Casablanca
CUST01909,2023-10-17,REGULAR,SILVER,25-34,Marrakech
CUST01910,2023-02-17,VIP,SILVER,25-34,Fes
CUST01911,2023-03-04,REGULAR,BRONZE,25-34,Kenitra
CUST01912,2024-03-27,REGULAR,SILVER,45-54,Marrakech
CUST01913,2024-08-06,REGULAR,SILVER,35-44,Agadir
CUST01914,2025-06-08,REGULAR,BRONZE,18-24,Marrakech
CUST01915,2024-06-28,NEW,BRONZE,45-54,Kenitra
CUST01916,2023-01-31,REGULAR,SILVER,45-54,Agadir
CUST01917,2025-12-18,REGULAR,SILVER,25-34,Kenitra
CUST01918,2023-11-02,NEW,BRONZE,45-54,Agadir
CUST01919,2023-12-03,REGULAR,BRONZE,35-44,Rabat
CUST01920,2025-03-08,NEW,BRONZE,25-34,Tanger
CUST01921,2023-06-16,REGULAR,SILVER,18-24,Rabat
CUST01922,2024-07-25,NEW,BRONZE,45-54,Rabat
CUST01923,2025-12-04,NEW,BRONZE,25-34,Agadir
CUST01924,2024-07-27,NEW,BRONZE,18-24,Fes
CUST01925,2025-07-08,VIP,GOLD,18-24,Agadir
CUST01926,2023-07-08,REGULAR,SILVER,35-44,Fes
CUST01927,2023-05-17,REGULAR,SILVER,25-34,Fes
CUST01928,2024-02-04,NEW,BRONZE,25-34,Rabat
CUST01929,2023-12-17,NEW,BRONZE,18-24,Fes
CUST01930,2023-12-03,REGULAR,BRONZE,25-34,Rabat
CUST01931,2025-11-17,VIP,SILVER,25-34,Fes
CUST01932,2023-09-06,NEW,BRONZE,35-44,Agadir
CUST01933,2023-12-12,VIP,SILVER,18-24,Casablanca
CUST01934,2023-07-13,REGULAR,SILVER,45-54,Casablanca
CUST01935,2025-03-26,REGULAR,BRONZE,35-44,Fes
CUST01936,2024-01-18,NEW,BRONZE,45-54,Fes
CUST01937,2023-07-29,REGULAR,SILVER,45-54,Casablanca
CUST01938,2025-06-15,NEW,BRONZE,18-24,Tanger
CUST01939,2025-11-21,NEW,BRONZE,25-34,Rabat
CUST01940,2023-02-16,REGULAR,SILVER,25-34,Agadir
CUST01941,2023-05-06,REGULAR,SILVER,45-54,Fes
CUST01942,2023-02-01,REGULAR,BRONZE,25-34,Marrakech
CUST01943,2024-04-03,REGULAR,SILVER,35-44,Rabat
CUST01944,2023-01-31,REGULAR,SILVER,35-44,Agadir
CUST01945,2025-12-06,REGULAR,BRONZE,55+,Marrakech
CUST01946,2023-03-22,REGULAR,SILVER,45-54,Fes
CUST01947,2023-02-03,VIP,SILVER,35-44,Tanger
CUST01948,2024-04-15,REGULAR,SILVER,25-34,Marrakech
CUST01949,2024-11-22,REGULAR,BRONZE,35-44,Kenitra
CUST01950,2023-03-15,REGULAR,SILVER,35-44,Kenitra
CUST01951,2025-07-05,REGULAR,BRONZE,25-34,Rabat
CUST01952,2023-06-09,VIP,GOLD,35-44,Fes
CUST01953,2025-06-12,REGULAR,BRONZE,55+,Kenitra
CUST01954,2023-03-20,REGULAR,SILVER,45-54,Fes
CUST01955,2025-01-25,NEW,BRONZE,55+,Agadir
CUST01956,2025-02-19,REGULAR,SILVER,25-34,Marrakech
CUST01957,2023-12-27,REGULAR,SILVER,25-34,Kenitra
CUST01958,2025-03-18,NEW,BRONZE,18-24,Casablanca
CUST01959,2025-12-26,REGULAR,SILVER,25-34,Tanger
CUST01960,2023-07-31,REGULAR,BRONZE,25-34,Rabat
CUST01961,2024-11-22,REGULAR,SILVER,25-34,Kenitra
CUST01962,2024-03-29,VIP,GOLD,18-24,Marrakech
CUST01963,2025-10-30,NEW,BRONZE,35-44,Kenitra
CUST01964,2025-03-02,VIP,SILVER,35-44,Marrakech
CUST01965,2024-06-19,NEW,BRONZE,45-54,Agadir
CUST01966,2023-06-02,VIP,GOLD,35-44,Marrakech
CUST01967,2024-11-14,REGULAR,SILVER,25-34,Rabat
CUST01968,2024-10-28,REGULAR,BRONZE,35-44,Tanger
CUST01969,2025-01-19,REGULAR,BRONZE,18-24,Fes
CUST01970,2025-05-22,REGULAR,SILVER,45-54,Rabat
CUST01971,2023-08-12,REGULAR,BRONZE,35-44,Tanger
CUST01972,2023-09-07,REGULAR,SILVER,25-34,Marrakech
CUST01973,2024-07-10,REGULAR,BRONZE,25-34,Fes
CUST01974,2025-05-26,REGULAR,SILVER,25-34,Tanger
CUST01975,2023-12-10,NEW,BRONZE,35-44,Agadir
CUST01976,2025-05-14,VIP,GOLD,35-44,Casablanca
CUST01977,2023-09-01,VIP,GOLD,45-54,Rabat
CUST01978,2023-03-29,NEW,BRONZE,25-34,Agadir
CUST01979,2024-04-29,NEW,BRONZE,25-34,Tanger
CUST01980,2025-09-11,NEW,BRONZE,25-34,Marrakech
CUST01981,2024-08-05,VIP,GOLD,18-24,Marrakech
CUST01982,2024-03-30,REGULAR,SILVER,18-24,Agadir
CUST01983,2025-11-21,VIP,GOLD,35-44,Kenitra
CUST01984,2023-12-21,REGULAR,BRONZE,35-44,Casablanca
CUST01985,2023-01-15,REGULAR,BRONZE,35-44,Fes
CUST01986,2025-04-30,NEW,BRONZE,35-44,Agadir
CUST01987,2025-08-23,REGULAR,BRONZE,25-34,Casablanca
CUST01988,2024-10-19,NEW,BRONZE,35-44,Fes
CUST01989,2023-03-08,REGULAR,BRONZE,35-44,Fes
CUST01990,2025-03-14,NEW,BRONZE,25-34,Rabat
CUST01991,2024-03-16,NEW,BRONZE,25-34,Tanger
CUST01992,2024-03-14,REGULAR,BRONZE,45-54,Agadir
CUST01993,2023-06-04,REGULAR,BRONZE,25-34,Casablanca
CUST01994,2024-05-15,REGULAR,BRONZE,18-24,Marrakech
CUST01995,2025-08-06,REGULAR,SILVER,55+,Casablanca
CUST01996,2024-11-12,NEW,BRONZE,45-54,Marrakech
CUST01997,2025-06-17,NEW,BRONZE,35-44,Rabat
CUST01998,2025-08-17,REGULAR,SILVER,25-34,Casablanca
CUST01999,2025-11-28,NEW,BRONZE,18-24,Tanger
CUST02000,2025-01-16,REGULAR,BRONZE,45-54,Casablanca
CUST02001,2025-09-28,REGULAR,SILVER,35-44,Kenitra
CUST02002,2025-02-01,REGULAR,SILVER,18-24,Casablanca
CUST02003,2023-03-24,NEW,BRONZE,45-54,Casablanca
CUST02004,2024-10-18,NEW,BRONZE,45-54,Tanger
CUST02005,2023-07-11,NEW,BRONZE,45-54,Tanger
CUST02006,2023-02-19,NEW,BRONZE,25-34,Kenitra
CUST02007,2024-02-07,VIP,GOLD,18-24,Rabat
CUST02008,2023-08-24,NEW,BRONZE,18-24,Agadir
CUST02009,2025-07-31,REGULAR,BRONZE,18-24,Rabat
CUST02010,2023-08-19,REGULAR,BRONZE,18-24,Casablanca
CUST02011,2023-10-06,REGULAR,SILVER,25-34,Casablanca
CUST02012,2024-08-24,regular,SILVER,25-34,Kenitra
CUST02013,2024-09-09,REGULAR,BRONZE,18-24,Tanger
CUST02014,2023-02-16,REGULAR,SILVER,25-34,Kenitra
CUST02015,2023-10-03,NEW,BRONZE,45-54, Casablanca 
CUST02016,2024-12-17,REGULAR,BRONZE,35-44,Tanger
CUST02017,2024-12-08,NEW,BRONZE,18-24,Tanger
CUST02018,2024-07-18,NEW,BRONZE,55+,Marrakech
CUST02019,2024-03-10,REGULAR,SILVER,55+,Agadir
CUST02020,2023-04-21,REGULAR,SILVER,18-24,Fes
CUST02021,2023-05-06,REGULAR,BRONZE,25-34,Fes
CUST02022,2023-09-17,VIP,GOLD,45-54,Kenitra
CUST02023,2023-01-16,New,BRONZE,55+,Casablanca
CUST02024,2025-04-10,VIP,GOLD,18-24,Fes
CUST02025,2025-06-25,REGULAR,SILVER,25-34,Kenitra
CUST02026,2025-09-09,REGULAR,BRONZE,35-44,Fes
CUST02027,2023-08-31,REGULAR,BRONZE,45-54,Casablanca
CUST02028,2024-04-15,NEW,BRONZE,25-34,Tanger
CUST02029,2023-03-29,REGULAR,BRONZE,45-54,Fes
CUST02030,2023-08-10,VIP,GOLD,25-34,Rabat
CUST02031,2024-05-19,NEW,BRONZE,25-34,Rabat
CUST02032,2025-12-22,VIP,GOLD,35-44,Casablanca
CUST02033,2023-02-20,NEW,BRONZE,25-34,Kenitra
CUST02034,2025-05-22,REGULAR,SILVER,25-34,Rabat
CUST02035,2024-02-15,REGULAR,BRONZE,25-34,Kenitra
CUST02036,2023-11-01,NEW,BRONZE,18-24,Tanger
CUST02037,2023-04-28,VIP,GOLD,35-44,Fes
CUST02038,2023-02-21,REGULAR,BRONZE,18-24,Fes
CUST02039,2024-05-31,NEW,BRONZE,45-54,Marrakech
CUST02040,2024-07-06,REGULAR,SILVER,45-54,Agadir
CUST02041,2023-03-28,NEW,BRONZE,55+,Agadir
CUST02042,2025-03-19,REGULAR,SILVER,25-34,Agadir
CUST02043,2023-09-04,REGULAR,SILVER,18-24,Rabat
CUST02044,2024-03-18,REGULAR,BRONZE,45-54,Fes
CUST02045,2024-10-22,REGULAR,BRONZE,35-44,Marrakech
CUST02046,2023-01-31,NEW,BRONZE,18-24,Fes
CUST02047,2024-03-14,REGULAR,SILVER,25-34,Rabat
CUST02048,2023-02-26,REGULAR,SILVER,55+,Tanger
CUST02049,2023-06-21,NEW,BRONZE,18-24,Rabat
CUST02050,2025-10-28,REGULAR,SILVER,35-44,Tanger
CUST02051,2025-03-28,VIP,SILVER,45-54,Casablanca
CUST02052,2024-12-30,REGULAR,BRONZE,35-44,Marrakech
CUST02053,2023-05-07,REGULAR,SILVER,18-24,Fes
CUST02054,2024-01-04,REGULAR,SILVER,35-44,Kenitra
CUST02055,2023-06-22,VIP,GOLD,35-44,Tanger
CUST02056,2025-10-30,NEW,BRONZE,35-44,Agadir
CUST02057,2024-04-14,REGULAR,SILVER,25-34,Tanger
CUST02058,2025-10-09,VIP,SILVER,35-44,Fes
CUST02059,2024-04-04,REGULAR,SILVER,45-54,Rabat
CUST02060,2025-03-26,NEW,BRONZE,25-34,Agadir
CUST02061,2024-05-24,REGULAR,SILVER,18-24,Kenitra
CUST02062,2023-01-24,NEW,BRONZE,25-34,Fes
CUST02063,2024-05-12, REGULAR ,SILVER,55+,Marrakech
CUST02064,2024-03-30,NEW,BRONZE,55+,Marrakech
CUST02065,2025-03-20,REGULAR,SILVER,18-24,fes
CUST02066,2023-08-20,REGULAR,BRONZE,45-54,Agadir
CUST02067,2024-02-23,REGULAR,BRONZE,18-24,Casablanca
CUST02068,2024-01-18,VIP,GOLD,25-34,Kenitra
CUST02069,2023-02-14,VIP,GOLD,18-24,Tanger
CUST02070,2023-07-19,REGULAR,BRONZE,35-44,Agadir
CUST02071,2025-04-03,REGULAR,SILVER,35-44,Agadir
CUST02072,2023-03-27,REGULAR,BRONZE,25-34,Fes
CUST02073,2025-06-25,NEW,BRONZE,25-34,Tanger
CUST02074,2025-02-10,VIP,SILVER,35-44,Agadir
CUST02075,2025-06-20,REGULAR,SILVER,25-34,Agadir
CUST02076,2024-06-18,VIP,SILVER,35-44,Rabat
CUST02077,2023-04-30,REGULAR,SILVER,35-44,Casablanca
CUST02078,2024-12-20,NEW,BRONZE,45-54,Fes
CUST02079,2025-03-19,NEW,BRONZE,18-24,Fes
CUST02080,2024-06-16,REGULAR,BRONZE,35-44,fes
CUST02081,2024-09-08,REGULAR,SILVER,55+,Casablanca
CUST02082,2024-07-15,REGULAR,SILVER,25-34,Fes
CUST02083,2023-11-28,NEW,BRONZE,25-34,Fes
CUST02084,2023-03-01,REGULAR,SILVER,35-44,Casablanca
CUST02085,2025-05-20,NEW,BRONZE,18-24,Tanger
CUST02086,2024-01-13,REGULAR,SILVER,35-44,Rabat
CUST02087,2024-12-11,NEW,BRONZE,45-54,Agadir
CUST02088,2023-08-31,NEW,BRONZE,45-54,Tanger
CUST02089,2025-08-28,REGULAR,BRONZE,18-24,Marrakech
CUST02090,2024-07-29,REGULAR,BRONZE,45-54,Kenitra
CUST02091,2024-05-29,REGULAR,SILVER,18-24,Rabat
CUST02092,2025-08-29,REGULAR,SILVER,25-34,Agadir
CUST02093,2023-06-12,NEW,BRONZE,25-34,Tanger
CUST02094,2023-10-04,VIP,GOLD,18-24,Tanger
CUST02095,2023-08-16,VIP,SILVER,45-54,Marrakech
CUST02096,2024-12-01,NEW,BRONZE,35-44,Tanger
CUST02097,2023-12-12,REGULAR,SILVER,35-44,Kenitra
CUST02098,2024-04-21,REGULAR,SILVER,18-24,Tanger
CUST02099,2025-05-29,NEW,BRONZE,45-54,Agadir
CUST02100,2023-06-07,NEW,BRONZE,35-44,Agadir
CUST02101,2025-10-03,REGULAR,BRONZE,25-34,Fes
CUST02102,2024-08-24,REGULAR,BRONZE,35-44,Casablanca
CUST02103,2025-02-16,REGULAR,BRONZE,18-24,Kenitra
CUST02104,2023-05-18,REGULAR,SILVER,35-44,Tanger
CUST02105,2023-03-09,REGULAR,BRONZE,25-34,Agadir
CUST02106,2024-04-14,REGULAR,BRONZE,35-44,Rabat
CUST02107,2023-08-01,REGULAR,SILVER,18-24,Fes
CUST02108,2025-05-20,REGULAR,BRONZE,25-34,Kenitra
CUST02109,2024-06-20,REGULAR,BRONZE,25-34,Agadir
CUST02110,2023-08-08,NEW,BRONZE,25-34,Agadir
CUST02111,2025-10-25,REGULAR,SILVER,55+,Tanger
CUST02112,2025-12-16,REGULAR,BRONZE,35-44,Kenitra
CUST02113,2023-09-30,REGULAR,BRONZE,25-34,Tanger
CUST02114,2023-03-16,REGULAR,SILVER,45-54,Casablanca
CUST02115,2024-04-08,REGULAR,BRONZE,55+,Casablanca
CUST02116,2025-10-20,NEW,BRONZE,18-24,Casablanca
CUST02117,2024-03-10,NEW,BRONZE,25-34,Tanger
CUST02118,2023-01-05,NEW,BRONZE,18-24,Fes
CUST02119,2025-09-11,REGULAR,BRONZE,25-34,Marrakech
CUST02120,2023-07-10,REGULAR,BRONZE,18-24,Kenitra
CUST02121,2025-11-11,REGULAR,SILVER,35-44,Fes
CUST02122,2023-10-11,NEW,BRONZE,35-44,Tanger
CUST02123,2023-07-20,NEW,BRONZE,25-34,Fes
CUST02124,2025-01-27,REGULAR,SILVER,18-24,Agadir
CUST02125,2023-02-10,VIP,GOLD,25-34,Fes
CUST02126,2023-07-08,NEW,BRONZE,35-44,Kenitra
CUST02127,2024-04-05,VIP,GOLD,45-54,Marrakech
CUST02128,2024-07-04,REGULAR,SILVER,35-44,Marrakech
CUST02129,2024-02-03,REGULAR,BRONZE,35-44,Marrakech
CUST02130,2025-04-09,NEW,BRONZE,35-44,Marrakech
CUST02131,2023-08-31,REGULAR,SILVER,25-34,Kenitra
CUST02132,2025-01-13,REGULAR,BRONZE,18-24, Fes 
CUST02133,2023-06-28,NEW,BRONZE,35-44,Tanger
CUST02134,2024-01-18,REGULAR,SILVER,55+,Marrakech
CUST02135,2025-01-24,VIP,GOLD,55+,Kenitra
CUST02136,2025-08-01,REGULAR,SILVER,25-34,Agadir
CUST02137,2024-01-14,REGULAR,BRONZE,25-34,Kenitra
CUST02138,2023-10-10,REGULAR,BRONZE,35-44,Casablanca
CUST02139,2023-06-02,REGULAR,SILVER,35-44,Kenitra
CUST02140,2024-08-24,REGULAR,BRONZE,45-54,Fes
CUST02141,2023-10-17, NEW ,BRONZE,18-24, Tanger 
CUST02142,2025-03-28,NEW,BRONZE,25-34,Kenitra
CUST02143,2023-10-06,NEW,BRONZE,25-34,Marrakech
CUST02144,2024-07-27,NEW,BRONZE,35-44,Marrakech
CUST02145,2023-11-26,REGULAR,SILVER,25-34,Rabat
CUST02146,2025-02-03,NEW,BRONZE,35-44,Tanger
CUST02147,2023-05-01,NEW,BRONZE,45-54,Marrakech
CUST02148,2023-06-26,REGULAR,SILVER,25-34,Agadir
CUST02149,2025-06-21,NEW,BRONZE,25-34,Rabat
CUST02150,2024-10-04,REGULAR,BRONZE,35-44,Kenitra
CUST02151,2025-10-29,REGULAR,SILVER,18-24,Agadir
CUST02152,2025-12-04,REGULAR,BRONZE,55+,Kenitra
CUST02153,2023-08-25,REGULAR,BRONZE,35-44,Fes
CUST02154,2024-03-12,VIP,SILVER,45-54,Kenitra
CUST02155,2025-04-05,NEW,BRONZE,45-54,Fes
CUST02156,2025-01-07,REGULAR,BRONZE,18-24,Tanger
CUST02157,2024-07-13,VIP,SILVER,35-44,Agadir
CUST02158,2024-05-29,VIP,GOLD,55+,Casablanca
CUST02159,2024-09-02,REGULAR,BRONZE,25-34,Kenitra
CUST02160,2024-07-20,REGULAR,SILVER,25-34,Fes
CUST02161,2025-03-24,NEW,BRONZE,55+,Marrakech
CUST02162,2024-10-26,NEW,BRONZE,18-24,Agadir
CUST02163,2024-04-23,NEW,BRONZE,18-24,Fes
CUST02164,2023-02-09,NEW,BRONZE,25-34,Agadir
CUST02165,2023-02-18,REGULAR,SILVER,35-44,Kenitra
CUST02166,2023-06-20,REGULAR,BRONZE,25-34,Agadir
CUST02167,2025-01-01,VIP,SILVER,35-44,Casablanca
CUST02168,2023-04-14,NEW,BRONZE,55+,Casablanca
CUST02169,2024-12-11,VIP,GOLD,25-34,Agadir
CUST02170,2023-03-31,VIP,SILVER,18-24,Tanger
CUST02171,2023-04-12,VIP,SILVER,18-24,Casablanca
CUST02172,2025-03-15,REGULAR,BRONZE,45-54,Tanger
CUST02173,2023-08-31,NEW,BRONZE,35-44,Rabat
CUST02174,2024-08-05,NEW,BRONZE,35-44,Casablanca
CUST02175,2023-12-23,VIP,GOLD,35-44,Tanger
CUST02176,2024-11-28,NEW,BRONZE,25-34,Rabat
CUST02177,2023-01-27,REGULAR,SILVER,25-34,Tanger
CUST02178,2025-06-18,REGULAR,BRONZE,18-24,Fes
CUST02179,2024-03-22,REGULAR,SILVER,45-54,Marrakech
CUST02180,2023-02-12,NEW,BRONZE,25-34,Fes
CUST02181,2023-01-17,NEW,BRONZE,25-34,Rabat
CUST02182,2023-09-24,VIP,GOLD,35-44,Rabat
CUST02183,2024-01-18,REGULAR,BRONZE,18-24,Tanger
CUST02184,2023-02-01,REGULAR,BRONZE,35-44,Agadir
CUST02185,2024-12-30,NEW,BRONZE,25-34,casablanca
CUST02186,2024-03-26,REGULAR,BRONZE,55+,Agadir
CUST02187,2024-11-15,REGULAR,SILVER,25-34,Tanger
CUST02188,2025-05-17,REGULAR,SILVER,35-44,Casablanca
CUST02189,2024-01-02,REGULAR,BRONZE,25-34,Kenitra
CUST02190,2025-08-06,VIP,SILVER,45-54,Fes
CUST02191,2024-04-07,REGULAR,BRONZE,18-24,Casablanca
CUST02192,2023-12-17,NEW,BRONZE,25-34,AGADIR
CUST02193,2023-08-18,REGULAR,BRONZE,35-44,Kenitra
CUST02194,2024-10-02,REGULAR,SILVER,35-44,Casablanca
CUST02195,2023-04-02,REGULAR,SILVER,35-44,Fes
CUST02196,2024-03-18,NEW,BRONZE,25-34,Marrakech
CUST02197,2025-11-08,NEW,BRONZE,25-34,Agadir
CUST02198,2025-09-03,NEW,BRONZE,18-24,Marrakech
CUST02199,2024-04-13,NEW,BRONZE,55+,Kenitra
CUST02200,2024-03-08,REGULAR,BRONZE,35-44,Fes
CUST02201,2024-02-06,REGULAR,BRONZE,18-24,Casablanca
CUST02202,2023-11-02,NEW,BRONZE,55+,Agadir
CUST02203,2023-07-31,NEW,BRONZE,25-34,Tanger
CUST02204,2023-04-07,REGULAR,SILVER,25-34,Rabat
CUST02205,2024-04-17,VIP,GOLD,18-24,Fes
CUST02206,2024-04-04,NEW,BRONZE,25-34,Agadir
CUST02207,2023-06-01,REGULAR,SILVER,55+,Tanger
CUST02208,2024-03-22,NEW,BRONZE,45-54,Casablanca
CUST02209,2023-05-17,REGULAR,SILVER,25-34,Casablanca
CUST02210,2023-08-31,REGULAR,BRONZE,55+,Kenitra
CUST02211,2025-05-05,REGULAR,SILVER,25-34,Tanger
CUST02212,2025-03-17,VIP,GOLD,25-34,Kenitra
CUST02213,2024-06-05,REGULAR,BRONZE,25-34,Fes
CUST02214,2024-01-22,REGULAR,SILVER,25-34,Rabat
CUST02215,2024-01-24,NEW,BRONZE,18-24,Casablanca
CUST02216,2023-10-28,NEW,BRONZE,35-44,Tanger
CUST02217,2024-10-18,NEW,BRONZE,45-54,Agadir
CUST02218,2023-03-22,REGULAR,SILVER,35-44,Agadir
CUST02219,2024-09-29,VIP,GOLD,45-54,Kenitra
CUST02220,2023-10-02,REGULAR,SILVER,25-34,Casablanca
CUST02221,2024-04-28,NEW,BRONZE,18-24,Tanger
CUST02222,2025-01-19,REGULAR,SILVER,25-34,Rabat
CUST02223,2025-08-14,REGULAR,SILVER,35-44,Fes
CUST02224,2024-07-03,REGULAR,SILVER,35-44,Kenitra
CUST02225,2024-07-08,REGULAR,SILVER,18-24,Fes
CUST02226,2024-12-03,REGULAR,BRONZE,35-44,Marrakech
CUST02227,2024-09-19,REGULAR,SILVER,45-54,Tanger
CUST02228,2025-01-30,REGULAR,SILVER,55+,Tanger
CUST02229,2023-01-28,REGULAR,SILVER,55+,Casablanca
CUST02230,2024-06-28,NEW,BRONZE,35-44,Rabat
CUST02231,2024-02-05,NEW,BRONZE,45-54,Tanger
CUST02232,2024-03-13,REGULAR,BRONZE,25-34,Marrakech
CUST02233,2023-08-02,VIP,SILVER,35-44,Marrakech
CUST02234,2025-12-23,REGULAR,BRONZE,25-34,Rabat
CUST02235,2024-07-29,REGULAR,BRONZE,45-54,Tanger
CUST02236,2025-06-05,VIP,GOLD,35-44,Kenitra
CUST02237,2023-04-10,NEW,BRONZE,18-24,Tanger
CUST02238,2025-12-19,REGULAR,SILVER,18-24,Casablanca
CUST02239,2025-05-30,Regular,SILVER,55+,Casablanca
CUST02240,2023-04-06,VIP,SILVER,18-24,Tanger
CUST02241,2025-01-22,REGULAR,BRONZE,35-44,Rabat
CUST02242,2023-09-20,NEW,BRONZE,18-24,Fes
CUST02243,2023-02-24,REGULAR,BRONZE,35-44,Tanger
CUST02244,2023-06-27,REGULAR,BRONZE,25-34,Casablanca
CUST02245,2023-11-12,REGULAR,SILVER,35-44,Agadir
CUST02246,2025-09-19,REGULAR,SILVER,45-54,Agadir
CUST02247,2024-03-12,VIP,SILVER,25-34,Casablanca
CUST02248,2024-01-25,VIP,SILVER,35-44,Kenitra
CUST02249,2024-03-30,REGULAR,BRONZE,25-34,Casablanca
CUST02250,2023-03-13,REGULAR,BRONZE,25-34,Marrakech
CUST02251,2025-10-16,REGULAR,BRONZE,18-24,Tanger
CUST02252,2025-10-03,NEW,BRONZE,55+,Kenitra
CUST02253,2024-03-31,VIP,SILVER,35-44,Tanger
CUST02254,2024-06-20,REGULAR,SILVER,25-34,Fes
CUST02255,2023-10-25,NEW,BRONZE,35-44,Casablanca
CUST02256,2023-08-06,REGULAR,SILVER,45-54,Casablanca
CUST02257,2023-11-12,REGULAR,BRONZE,25-34,Agadir
CUST02258,2024-11-22,NEW,BRONZE,35-44,Casablanca
CUST02259,2024-05-16,NEW,BRONZE,25-34,Kenitra
CUST02260,2024-04-28,NEW,BRONZE,18-24,Tanger
CUST02261,2024-10-25,NEW,BRONZE,18-24,Tanger
CUST02262,2024-08-10,REGULAR,BRONZE,35-44,Agadir
CUST02263,2025-09-02,NEW,BRONZE,35-44,Marrakech
CUST02264,2023-05-18,REGULAR,SILVER,35-44,Rabat
CUST02265,2024-11-06,REGULAR,BRONZE,25-34,Marrakech
CUST02266,2024-10-19,REGULAR,SILVER,18-24,Tanger
CUST02267,2023-10-08,NEW,BRONZE,45-54,Casablanca
CUST02268,2025-10-13,NEW,BRONZE,25-34,Kenitra
CUST02269,2025-05-30,VIP,GOLD,18-24,Marrakech
CUST02270,2025-12-07,REGULAR,BRONZE,18-24,Fes
CUST02271,2024-01-15,NEW,BRONZE,55+,Fes
CUST02272,2025-08-31,REGULAR,SILVER,55+,Casablanca
CUST02273,2024-09-24,NEW,BRONZE,35-44,Kenitra
CUST02274,2024-11-16,NEW,BRONZE,25-34,Rabat
CUST02275,2023-02-18,REGULAR,SILVER,25-34,Kenitra
CUST02276,2024-08-04,REGULAR,BRONZE,25-34,Casablanca
CUST02277,2024-09-25,REGULAR,SILVER,25-34,Fes
CUST02278,2024-09-25,VIP,GOLD,25-34,Tanger
CUST02279,2023-03-11,NEW,BRONZE,35-44,Rabat
CUST02280,2025-08-21,NEW,BRONZE,25-34,Marrakech
CUST02281,2023-06-11,NEW,BRONZE,25-34,Marrakech
CUST02282,2025-01-29,REGULAR,BRONZE,25-34,Kenitra
CUST02283,2025-04-26,REGULAR,SILVER,35-44,Casablanca
CUST02284,2025-12-10,REGULAR,SILVER,25-34,Kenitra
CUST02285,2024-09-03,VIP,GOLD,45-54,Agadir
CUST02286,2024-09-17,REGULAR,SILVER,55+,Tanger
CUST02287,2024-06-13,NEW,BRONZE,25-34,Casablanca
CUST02288,2023-02-05,REGULAR,BRONZE,25-34,Casablanca
CUST02289,2025-09-03,REGULAR,BRONZE,18-24,Rabat
CUST02290,2025-07-01,NEW,BRONZE,25-34,Tanger
CUST02291,2025-11-28,REGULAR,SILVER,18-24,Kenitra
CUST02292,2023-09-15,NEW,BRONZE,25-34,Kenitra
CUST02293,2023-05-12,NEW,BRONZE,45-54,Tanger
CUST02294,2023-08-07,NEW,BRONZE,25-34,Agadir
CUST02295,2024-12-30,REGULAR,SILVER,45-54,Kenitra
CUST02296,2023-01-05,REGULAR,SILVER,25-34,Marrakech
CUST02297,2025-01-08,REGULAR,BRONZE,18-24,Agadir
CUST02298,2024-04-01,VIP,SILVER,45-54,Casablanca
CUST02299,2023-11-19,VIP,SILVER,25-34,Tanger
CUST02300,2024-06-26,REGULAR,BRONZE,35-44,Kenitra
CUST02301,2025-10-30,REGULAR,SILVER,55+,Rabat
CUST02302,2024-10-04,REGULAR,BRONZE,25-34,Fes
CUST02303,2023-07-03,REGULAR,SILVER,55+,Kenitra
CUST02304,2024-09-10,NEW,BRONZE,45-54,Casablanca
CUST02305,2023-04-07,NEW,BRONZE,25-34,Fes
CUST02306,2023-11-23,new,BRONZE,18-24,Marrakech
CUST02307,2025-04-01,REGULAR,BRONZE,25-34,Casablanca
CUST02308,2024-06-03,REGULAR,SILVER,25-34,Agadir
CUST02309,2025-07-23,REGULAR,BRONZE,35-44,Tanger
CUST02310,2024-12-12,REGULAR,SILVER,25-34,Agadir
CUST02311,2023-04-25,NEW,BRONZE,45-54,Agadir
CUST02312,2023-12-16,NEW,BRONZE,18-24,Agadir
CUST02313,2024-08-29,REGULAR,BRONZE,35-44,Fes
CUST02314,2023-09-29,REGULAR,SILVER,55+,Fes
CUST02315,2024-06-14,REGULAR,SILVER,35-44,Tanger
CUST02316,2024-10-19,REGULAR,SILVER,45-54,Marrakech
CUST02317,2024-06-24,NEW,BRONZE,45-54,Marrakech
CUST02318,2025-08-18,REGULAR,SILVER,45-54,Casablanca
CUST02319,2024-12-03,REGULAR,SILVER,25-34,Marrakech
CUST02320,2024-05-25,REGULAR,SILVER,18-24,Tanger
CUST02321,2023-04-07,NEW,BRONZE,35-44,Casablanca
CUST02322,2023-04-13,REGULAR,BRONZE,25-34,Tanger
CUST02323,2023-03-15,REGULAR,BRONZE,35-44,Kenitra
CUST02324,2024-12-27,NEW,BRONZE,55+,Fes
CUST02325,2025-03-05,REGULAR,BRONZE,25-34,Marrakech
CUST02326,2024-08-15,NEW,BRONZE,45-54,Casablanca
CUST02327,2025-02-22,REGULAR,BRONZE,45-54,Agadir
CUST02328,2024-02-19,VIP,GOLD,25-34,Fes
CUST02329,2025-11-28,REGULAR,SILVER,18-24,Kenitra
CUST02330,2025-02-05,REGULAR,SILVER,25-34,Rabat
CUST02331,2025-07-06,REGULAR,BRONZE,55+,Fes
CUST02332,2024-10-10,REGULAR,SILVER,45-54,Fes
CUST02333,2023-11-24,VIP,SILVER,35-44,Fes
CUST02334,2023-10-18,REGULAR,BRONZE,25-34,Agadir
CUST02335,2024-08-08,NEW,BRONZE,25-34,Casablanca
CUST02336,2025-04-03,NEW,BRONZE,25-34,Agadir
CUST02337,2024-08-30,REGULAR,BRONZE,25-34,Fes
CUST02338,2025-11-19,NEW,BRONZE,35-44,Casablanca
CUST02339,2023-03-24,NEW,BRONZE,45-54,Rabat
CUST02340,2023-07-13,VIP,SILVER,55+,Kenitra
CUST02341,2023-08-19,REGULAR,BRONZE,25-34,Marrakech
CUST02342,2023-01-18,NEW,BRONZE,25-34,Kenitra
CUST02343,2024-09-17,REGULAR,BRONZE,35-44,Tanger
CUST02344,2025-10-16,REGULAR,SILVER,35-44,Tanger
CUST02345,2025-03-05,REGULAR,SILVER,35-44,Agadir
CUST02346,2023-09-22,NEW,BRONZE,45-54,Marrakech
CUST02347,2024-01-02,NEW,BRONZE,25-34,Kenitra
CUST02348,2024-06-02,REGULAR,BRONZE,45-54,Agadir
CUST02349,2023-08-18,NEW,BRONZE,35-44,Tanger
CUST02350,2024-07-22,REGULAR,BRONZE,35-44,Marrakech
CUST02351,2023-04-27,NEW,BRONZE,35-44, Fes 
CUST02352,2023-05-08,NEW,BRONZE,25-34,Marrakech
CUST02353,2023-07-17,NEW,BRONZE,35-44,Tanger
CUST02354,2024-04-26,REGULAR,BRONZE,45-54,Marrakech
CUST02355,2023-12-17,REGULAR,BRONZE,25-34,Fes
CUST02356,2025-07-25,REGULAR,BRONZE,25-34,Casablanca
CUST02357,2025-10-24,REGULAR,SILVER,45-54,Casablanca
CUST02358,2025-11-01,REGULAR,BRONZE,25-34,Casablanca
CUST02359,2024-09-16,VIP,SILVER,45-54,Rabat
CUST02360,2024-02-16,VIP,SILVER,55+,Agadir
CUST02361,2024-12-16,VIP,SILVER,45-54,Marrakech
CUST02362,2023-02-10,REGULAR,SILVER,45-54,Fes
CUST02363,2025-01-28,REGULAR,BRONZE,18-24,Agadir
CUST02364,2024-06-29,NEW,BRONZE,18-24,Fes
CUST02365,2025-10-27,REGULAR,SILVER,35-44,Marrakech
CUST02366,2024-09-04,REGULAR,SILVER,45-54,Agadir
CUST02367,2023-11-05,REGULAR,SILVER,25-34,Agadir
CUST02368,2023-12-16,REGULAR,SILVER,35-44,Casablanca
CUST02369,2023-11-29,REGULAR,BRONZE,45-54,Agadir
CUST02370,2024-09-02,VIP,GOLD,35-44,Kenitra
CUST02371,2025-05-16,REGULAR,SILVER,25-34,Tanger
CUST02372,2023-01-08,REGULAR,SILVER,25-34,Agadir
CUST02373,2024-08-05,REGULAR,BRONZE,25-34,Tanger
CUST02374,2025-04-21,REGULAR,SILVER,25-34,Marrakech
CUST02375,2025-12-28,NEW,BRONZE,25-34,Tanger
CUST02376,2023-01-21,REGULAR,BRONZE,45-54,Rabat
CUST02377,2023-03-06,NEW,BRONZE,35-44,Rabat
CUST02378,2023-05-06,NEW,BRONZE,18-24,Marrakech
CUST02379,2024-03-29,NEW,BRONZE,35-44,Kenitra
CUST02380,2024-04-30,REGULAR,SILVER,35-44,Tanger
CUST02381,2025-05-01,VIP,SILVER,25-34,Casablanca
CUST02382,2023-01-27,NEW,BRONZE,35-44,Agadir
CUST02383,2023-07-28,REGULAR,SILVER,25-34,Rabat
CUST02384,2023-07-18,REGULAR,BRONZE,25-34,Marrakech
CUST02385,2025-07-08,REGULAR,SILVER,25-34,Agadir
CUST02386,2023-03-13,NEW,BRONZE,25-34,Kenitra
CUST02387,2024-08-28,REGULAR,SILVER,25-34,Marrakech
CUST02388,2024-12-03,VIP,GOLD,18-24,Casablanca
CUST02389,2023-09-16,NEW,BRONZE,25-34,Tanger
CUST02390,2024-01-01,NEW,BRONZE,35-44,marrakech
CUST02391,2024-08-26,REGULAR,BRONZE,25-34,Fes
CUST02392,2024-08-13,REGULAR,SILVER,25-34,Marrakech
CUST02393,2024-04-19,REGULAR,SILVER,25-34,Fes
CUST02394,2024-12-13,NEW,BRONZE,35-44,Rabat
CUST02395,2023-07-07,VIP,GOLD,35-44,Casablanca
CUST02396,2025-08-06,REGULAR,SILVER,35-44,Marrakech
CUST02397,2024-10-19,REGULAR,SILVER,25-34,Casablanca
CUST02398,2024-12-10,NEW,BRONZE,25-34,Fes
CUST02399,2023-06-22,REGULAR,BRONZE,25-34,Rabat
CUST02400,2023-07-09,NEW,BRONZE,35-44,Kenitra
CUST02401,2024-12-31,REGULAR,SILVER,35-44,Tanger
CUST02402,2023-08-18,REGULAR,SILVER,55+,Kenitra
CUST02403,2025-07-29,NEW,BRONZE,35-44,Rabat
CUST02404,2024-03-31,NEW,BRONZE,25-34,Rabat
CUST02405,2025-12-03,VIP,GOLD,45-54,Rabat
CUST02406,2023-05-20, REGULAR ,BRONZE,25-34,Marrakech
CUST02407,2024-10-09,REGULAR,SILVER,25-34,Rabat
CUST02408,2024-03-11,VIP,GOLD,18-24,Tanger
CUST02409,2023-08-08,REGULAR,SILVER,18-24,Kenitra
CUST02410,2025-09-08,REGULAR,SILVER,18-24,Marrakech
CUST02411,2024-09-27,NEW,BRONZE,25-34,Marrakech
CUST02412,2025-05-30,NEW,BRONZE,18-24,Marrakech
CUST02413,2023-03-17,NEW,BRONZE,25-34,Casablanca
CUST02414,2024-11-28,NEW,BRONZE,25-34,Agadir
CUST02415,2024-08-26,REGULAR,SILVER,55+,Marrakech
CUST02416,2025-01-29,REGULAR,SILVER,35-44,Agadir
CUST02417,2025-11-27,REGULAR,BRONZE,25-34,Casablanca
CUST02418,2023-06-01,REGULAR,SILVER,45-54,Agadir
CUST02419,2025-08-04,NEW,BRONZE,45-54,Kenitra
CUST02420,2024-02-27,REGULAR,BRONZE,25-34,Marrakech
CUST02421,2023-03-02,NEW,BRONZE,35-44,Tanger
CUST02422,2025-10-03,REGULAR,BRONZE,18-24,Kenitra
CUST02423,2023-12-08,REGULAR,SILVER,35-44,Marrakech
CUST02424,2025-05-20,VIP,SILVER,45-54,Tanger
CUST02425,2024-10-03,REGULAR,BRONZE,18-24, Agadir 
CUST02426,2025-03-19,NEW,BRONZE,18-24,Marrakech
CUST02427,2025-12-26,NEW,BRONZE,18-24,Casablanca
CUST02428,2025-05-23,NEW,BRONZE,35-44,Tanger
CUST02429,2023-09-09,NEW,BRONZE,25-34,Casablanca
CUST02430,2023-05-23,VIP,SILVER,25-34,Fes
CUST02431,2024-03-20,REGULAR,SILVER,18-24,Casablanca
CUST02432,2023-01-15,REGULAR,SILVER,25-34,Rabat
CUST02433,2024-05-19,NEW,BRONZE,35-44,Tanger
CUST02434,2025-01-01,REGULAR,BRONZE,35-44,Fes
CUST02435,2023-03-29,REGULAR,BRONZE,25-34,Fes
CUST02436,2025-05-13,VIP,GOLD,25-34,Rabat
CUST02437,2023-06-18,REGULAR,SILVER,18-24,Rabat
CUST02438,2023-08-03,REGULAR,SILVER,45-54,Agadir
CUST02439,2024-09-05,REGULAR,SILVER,35-44,Kenitra
CUST02440,2023-01-03,NEW,BRONZE,25-34,Kenitra
CUST02441,2025-11-08,VIP,GOLD,45-54,Agadir
CUST02442,2024-04-15,REGULAR,BRONZE,25-34,Marrakech
CUST02443,2025-04-03,NEW,BRONZE,25-34,Casablanca
CUST02444,2025-11-08,REGULAR,SILVER,35-44,Tanger
CUST02445,2024-11-04,REGULAR,SILVER,45-54,Tanger
CUST02446,2023-02-13,REGULAR,SILVER,45-54,Tanger
CUST02447,2024-07-08,REGULAR,BRONZE,45-54,Kenitra
CUST02448,2023-05-14,REGULAR,BRONZE,35-44,Fes
CUST02449,2024-04-24,NEW,BRONZE,35-44,FES
CUST02450,2023-01-26,REGULAR,BRONZE,25-34,Casablanca
CUST02451,2023-02-17,NEW,BRONZE,55+,Casablanca
CUST02452,2024-06-20,NEW,BRONZE,25-34,Rabat
CUST02453,2025-08-03,NEW,BRONZE,35-44, Rabat 
CUST02454,2024-07-11,NEW,BRONZE,45-54,Kenitra
CUST02455,2023-06-04,NEW,BRONZE,18-24,Rabat
CUST02456,2024-07-21,REGULAR,SILVER,25-34,Marrakech
CUST02457,2025-03-09,VIP,SILVER,35-44,Casablanca
CUST02458,2024-09-03,REGULAR,BRONZE,35-44,Rabat
CUST02459,2024-03-14,NEW,BRONZE,25-34,Marrakech
CUST02460,2025-02-22, REGULAR ,BRONZE,25-34,Casablanca
CUST02461,2023-12-14,NEW,BRONZE,25-34,Rabat
CUST02462,2025-04-28,REGULAR,BRONZE,18-24,Casablanca
CUST02463,2024-11-25,REGULAR,SILVER,25-34,Rabat
CUST02464,2023-01-26,NEW,BRONZE,45-54,Marrakech
CUST02465,2025-07-13,NEW,BRONZE,18-24,Casablanca
CUST02466,2025-11-09,REGULAR,BRONZE,45-54,Fes
CUST02467,2024-06-03,REGULAR,SILVER,35-44,Tanger
CUST02468,2023-05-21,REGULAR,BRONZE,55+,Kenitra
CUST02469,2023-10-24,REGULAR,SILVER,25-34,Tanger
CUST02470,2023-10-23,NEW,BRONZE,35-44,Casablanca
CUST02471,2023-06-18,NEW,BRONZE,45-54,Kenitra
CUST02472,2024-01-05,REGULAR,BRONZE,25-34,Agadir
CUST02473,2023-07-13,NEW,BRONZE,45-54,Fes
CUST02474,2023-02-19,VIP,GOLD,35-44,Kenitra
CUST02475,2023-08-18,REGULAR,BRONZE,55+,Rabat
CUST02476,2023-07-06,NEW,BRONZE,45-54,Tanger
CUST02477,2025-04-27,NEW,BRONZE,18-24,Casablanca
CUST02478,2023-01-20,REGULAR,SILVER,25-34,Fes
CUST02479,2023-07-01,VIP,SILVER,18-24,Fes
CUST02480,2025-06-14,REGULAR,BRONZE,55+,Marrakech
CUST02481,2024-02-17,REGULAR,BRONZE,35-44,Tanger
CUST02482,2025-11-10,REGULAR,SILVER,55+,Marrakech
CUST02483,2025-04-20,regular,SILVER,55+,Casablanca
CUST02484,2024-02-13,regular,SILVER,45-54,TANGER
CUST02485,2023-01-05,NEW,BRONZE,55+,Casablanca
CUST02486,2025-07-17,NEW,BRONZE,45-54,Rabat
CUST02487,2023-07-04,NEW,BRONZE,45-54, Tanger 
CUST02488,2025-02-26,REGULAR,BRONZE,25-34,Casablanca
CUST02489,2025-12-25,VIP,SILVER,35-44, Fes 
CUST02490,2023-06-18,VIP,GOLD,18-24,Kenitra
CUST02491,2025-11-20,NEW,BRONZE,45-54,Fes
CUST02492,2025-07-01,NEW,BRONZE,35-44,Kenitra
CUST02493,2024-06-14,REGULAR,BRONZE,25-34,Casablanca
CUST02494,2023-01-25,NEW,BRONZE,18-24,Tanger
CUST02495,2024-10-20,REGULAR,SILVER,25-34,Marrakech
CUST02496,2025-06-23,NEW,BRONZE,35-44,Rabat
CUST02497,2023-02-02,REGULAR,BRONZE,35-44,Casablanca
CUST02498,2024-08-14,VIP,GOLD,45-54,Casablanca
CUST02499,2025-10-14,NEW,BRONZE,35-44,Fes
CUST02500,2024-01-30,Regular,BRONZE,18-24,Kenitra
CUST02501,2023-07-13,VIP,GOLD,55+,Rabat
CUST02502,2023-12-28,REGULAR,SILVER,25-34, Marrakech 
CUST02503,2023-03-06,NEW,BRONZE,18-24,Rabat
CUST02504,2023-09-19,REGULAR,BRONZE,45-54,Rabat
CUST02505,2023-12-26,NEW,BRONZE,35-44,Rabat
CUST02506,2024-06-25,VIP,SILVER,25-34,Fes
CUST02507,2024-06-13,REGULAR,BRONZE,25-34,Agadir
CUST02508,2024-03-24,VIP,GOLD,18-24,Tanger
CUST02509,2024-04-29,NEW,BRONZE,25-34,Agadir
CUST02510,2024-12-17,REGULAR,SILVER,25-34,Fes
CUST02511,2024-10-12,REGULAR,BRONZE,55+,Agadir
CUST02512,2025-11-09,REGULAR,SILVER,55+,Kenitra
CUST02513,2023-09-24,NEW,BRONZE,45-54,Fes
CUST02514,2024-07-06,REGULAR,SILVER,35-44,Fes
CUST02515,2024-03-01,REGULAR,BRONZE,35-44,Rabat
CUST02516,2024-09-09,VIP,SILVER,25-34,Kenitra
CUST02517,2024-09-21,REGULAR,SILVER,35-44,Rabat
CUST02518,2024-06-01,REGULAR,SILVER,18-24,Kenitra
CUST02519,2025-03-29,REGULAR,SILVER,18-24,Agadir
CUST02520,2025-10-06,REGULAR,BRONZE,25-34,Fes
CUST02521,2024-09-20,NEW,BRONZE,35-44,Agadir
CUST02522,2025-05-09,regular,SILVER,45-54,Kenitra
CUST02523,2023-03-31,NEW,BRONZE,18-24,Kenitra
CUST02524,2024-01-17,NEW,BRONZE,45-54,Agadir
CUST02525,2025-12-17,REGULAR,BRONZE,45-54,Casablanca
CUST02526,2025-02-27,NEW,BRONZE,18-24,Casablanca
CUST02527,2025-07-03,REGULAR,BRONZE,18-24,Rabat
CUST02528,2024-09-01,VIP,SILVER,45-54,Casablanca
CUST02529,2025-08-13,REGULAR,SILVER,45-54,Tanger
CUST02530,2023-11-15,REGULAR,SILVER,35-44,Agadir
CUST02531,2025-08-13,REGULAR,SILVER,55+,Rabat
CUST02532,2024-11-28,NEW,BRONZE,35-44,Rabat
CUST02533,2025-06-27,REGULAR,BRONZE,18-24,Casablanca
CUST02534,2024-04-09,REGULAR,SILVER,18-24,Fes
CUST02535,2025-08-20,VIP,SILVER,35-44,Casablanca
CUST02536,2025-02-25,NEW,BRONZE,25-34,Marrakech
CUST02537,2025-07-05,VIP,SILVER,35-44,Casablanca
CUST02538,2025-01-20,REGULAR,SILVER,45-54,Rabat
CUST02539,2024-02-02,REGULAR,BRONZE,45-54,Fes
CUST02540,2025-03-11,REGULAR,SILVER,25-34,Marrakech
CUST02541,2025-08-24,NEW,BRONZE,25-34,Rabat
CUST02542,2025-01-16,REGULAR,BRONZE,25-34,Kenitra
CUST02543,2024-09-02,regular,SILVER,25-34,Rabat
CUST02544,2025-12-06,REGULAR,BRONZE,18-24,Tanger
CUST02545,2024-03-30,REGULAR,SILVER,25-34,Marrakech
CUST02546,2023-08-08,REGULAR,BRONZE,18-24,Kenitra
CUST02547,2023-05-26,REGULAR,SILVER,25-34,Agadir
CUST02548,2024-11-06,NEW,BRONZE,45-54,Rabat
CUST02549,2024-07-19,VIP,GOLD,45-54,Tanger
CUST02550,2025-05-19,VIP,GOLD,45-54,Fes
CUST02551,2023-08-16,NEW,BRONZE,25-34,Fes
CUST02552,2025-02-01,REGULAR,SILVER,45-54,Kenitra
CUST02553,2023-04-04,Regular,SILVER,45-54,Casablanca
CUST02554,2025-06-10,REGULAR,SILVER,18-24,Fes
CUST02555,2023-05-13,REGULAR,BRONZE,18-24,Casablanca
CUST02556,2025-02-25,REGULAR,SILVER,18-24,Fes
CUST02557,2024-10-13,REGULAR,BRONZE,45-54,Tanger
CUST02558,2024-09-09,REGULAR,SILVER,35-44,Agadir
CUST02559,2024-11-11,NEW,BRONZE,35-44,Casablanca
CUST02560,2024-09-06, VIP ,GOLD,45-54,Fes
CUST02561,2024-02-28,NEW,BRONZE,55+,Kenitra
CUST02562,2025-09-01,REGULAR,BRONZE,25-34,Marrakech
CUST02563,2025-10-29,REGULAR,BRONZE,35-44,Agadir
CUST02564,2025-12-07,VIP,SILVER,45-54,Rabat
CUST02565,2024-06-15,NEW,BRONZE,18-24,Fes
CUST02566,2024-11-01,REGULAR,SILVER,35-44,Kenitra
CUST02567,2024-10-20,REGULAR,BRONZE,35-44,Marrakech
CUST02568,2024-12-06,NEW,BRONZE,45-54,Marrakech
CUST02569,2025-12-15,NEW,BRONZE,18-24,Casablanca
CUST02570,2024-02-27,NEW,BRONZE,45-54,Agadir
CUST02571,2025-08-09,REGULAR,SILVER,25-34,Marrakech
CUST02572,2023-04-28,REGULAR,BRONZE,25-34,Rabat
CUST02573,2024-04-21,NEW,BRONZE,25-34,Tanger
CUST02574,2024-01-02,New,BRONZE,25-34,Marrakech
CUST02575,2025-03-25,NEW,BRONZE,25-34,Fes
CUST02576,2023-02-09,VIP,GOLD,45-54,Casablanca
CUST02577,2023-01-23,VIP,SILVER,25-34,Casablanca
CUST02578,2024-07-26,REGULAR,BRONZE,25-34,Tanger
CUST02579,2025-06-27,REGULAR,BRONZE,45-54,Marrakech
CUST02580,2024-10-27,NEW,BRONZE,35-44,Marrakech
CUST02581,2023-08-11,REGULAR,BRONZE,45-54,Casablanca
CUST02582,2024-01-05,REGULAR,BRONZE,25-34,Marrakech
CUST02583,2023-04-08,REGULAR,SILVER,25-34,Casablanca
CUST02584,2024-11-09,REGULAR,SILVER,25-34,Marrakech
CUST02585,2025-09-28,NEW,BRONZE,35-44,Fes
CUST02586,2024-09-09,REGULAR,SILVER,18-24,Kenitra
CUST02587,2023-04-02,REGULAR,BRONZE,18-24,Marrakech
CUST02588,2025-01-30,REGULAR,SILVER,35-44,Marrakech
CUST02589,2023-03-12,REGULAR,BRONZE,25-34,Kenitra
CUST02590,2023-12-10,NEW,BRONZE,45-54,Casablanca
CUST02591,2024-12-05,VIP,SILVER,25-34,Marrakech
CUST02592,2024-11-03,REGULAR,BRONZE,35-44,Tanger
CUST02593,2024-08-06,REGULAR,BRONZE,25-34,Tanger
CUST02594,2024-05-19,REGULAR,BRONZE,35-44, Casablanca 
CUST02595,2024-04-17,NEW,BRONZE,25-34,Rabat
CUST02596,2024-11-13,REGULAR,SILVER,55+,Tanger
CUST02597,2023-08-30,NEW,BRONZE,35-44,Casablanca
CUST02598,2024-07-23,NEW,BRONZE,35-44,Casablanca
CUST02599,2024-02-21,VIP,SILVER,18-24,Marrakech
CUST02600,2024-04-14,NEW,BRONZE,45-54,Agadir
CUST02601,2024-07-15,REGULAR,BRONZE,18-24,Kenitra
CUST02602,2023-02-22,VIP,SILVER,18-24,Fes
CUST02603,2023-11-21,REGULAR,SILVER,25-34,Tanger
CUST02604,2023-08-05,NEW,BRONZE,35-44,kenitra
CUST02605,2023-10-13,NEW,BRONZE,45-54,Casablanca
CUST02606,2025-09-20,VIP,SILVER,25-34,Kenitra
CUST02607,2024-05-29,VIP,SILVER,25-34,Marrakech
CUST02608,2024-10-20, REGULAR ,BRONZE,25-34,Agadir
CUST02609,2023-03-26,REGULAR,SILVER,35-44,Casablanca
CUST02610,2025-05-30,REGULAR,SILVER,35-44,Casablanca
CUST02611,2025-06-06,NEW,BRONZE,35-44,Agadir
CUST02612,2023-12-18,VIP,GOLD,45-54,Agadir
CUST02613,2023-02-06,REGULAR,SILVER,25-34,Fes
CUST02614,2024-09-16,VIP,GOLD,35-44,Rabat
CUST02615,2023-12-20,NEW,BRONZE,35-44,Tanger
CUST02616,2025-04-10,NEW,BRONZE,45-54,Casablanca
CUST02617,2024-01-05,REGULAR,BRONZE,18-24,Tanger
CUST02618,2023-12-25,REGULAR,BRONZE,18-24,Fes
CUST02619,2025-04-19,REGULAR,SILVER,25-34,Tanger
CUST02620,2024-02-02,NEW,BRONZE,35-44,Agadir
CUST02621,2023-04-13,REGULAR,BRONZE,35-44,Casablanca
CUST02622,2023-10-03,NEW,BRONZE,45-54,Rabat
CUST02623,2023-04-06,REGULAR,BRONZE,25-34,Fes
CUST02624,2025-03-30,NEW,BRONZE,25-34,Fes
CUST02625,2024-03-23,REGULAR,SILVER,25-34,Rabat
CUST02626,2024-07-09,REGULAR,SILVER,18-24,Agadir
CUST02627,2024-02-10,REGULAR,BRONZE,25-34,Agadir
CUST02628,2023-07-10,VIP,SILVER,25-34,Casablanca
CUST02629,2024-08-12,NEW,BRONZE,25-34,Casablanca
CUST02630,2025-01-11,REGULAR,SILVER,25-34,Fes
CUST02631,2024-08-21,NEW,BRONZE,45-54,Fes
CUST02632,2023-07-24,REGULAR,SILVER,35-44,Rabat
CUST02633,2024-01-22,NEW,BRONZE,25-34,Casablanca
CUST02634,2024-07-01,NEW,BRONZE,25-34,Casablanca
CUST02635,2024-02-07,REGULAR,SILVER,25-34,Fes
CUST02636,2024-08-23,REGULAR,SILVER,35-44,Fes
CUST02637,2023-03-26,REGULAR,SILVER,25-34,Casablanca
CUST02638,2023-01-25,VIP,GOLD,45-54,Casablanca
CUST02639,2025-09-13,REGULAR,SILVER,25-34,Rabat
CUST02640,2023-02-02,REGULAR,BRONZE,25-34,Fes
CUST02641,2024-09-16,REGULAR,SILVER,55+,Kenitra
CUST02642,2024-06-20,NEW,BRONZE,45-54,Fes
CUST02643,2024-12-20,VIP,GOLD,25-34,Tanger
CUST02644,2024-04-23,REGULAR,BRONZE,35-44,Agadir
CUST02645,2025-11-25,REGULAR,BRONZE,25-34,Casablanca
CUST02646,2023-08-14,NEW,BRONZE,45-54,Rabat
CUST02647,2025-02-27,NEW,BRONZE,25-34,Fes
CUST02648,2023-03-16,NEW,BRONZE,25-34,Kenitra
CUST02649,2023-02-25,REGULAR,SILVER,45-54,Rabat
CUST02650,2023-09-04,REGULAR,BRONZE,45-54,Agadir
CUST02651,2024-07-29,REGULAR,BRONZE,25-34,Marrakech
CUST02652,2024-11-05,REGULAR,BRONZE,25-34,Fes
CUST02653,2023-12-13,REGULAR,SILVER,55+,Rabat
CUST02654,2024-10-22,REGULAR,SILVER,18-24,Casablanca
CUST02655,2025-05-15,REGULAR,BRONZE,25-34,Agadir
CUST02656,2024-01-18,REGULAR,BRONZE,35-44,Tanger
CUST02657,2023-01-31,REGULAR,BRONZE,55+,Agadir
CUST02658,2025-10-01,NEW,BRONZE,25-34,Agadir
CUST02659,2024-04-22,REGULAR,SILVER,35-44,Marrakech
CUST02660,2023-12-18,REGULAR,SILVER,35-44,Rabat
CUST02661,2024-04-25,VIP,SILVER,35-44,Kenitra
CUST02662,2023-02-09,NEW,BRONZE,25-34,Fes
CUST02663,2024-11-27,REGULAR,SILVER,35-44,Rabat
CUST02664,2024-07-10,NEW,BRONZE,45-54,Tanger
CUST02665,2023-06-04,REGULAR,BRONZE,25-34,Fes
CUST02666,2025-02-10,VIP,SILVER,35-44,Agadir
CUST02667,2023-04-17,NEW,BRONZE,18-24,Tanger
CUST02668,2025-07-08,REGULAR,BRONZE,25-34,Rabat
CUST02669,2024-09-03,NEW,BRONZE,35-44,Rabat
CUST02670,2023-05-15,REGULAR,SILVER,35-44,Marrakech
CUST02671,2024-08-29,REGULAR,SILVER,35-44,Agadir
CUST02672,2024-11-25,VIP,GOLD,35-44,Agadir
CUST02673,2025-05-16,VIP,GOLD,25-34,Tanger
CUST02674,2023-09-29,NEW,BRONZE,18-24, Tanger 
CUST02675,2023-12-25,VIP,SILVER,25-34,Agadir
CUST02676,2024-10-29,REGULAR,SILVER,35-44,Agadir
CUST02677,2025-09-19,VIP,SILVER,35-44,Rabat
CUST02678,2023-10-20,REGULAR,SILVER,55+,Fes
CUST02679,2023-11-16,VIP,GOLD,35-44, Casablanca 
CUST02680,2025-04-09,REGULAR,BRONZE,18-24,Marrakech
CUST02681,2024-08-24,NEW,BRONZE,18-24,Tanger
CUST02682,2024-12-27,NEW,BRONZE,45-54,Marrakech
CUST02683,2025-01-22,REGULAR,SILVER,25-34,Casablanca
CUST02684,2025-11-10,REGULAR,BRONZE,35-44,Tanger
CUST02685,2025-11-26,REGULAR,SILVER,25-34,Casablanca
CUST02686,2023-03-20,REGULAR,SILVER,35-44,Kenitra
CUST02687,2025-09-19,VIP,SILVER,35-44,Agadir
CUST02688,2025-03-03,NEW,BRONZE,55+,Rabat
CUST02689,2025-04-15,NEW,BRONZE,55+,Marrakech
CUST02690,2023-11-13,REGULAR,BRONZE,45-54,Kenitra
CUST02691,2025-03-29,REGULAR,SILVER,45-54,Fes
CUST02692,2023-01-26,REGULAR,BRONZE,45-54,Marrakech
CUST02693,2024-05-30,VIP,SILVER,25-34,Kenitra
CUST02694,2023-06-23,NEW,BRONZE,25-34,Rabat
CUST02695,2023-04-12,REGULAR,SILVER,55+,Casablanca
CUST02696,2024-09-16,REGULAR,BRONZE,18-24,Tanger
CUST02697,2024-09-07,NEW,BRONZE,35-44,Kenitra
CUST02698,2023-09-29,NEW,BRONZE,45-54,Tanger
CUST02699,2023-10-05,REGULAR,BRONZE,18-24,Marrakech
CUST02700,2024-01-10,NEW,BRONZE,25-34,Marrakech
CUST02701,2023-07-29,REGULAR,SILVER,55+,Casablanca
CUST02702,2023-03-11,Regular,SILVER,35-44,Marrakech
CUST02703,2024-05-18,REGULAR,BRONZE,35-44,Marrakech
CUST02704,2024-11-13,VIP,GOLD,45-54,Tanger
CUST02705,2024-09-21,REGULAR,BRONZE,25-34,Kenitra
CUST02706,2024-10-08,VIP,SILVER,35-44,Rabat
CUST02707,2023-05-31,REGULAR,SILVER,45-54,Casablanca
CUST02708,2024-01-03,VIP,GOLD,35-44,Tanger
CUST02709,2023-05-26,REGULAR,SILVER,35-44,Casablanca
CUST02710,2024-08-24,VIP,GOLD,18-24,Tanger
CUST02711,2024-07-08,REGULAR,BRONZE,18-24,Agadir
CUST02712,2024-04-06,REGULAR,BRONZE,18-24,Agadir
CUST02713,2023-05-27,REGULAR,BRONZE,35-44,Rabat
CUST02714,2024-12-11,NEW,BRONZE,45-54,Casablanca
CUST02715,2024-12-26,REGULAR,SILVER,45-54,Marrakech
CUST02716,2024-10-19,VIP,GOLD,35-44,Kenitra
CUST02717,2024-05-24,REGULAR,BRONZE,18-24,Rabat
CUST02718,2024-08-06,NEW,BRONZE,18-24,Agadir
CUST02719,2024-07-19,VIP,SILVER,35-44,Casablanca
CUST02720,2025-02-22,REGULAR,BRONZE,35-44,Casablanca
CUST02721,2025-03-28,REGULAR,SILVER,25-34,Agadir
CUST02722,2024-10-20,NEW,BRONZE,35-44,Fes
CUST02723,2024-02-22,REGULAR,SILVER,35-44,Casablanca
CUST02724,2025-08-17,REGULAR,BRONZE,18-24,Tanger
CUST02725,2025-09-16,VIP,SILVER,35-44,Rabat
CUST02726,2023-07-09,REGULAR,SILVER,55+,Rabat
CUST02727,2025-03-09,REGULAR,BRONZE,18-24,Marrakech
CUST02728,2023-11-30,REGULAR,BRONZE,25-34,Agadir
CUST02729,2024-08-27,VIP,SILVER,25-34,Rabat
CUST02730,2023-01-15,REGULAR,SILVER,35-44,Agadir
CUST02731,2023-04-27,VIP,SILVER,25-34,Rabat
CUST02732,2023-05-31,REGULAR,SILVER,25-34,Marrakech
CUST02733,2025-03-04,VIP,GOLD,35-44,Casablanca
CUST02734,2023-01-06,REGULAR,BRONZE,25-34,Agadir
CUST02735,2023-09-23,REGULAR,SILVER,18-24,Casablanca
CUST02736,2023-04-17,REGULAR,BRONZE,25-34,Fes
CUST02737,2023-09-22,REGULAR,BRONZE,35-44,Kenitra
CUST02738,2023-01-23,VIP,SILVER,35-44,Casablanca
CUST02739,2023-10-21,REGULAR,BRONZE,55+,Kenitra
CUST02740,2025-01-29,REGULAR,SILVER,25-34,Tanger
CUST02741,2025-03-14,NEW,BRONZE,55+,Casablanca
CUST02742,2025-10-06,VIP,GOLD,55+,Tanger
CUST02743,2023-03-31,REGULAR,SILVER,35-44,Kenitra
CUST02744,2023-09-05,REGULAR,SILVER,45-54,Agadir
CUST02745,2024-08-02,REGULAR,SILVER,35-44,Casablanca
CUST02746,2023-11-02,NEW,BRONZE,25-34,Kenitra
CUST02747,2025-04-16,NEW,BRONZE,18-24,Kenitra
CUST02748,2025-07-08,VIP,GOLD,55+,fes
CUST02749,2025-01-19,REGULAR,BRONZE,18-24,Kenitra
CUST02750,2024-04-16,REGULAR,BRONZE,18-24,Fes
CUST02751,2025-12-14,REGULAR,BRONZE,25-34,Casablanca
CUST02752,2024-10-30,REGULAR,SILVER,45-54,Agadir
CUST02753,2024-03-13,NEW,BRONZE,18-24,Marrakech
CUST02754,2023-06-13,REGULAR,SILVER,25-34,Agadir
CUST02755,2024-03-15,REGULAR,SILVER,35-44,Marrakech
CUST02756,2025-10-10,NEW,BRONZE,25-34,Marrakech
CUST02757,2024-01-16,VIP,GOLD,25-34,Tanger
CUST02758,2023-01-13,REGULAR,BRONZE,25-34,Casablanca
CUST02759,2024-03-20,NEW,BRONZE,35-44,Casablanca
CUST02760,2025-04-09,REGULAR,BRONZE,25-34,Tanger
CUST02761,2023-12-02,REGULAR,SILVER,25-34,Marrakech
CUST02762,2025-06-18,REGULAR,BRONZE,35-44,Casablanca
CUST02763,2023-04-06,NEW,BRONZE,18-24,Marrakech
CUST02764,2025-05-16,REGULAR,BRONZE,55+,Marrakech
CUST02765,2025-10-10,REGULAR,BRONZE,25-34,Tanger
CUST02766,2023-06-22,REGULAR,SILVER,55+,Casablanca
CUST02767,2024-10-24,REGULAR,BRONZE,18-24,Marrakech
CUST02768,2025-03-16,REGULAR,BRONZE,25-34,Agadir
CUST02769,2023-11-05,VIP,GOLD,18-24,Fes
CUST02770,2025-11-02,REGULAR,BRONZE,18-24,Fes
CUST02771,2025-06-26,NEW,BRONZE,35-44,Casablanca
CUST02772,2023-12-14,REGULAR,SILVER,18-24,Agadir
CUST02773,2025-08-26,REGULAR,SILVER,35-44,Casablanca
CUST02774,2025-06-08,REGULAR,SILVER,35-44,Fes
CUST02775,2023-01-05,REGULAR,SILVER,25-34,Rabat
CUST02776,2025-11-07,REGULAR,SILVER,18-24,Tanger
CUST02777,2025-07-06,NEW,BRONZE,35-44,Rabat
CUST02778,2025-09-19,REGULAR,SILVER,25-34,Kenitra
CUST02779,2024-10-07,REGULAR,BRONZE,18-24,Marrakech
CUST02780,2025-05-03,REGULAR,SILVER,55+,Casablanca
CUST02781,2024-06-10,VIP,SILVER,35-44,Rabat
CUST02782,2025-12-28,REGULAR,BRONZE,25-34,Kenitra
CUST02783,2024-05-30,NEW,BRONZE,55+,Agadir
CUST02784,2023-12-01,NEW,BRONZE,55+,Fes
CUST02785,2023-11-27,REGULAR,SILVER,35-44,Rabat
CUST02786,2023-09-21,NEW,BRONZE,25-34,Kenitra
CUST02787,2025-03-05,REGULAR,SILVER,35-44,Agadir
CUST02788,2025-01-27,REGULAR,SILVER,25-34, Fes 
CUST02789,2025-06-27,REGULAR,SILVER,45-54,Agadir
CUST02790,2025-06-29,NEW,BRONZE,45-54,Rabat
CUST02791,2025-05-04,NEW,BRONZE,55+,Rabat
CUST02792,2025-07-09,REGULAR,SILVER,55+,Kenitra
CUST02793,2024-10-22,REGULAR,SILVER,25-34,Kenitra
CUST02794,2025-06-01,NEW,BRONZE,45-54,Fes
CUST02795,2025-04-29,REGULAR,BRONZE,25-34,Agadir
CUST02796,2024-06-06,REGULAR,BRONZE,45-54,Kenitra
CUST02797,2025-08-25,VIP,SILVER,35-44,Tanger
CUST02798,2025-12-30,VIP,SILVER,18-24,Tanger
CUST02799,2023-05-11,REGULAR,BRONZE,45-54,Casablanca
CUST02800,2024-07-02,NEW,BRONZE,25-34,Rabat
CUST02801,2023-04-10,REGULAR,BRONZE,18-24,Marrakech
CUST02802,2024-07-05,REGULAR,BRONZE,35-44,Agadir
CUST02803,2025-09-24,NEW,BRONZE,25-34,Casablanca
CUST02804,2024-07-07,REGULAR,SILVER,45-54,Rabat
CUST02805,2025-10-04,REGULAR,BRONZE,35-44,Fes
CUST02806,2023-02-08, VIP ,SILVER,35-44,Agadir
CUST02807,2024-07-07,NEW,BRONZE,55+,Rabat
CUST02808,2023-10-14,REGULAR,SILVER,18-24,Fes
CUST02809,2023-07-17,REGULAR,SILVER,25-34,Fes
CUST02810,2025-01-18,VIP,GOLD,25-34,Rabat
CUST02811,2025-12-06,REGULAR,BRONZE,45-54,Marrakech
CUST02812,2024-10-17,REGULAR,SILVER,35-44,Rabat
CUST02813,2024-03-26,NEW,BRONZE,25-34,Agadir
CUST02814,2024-07-27,NEW,BRONZE,45-54,Kenitra
CUST02815,2025-06-27,NEW,BRONZE,35-44,Fes
CUST02816,2023-06-27,REGULAR,BRONZE,18-24,Marrakech
CUST02817,2025-02-20,REGULAR,SILVER,18-24,Fes
CUST02818,2025-05-10,VIP,SILVER,25-34,Fes
CUST02819,2025-07-11,REGULAR,BRONZE,35-44,Casablanca
CUST02820,2023-03-15,REGULAR,SILVER,35-44,Tanger
CUST02821,2025-07-06,NEW,BRONZE,18-24,Fes
CUST02822,2025-06-30,REGULAR,SILVER,45-54,Casablanca
CUST02823,2023-03-23,REGULAR,BRONZE,25-34,Marrakech
CUST02824,2023-04-29,REGULAR,SILVER,35-44,Marrakech
CUST02825,2023-12-10,REGULAR,BRONZE,35-44,Marrakech
CUST02826,2023-11-15,VIP,GOLD,35-44,Rabat
CUST02827,2024-01-05,NEW,BRONZE,35-44,Agadir
CUST02828,2023-11-13,VIP,SILVER,18-24,Marrakech
CUST02829,2025-09-27,NEW,BRONZE,18-24,Agadir
CUST02830,2023-08-31,NEW,BRONZE,18-24,Fes
CUST02831,2024-04-18,NEW,BRONZE,25-34,Marrakech
CUST02832,2024-10-09,NEW,BRONZE,35-44,Fes
CUST02833,2024-04-06,Vip,GOLD,25-34,Kenitra
CUST02834,2023-07-27,REGULAR,BRONZE,35-44,Kenitra
CUST02835,2024-10-13,REGULAR,BRONZE,35-44,Casablanca
CUST02836,2024-03-31,REGULAR,SILVER,35-44,Rabat
CUST02837,2023-08-03,VIP,SILVER,35-44,Kenitra
CUST02838,2023-07-29,REGULAR,BRONZE,55+,Tanger
CUST02839,2023-08-22,REGULAR,SILVER,45-54,Agadir
CUST02840,2025-07-11,REGULAR,BRONZE,45-54,Casablanca
CUST02841,2024-06-30,REGULAR,SILVER,25-34,Fes
CUST02842,2024-04-19,REGULAR,SILVER,25-34,Kenitra
CUST02843,2023-10-03,REGULAR,SILVER,45-54,Tanger
CUST02844,2024-12-28,REGULAR,SILVER,55+,Fes
CUST02845,2023-10-29,REGULAR,BRONZE,45-54,Marrakech
CUST02846,2023-03-19,NEW,BRONZE,25-34,Marrakech
CUST02847,2023-12-02,VIP,SILVER,55+,Casablanca
CUST02848,2025-02-02,NEW,BRONZE,25-34,Marrakech
CUST02849,2025-08-13,VIP,GOLD,25-34,Tanger
CUST02850,2023-12-28,REGULAR,SILVER,35-44,Marrakech
CUST02851,2024-07-02,REGULAR,BRONZE,55+,Rabat
CUST02852,2023-12-06,NEW,BRONZE,55+,Marrakech
CUST02853,2023-07-22,NEW,BRONZE,18-24,Agadir
CUST02854,2024-06-06,REGULAR,BRONZE,55+,Tanger
CUST02855,2023-09-14,REGULAR,SILVER,25-34,Casablanca
CUST02856,2024-12-13,VIP,GOLD,45-54,Agadir
CUST02857,2025-05-01,REGULAR,SILVER,25-34,Marrakech
CUST02858,2023-06-09,NEW,BRONZE,55+,Casablanca
CUST02859,2023-10-03,REGULAR,BRONZE,35-44,Agadir
CUST02860,2023-03-23,NEW,BRONZE,25-34,Fes
CUST02861,2023-02-03,NEW,BRONZE,45-54,Kenitra
CUST02862,2023-09-04,NEW,BRONZE,18-24,Casablanca
CUST02863,2024-09-14,VIP,GOLD,45-54,Kenitra
CUST02864,2023-08-14,REGULAR,BRONZE,35-44,Tanger
CUST02865,2024-12-31,REGULAR,SILVER,25-34,Kenitra
CUST02866,2025-06-17,REGULAR,SILVER,55+,Kenitra
CUST02867,2024-10-24,NEW,BRONZE,25-34,Kenitra
CUST02868,2024-07-09,REGULAR,SILVER,35-44,Fes
CUST02869,2023-01-02,REGULAR,BRONZE,25-34,Rabat
CUST02870,2023-06-21,REGULAR,SILVER,18-24,Marrakech
CUST02871,2024-06-17,REGULAR,SILVER,18-24,Marrakech
CUST02872,2023-01-17,REGULAR,SILVER,25-34,Casablanca
CUST02873,2025-11-18,NEW,BRONZE,25-34,Rabat
CUST02874,2024-05-13,NEW,BRONZE,25-34,Kenitra
CUST02875,2025-09-12,REGULAR,BRONZE,25-34, Tanger 
CUST02876,2023-04-03,REGULAR,SILVER,25-34,Fes
CUST02877,2023-04-19,REGULAR,BRONZE,25-34,Tanger
CUST02878,2023-05-28,regular,SILVER,18-24,Agadir
CUST02879,2024-02-04,NEW,BRONZE,35-44,Agadir
CUST02880,2024-10-30,VIP,SILVER,45-54,Kenitra
CUST02881,2023-02-25,REGULAR,SILVER,35-44,Rabat
CUST02882,2023-10-18,NEW,BRONZE,18-24,Casablanca
CUST02883,2023-10-05,VIP,SILVER,55+,Rabat
CUST02884,2023-09-25,NEW,BRONZE,18-24,Kenitra
CUST02885,2023-04-05,VIP,SILVER,35-44,Kenitra
CUST02886,2024-01-30,NEW,BRONZE,18-24,Casablanca
CUST02887,2024-03-15,NEW,BRONZE,25-34,Tanger
CUST02888,2024-03-19,REGULAR,SILVER,25-34,Tanger
CUST02889,2023-01-11,NEW,BRONZE,35-44,Casablanca
CUST02890,2024-12-31,NEW,BRONZE,25-34,Agadir
CUST02891,2025-01-08,NEW,BRONZE,25-34,Kenitra
CUST02892,2023-12-30,VIP,GOLD,25-34,Tanger
CUST02893,2025-03-09,VIP,SILVER,55+,Tanger
CUST02894,2025-05-02,REGULAR,SILVER,25-34,Tanger
CUST02895,2025-01-29,NEW,BRONZE,35-44,Tanger
CUST02896,2024-11-23,NEW,BRONZE,35-44,Tanger
CUST02897,2024-11-25,REGULAR,BRONZE,55+,Casablanca
CUST02898,2025-10-08,VIP,GOLD,35-44,Rabat
CUST02899,2025-05-06,VIP,GOLD,25-34,Kenitra
CUST02900,2024-11-03,REGULAR,SILVER,18-24,Agadir
CUST02901,2023-10-29,REGULAR,SILVER,35-44,Marrakech
CUST02902,2023-06-08,REGULAR,SILVER,25-34,Agadir
CUST02903,2025-11-21,REGULAR,SILVER,25-34,Rabat
CUST02904,2023-09-25,regular,SILVER,25-34,Tanger
CUST02905,2025-05-17,REGULAR,BRONZE,18-24,Fes
CUST02906,2023-09-08,VIP,SILVER,25-34,Marrakech
CUST02907,2024-01-12,REGULAR,SILVER,25-34,Agadir
CUST02908,2024-08-30,REGULAR,SILVER,18-24,Tanger
CUST02909,2024-09-07,NEW,BRONZE,35-44,Marrakech
CUST02910,2024-01-07,REGULAR,SILVER,25-34,Marrakech
CUST02911,2023-02-22,REGULAR,BRONZE,18-24,Kenitra
CUST02912,2025-03-08,NEW,BRONZE,35-44,Rabat
CUST02913,2024-07-11,REGULAR,BRONZE,25-34,Casablanca
CUST02914,2025-09-02,VIP,GOLD,25-34,Agadir
CUST02915,2023-07-25,REGULAR,SILVER,25-34,Agadir
CUST02916,2024-03-19,NEW,BRONZE,35-44,Rabat
CUST02917,2023-06-20,REGULAR,BRONZE,55+,Agadir
CUST02918,2023-11-05,REGULAR,SILVER,18-24,Rabat
CUST02919,2023-05-29,VIP,SILVER,45-54,Kenitra
CUST02920,2024-06-12,REGULAR,SILVER,18-24,Marrakech
CUST02921,2024-10-15,NEW,BRONZE,18-24,Agadir
CUST02922,2023-07-24,NEW,BRONZE,45-54,Rabat
CUST02923,2023-06-26,REGULAR,BRONZE,35-44,Casablanca
CUST02924,2023-02-03,VIP,GOLD,55+,Agadir
CUST02925,2023-06-30,REGULAR,BRONZE,25-34,Tanger
CUST02926,2023-10-07,VIP,SILVER,35-44,Fes
CUST02927,2024-08-26,VIP,SILVER,18-24,Casablanca
CUST02928,2025-10-19,REGULAR,BRONZE,25-34,Rabat
CUST02929,2023-11-07,NEW,BRONZE,25-34,Rabat
CUST02930,2024-11-09,NEW,BRONZE,45-54,Fes
CUST02931,2024-11-21,NEW,BRONZE,45-54,Tanger
CUST02932,2023-01-05,NEW,BRONZE,35-44,Fes
CUST02933,2024-07-19,REGULAR,SILVER,55+,Fes
CUST02934,2024-03-28,VIP,GOLD,35-44,Rabat
CUST02935,2025-06-05,REGULAR,SILVER,45-54,Kenitra
CUST02936,2024-01-13,REGULAR,BRONZE,35-44,Casablanca
CUST02937,2025-04-09,REGULAR,SILVER,18-24,tanger
CUST02938,2024-07-16,NEW,BRONZE,55+,Tanger
CUST02939,2024-01-04,NEW,BRONZE,25-34, Rabat 
CUST02940,2023-05-01,Regular,BRONZE,25-34,Casablanca
CUST02941,2025-10-24,REGULAR,BRONZE,25-34,Tanger
CUST02942,2023-10-31,NEW,BRONZE,45-54,Rabat
CUST02943,2025-12-13,NEW,BRONZE,45-54,Rabat
CUST02944,2024-07-02,REGULAR,BRONZE,18-24,Kenitra
CUST02945,2024-05-19,REGULAR,BRONZE,25-34,Casablanca
CUST02946,2023-10-26,NEW,BRONZE,35-44,Tanger
CUST02947,2025-01-06,VIP,GOLD,35-44,Marrakech
CUST02948,2023-05-30,NEW,BRONZE,55+,Marrakech
CUST02949,2024-05-11,REGULAR,SILVER,18-24,Tanger
CUST02950,2024-06-21,REGULAR,SILVER,35-44,Kenitra
CUST02951,2023-12-25,NEW,BRONZE,55+,Fes
CUST02952,2023-02-21,REGULAR,BRONZE,18-24,Marrakech
CUST02953,2024-03-30,REGULAR,SILVER,35-44,Casablanca
CUST02954,2024-10-15,REGULAR,SILVER,25-34,Fes
CUST02955,2023-02-12,Regular,SILVER,35-44,Marrakech
CUST02956,2025-05-30,REGULAR,BRONZE,45-54,Kenitra
CUST02957,2025-05-28,NEW,BRONZE,25-34,Fes
CUST02958,2024-07-13,REGULAR,BRONZE,18-24,Fes
CUST02959,2024-04-01,REGULAR,BRONZE,25-34,Marrakech
CUST02960,2023-02-11,REGULAR,BRONZE,35-44,Agadir
CUST02961,2025-03-25,REGULAR,SILVER,25-34,Tanger
CUST02962,2023-01-19,REGULAR,BRONZE,25-34,Agadir
CUST02963,2025-11-15,NEW,BRONZE,18-24,Rabat
CUST02964,2024-11-08,REGULAR,SILVER,25-34,Kenitra
CUST02965,2023-02-28,REGULAR,SILVER,25-34,Rabat
CUST02966,2024-05-04,VIP,SILVER,35-44,Agadir
CUST02967,2024-08-19,REGULAR,BRONZE,18-24,Kenitra
CUST02968,2025-03-03,NEW,BRONZE,25-34,Tanger
CUST02969,2023-07-05,REGULAR,BRONZE,45-54,Kenitra
CUST02970,2023-02-24,REGULAR,SILVER,18-24,Marrakech
CUST02971,2024-05-08,REGULAR,SILVER,45-54,Marrakech
CUST02972,2025-03-22,NEW,BRONZE,45-54,Tanger
CUST02973,2023-11-18,REGULAR,SILVER,18-24,Rabat
CUST02974,2023-04-10,NEW,BRONZE,35-44,Casablanca
CUST02975,2023-06-23,REGULAR,BRONZE,25-34, Agadir 
CUST02976,2023-07-23,REGULAR,BRONZE,35-44,Fes
CUST02977,2023-05-12,REGULAR,SILVER,35-44,Marrakech
CUST02978,2023-10-20,NEW,BRONZE,45-54,Agadir
CUST02979,2023-06-19,VIP,GOLD,25-34,Tanger
CUST02980,2024-08-16,REGULAR,SILVER,25-34, Fes 
CUST02981,2024-12-23,NEW,BRONZE,55+,Agadir
CUST02982,2025-05-26,REGULAR,SILVER,25-34,Agadir
CUST02983,2023-09-14,NEW,BRONZE,35-44,Tanger
CUST02984,2025-04-13,REGULAR,BRONZE,25-34,Casablanca
CUST02985,2025-06-23,NEW,BRONZE,25-34,Casablanca
CUST02986,2025-09-22,NEW,BRONZE,35-44,Rabat
CUST02987,2024-08-05,REGULAR,SILVER,25-34,Casablanca
CUST02988,2023-11-08,REGULAR,BRONZE,25-34,Rabat
CUST02989,2024-11-20,REGULAR,BRONZE,25-34,Tanger
CUST02990,2024-06-15,REGULAR,SILVER,45-54,Marrakech
CUST02991,2024-06-12,NEW,BRONZE,55+,Fes
CUST02992,2024-03-06,VIP,SILVER,45-54,Rabat
CUST02993,2025-03-05,REGULAR,BRONZE,45-54,Fes
CUST02994,2024-03-27,VIP,SILVER,25-34,Tanger
CUST02995,2024-12-08,NEW,BRONZE,55+,Tanger
CUST02996,2025-03-01,REGULAR,SILVER,25-34,Marrakech
CUST02997,2023-12-04,NEW,BRONZE,35-44,Tanger
CUST02998,2024-10-06,NEW,BRONZE,55+,Marrakech
CUST02999,2023-08-13,NEW,BRONZE,25-34,Tanger
CUST03000,2025-10-05,NEW,BRONZE,25-34,AGADIR
CUST03001,2024-07-05,VIP,SILVER,45-54,Marrakech
CUST03002,2025-01-30,VIP,SILVER,25-34,Tanger
CUST03003,2023-01-13,REGULAR,SILVER,18-24,Agadir
CUST03004,2023-08-27,VIP,SILVER,35-44,fes
CUST03005,2023-07-11,REGULAR,BRONZE,25-34,Casablanca
CUST03006,2023-04-25,VIP,GOLD,25-34,Rabat
CUST03007,2025-06-30,NEW,BRONZE,45-54,Agadir
CUST03008,2025-12-01,REGULAR,BRONZE,45-54,Rabat
CUST03009,2023-02-25,REGULAR,BRONZE,45-54,Marrakech
CUST03010,2024-02-21,NEW,BRONZE,18-24,Tanger
CUST03011,2025-11-09,NEW,BRONZE,25-34,Agadir
CUST03012,2023-01-18,VIP,GOLD,18-24,Fes
CUST03013,2025-01-28,VIP,SILVER,35-44,Rabat
CUST03014,2023-07-11,VIP,GOLD,45-54,Rabat
CUST03015,2023-06-08,NEW,BRONZE,45-54,Fes
CUST03016,2023-05-03,REGULAR,BRONZE,45-54,Marrakech
CUST03017,2023-03-15,REGULAR,BRONZE,25-34,Kenitra
CUST03018,2025-02-27,VIP,SILVER,35-44,Agadir
CUST03019,2023-07-31,NEW,BRONZE,18-24,Kenitra
CUST03020,2023-03-28,REGULAR,BRONZE,25-34,Fes
CUST03021,2023-08-14,REGULAR,SILVER,18-24,Rabat
CUST03022,2025-08-05,REGULAR,BRONZE,35-44,Marrakech
CUST03023,2025-09-17,REGULAR,SILVER,25-34,Rabat
CUST03024,2025-11-25,VIP,SILVER,25-34,Marrakech
CUST03025,2024-12-30,REGULAR,BRONZE,18-24,Casablanca
CUST03026,2024-10-19,VIP,SILVER,35-44,Kenitra
CUST03027,2024-12-13,REGULAR,SILVER,25-34,Marrakech
CUST03028,2024-05-21,REGULAR,BRONZE,18-24,Casablanca
CUST03029,2025-09-14,REGULAR,BRONZE,55+,Agadir
CUST03030,2025-05-26,REGULAR,BRONZE,25-34,Tanger
CUST03031,2025-11-21,REGULAR,BRONZE,35-44,Casablanca
CUST03032,2024-03-30,NEW,BRONZE,25-34,Tanger
CUST03033,2025-11-26, REGULAR ,SILVER,25-34,Rabat
CUST03034,2024-01-26,VIP,GOLD,35-44,Casablanca
CUST03035,2024-04-03,REGULAR,BRONZE,45-54,Tanger
CUST03036,2023-08-26,NEW,BRONZE,35-44,Kenitra
CUST03037,2025-03-09,NEW,BRONZE,18-24,Fes
CUST03038,2023-10-17,REGULAR,SILVER,25-34,Casablanca
CUST03039,2023-04-17,REGULAR,SILVER,55+,Fes
CUST03040,2025-05-24,VIP,SILVER,25-34,Fes
CUST03041,2025-03-27,REGULAR,SILVER,35-44,Kenitra
CUST03042,2025-12-09, VIP ,GOLD,25-34,Tanger
CUST03043,2023-11-27,VIP,SILVER,25-34,Agadir
CUST03044,2025-07-28,REGULAR,BRONZE,25-34,Tanger
CUST03045,2023-01-28,REGULAR,SILVER,45-54,Fes
CUST03046,2024-11-16,REGULAR,BRONZE,18-24,Kenitra
CUST03047,2025-03-23,REGULAR,BRONZE,25-34,Rabat
CUST03048,2024-03-03,REGULAR,SILVER,45-54,Marrakech
CUST03049,2024-03-27,REGULAR,BRONZE,18-24,Fes
CUST03050,2025-04-05,REGULAR,BRONZE,35-44,Fes
CUST03051,2025-04-26,VIP,GOLD,18-24,Agadir
CUST03052,2024-03-01,NEW,BRONZE,18-24,Tanger
CUST03053,2025-11-27,NEW,BRONZE,25-34,Kenitra
CUST03054,2025-10-17,REGULAR,SILVER,35-44,Rabat
CUST03055,2023-10-17,NEW,BRONZE,45-54,Rabat
CUST03056,2024-10-16,NEW,BRONZE,45-54,Kenitra
CUST03057,2025-03-31,VIP,SILVER,25-34,Agadir
CUST03058,2025-05-11,REGULAR,BRONZE,25-34,Marrakech
CUST03059,2023-01-27,NEW,BRONZE,45-54,Agadir
CUST03060,2024-04-25,NEW,BRONZE,35-44,AGADIR
CUST03061,2023-04-02,NEW,BRONZE,35-44,Agadir
CUST03062,2024-01-04,REGULAR,BRONZE,35-44,Rabat
CUST03063,2025-05-04,REGULAR,BRONZE,18-24,Fes
CUST03064,2023-06-18,NEW,BRONZE,45-54,Marrakech
CUST03065,2024-09-12,REGULAR,SILVER,25-34,TANGER
CUST03066,2023-06-30,NEW,BRONZE,45-54,Agadir
CUST03067,2025-06-05,REGULAR,BRONZE,18-24,Marrakech
CUST03068,2023-09-13,REGULAR,BRONZE,35-44,Marrakech
CUST03069,2024-12-30,REGULAR,BRONZE,45-54,Tanger
CUST03070,2025-11-08,REGULAR,SILVER,25-34,Agadir
CUST03071,2024-04-28,REGULAR,SILVER,45-54,Rabat
CUST03072,2023-11-27,REGULAR,SILVER,25-34,Marrakech
CUST03073,2025-11-20,REGULAR,BRONZE,25-34,Fes
CUST03074,2024-10-27,NEW,BRONZE,25-34,Kenitra
CUST03075,2023-08-06,NEW,BRONZE,55+,Fes
CUST03076,2025-10-12,REGULAR,BRONZE,18-24,Marrakech
CUST03077,2023-03-02,VIP,SILVER,45-54,Tanger
CUST03078,2024-11-06,REGULAR,BRONZE,45-54,Tanger
CUST03079,2025-03-22,REGULAR,BRONZE,25-34,Rabat
CUST03080,2025-05-27,NEW,BRONZE,25-34,Rabat
CUST03081,2024-01-06,REGULAR,SILVER,35-44,Kenitra
CUST03082,2023-02-04,REGULAR,BRONZE,25-34,Rabat
CUST03083,2023-01-28,NEW,BRONZE,55+,Fes
CUST03084,2025-04-02,REGULAR,SILVER,25-34,Casablanca
CUST03085,2024-03-07,Regular,BRONZE,35-44,Casablanca
CUST03086,2023-02-10,VIP,SILVER,25-34,Fes
CUST03087,2025-07-13,REGULAR,SILVER,45-54,Rabat
CUST03088,2023-07-08,REGULAR,SILVER,25-34,Fes
CUST03089,2025-04-15,REGULAR,SILVER,35-44,Rabat
CUST03090,2024-03-02,REGULAR,SILVER,18-24,Kenitra
CUST03091,2025-02-18,REGULAR,SILVER,45-54,Tanger
CUST03092,2025-11-03,NEW,BRONZE,35-44,Agadir
CUST03093,2025-05-28,REGULAR,SILVER,25-34,Casablanca
CUST03094,2024-10-03,NEW,BRONZE,55+,Fes
CUST03095,2024-08-18,NEW,BRONZE,25-34,Agadir
CUST03096,2025-05-31,VIP,SILVER,25-34, Kenitra 
CUST03097,2023-05-03,REGULAR,BRONZE,35-44,Marrakech
CUST03098,2023-01-17,NEW,BRONZE,45-54,Casablanca
CUST03099,2023-04-04,REGULAR,SILVER,55+,Agadir
CUST03100,2024-10-06,NEW,BRONZE,25-34,Casablanca
CUST03101,2024-11-17,REGULAR,SILVER,35-44,Kenitra
CUST03102,2023-01-10,REGULAR,SILVER,25-34,Agadir
CUST03103,2024-12-04,NEW,BRONZE,35-44,Fes
CUST03104,2024-04-21,REGULAR,SILVER,55+,Casablanca
CUST03105,2023-08-17,NEW,BRONZE,25-34,Kenitra
CUST03106,2025-08-01,REGULAR,BRONZE,45-54,Tanger
CUST03107,2024-12-05,NEW,BRONZE,35-44,Fes
CUST03108,2024-12-17,REGULAR,SILVER,18-24,Kenitra
CUST03109,2023-06-15,REGULAR,SILVER,25-34,Rabat
CUST03110,2025-01-02,REGULAR,BRONZE,18-24,Agadir
CUST03111,2024-01-17,REGULAR,BRONZE,25-34,Fes
CUST03112,2023-10-15,REGULAR,SILVER,45-54,Kenitra
CUST03113,2023-12-08,REGULAR,SILVER,25-34,Casablanca
CUST03114,2023-08-31,REGULAR,SILVER,25-34, Casablanca 
CUST03115,2024-04-24,NEW,BRONZE,35-44,Rabat
CUST03116,2024-11-19,VIP,GOLD,25-34,Rabat
CUST03117,2023-10-20,VIP,GOLD,55+,Fes
CUST03118,2024-03-16,REGULAR,BRONZE,18-24,Kenitra
CUST03119,2024-08-20,REGULAR,BRONZE,25-34,Kenitra
CUST03120,2023-04-05,VIP,SILVER,25-34,Tanger
CUST03121,2025-08-23,REGULAR,SILVER,18-24,Fes
CUST03122,2024-11-09,REGULAR,BRONZE,35-44,Agadir
CUST03123,2024-02-20,REGULAR,BRONZE,18-24,Marrakech
CUST03124,2023-03-20,REGULAR,BRONZE,25-34,Fes
CUST03125,2025-04-15,NEW,BRONZE,55+,Marrakech
CUST03126,2023-05-12,VIP,SILVER,35-44,Marrakech
CUST03127,2023-06-20,REGULAR,SILVER,35-44,Tanger
CUST03128,2024-05-19,REGULAR,BRONZE,45-54,Fes
CUST03129,2023-08-22,REGULAR,SILVER,18-24,Marrakech
CUST03130,2024-08-21,REGULAR,BRONZE,25-34,Tanger
CUST03131,2023-01-22,REGULAR,BRONZE,45-54,Casablanca
CUST03132,2024-05-14,REGULAR,BRONZE,45-54,Agadir
CUST03133,2023-12-15,REGULAR,SILVER,45-54,Tanger
CUST03134,2024-07-11,NEW,BRONZE,25-34,Fes
CUST03135,2023-05-21,REGULAR,BRONZE,18-24,Tanger
CUST03136,2024-05-13,REGULAR,BRONZE,25-34,Casablanca
CUST03137,2024-05-14,NEW,BRONZE,18-24,Rabat
CUST03138,2024-04-26,REGULAR,BRONZE,35-44,Tanger
CUST03139,2024-02-08,REGULAR,BRONZE,25-34,Marrakech
CUST03140,2025-04-30,REGULAR,BRONZE,25-34,Agadir
CUST03141,2025-02-18,REGULAR,SILVER,18-24,Agadir
CUST03142,2023-02-17,REGULAR,BRONZE,55+,Agadir
CUST03143,2023-01-19,REGULAR,SILVER,18-24,Kenitra
CUST03144,2025-12-27,Regular,SILVER,18-24,Casablanca
CUST03145,2023-08-14,VIP,GOLD,55+,Tanger
CUST03146,2025-05-10,REGULAR,BRONZE,35-44,Kenitra
CUST03147,2025-07-17,REGULAR,BRONZE,18-24,Fes
CUST03148,2025-10-23,REGULAR,BRONZE,18-24,Casablanca
CUST03149,2025-04-02,REGULAR,SILVER,25-34,Marrakech
CUST03150,2024-02-29,REGULAR,BRONZE,25-34,Agadir
CUST03151,2023-10-14,NEW,BRONZE,45-54,Rabat
CUST03152,2023-12-27,REGULAR,BRONZE,18-24,Rabat
CUST03153,2025-07-25,REGULAR,BRONZE,25-34,Casablanca
CUST03154,2025-11-13,NEW,BRONZE,25-34,Casablanca
CUST03155,2024-05-27,REGULAR,SILVER,18-24,Marrakech
CUST03156,2025-02-11,REGULAR,BRONZE,35-44,Rabat
CUST03157,2024-04-11,REGULAR,BRONZE,45-54,Tanger
CUST03158,2023-10-24,REGULAR,BRONZE,35-44,Fes
CUST03159,2024-07-27,NEW,BRONZE,35-44,Fes
CUST03160,2023-06-17,REGULAR,BRONZE,35-44,Marrakech
CUST03161,2023-02-11,NEW,BRONZE,25-34,Agadir
CUST03162,2023-04-20,REGULAR,SILVER,45-54,Agadir
CUST03163,2025-12-02,REGULAR,SILVER,18-24,Marrakech
CUST03164,2023-11-27,VIP,SILVER,45-54,Fes
CUST03165,2024-11-18,VIP,SILVER,55+,Marrakech
CUST03166,2023-01-20,REGULAR,SILVER,45-54,Agadir
CUST03167,2024-10-03,REGULAR,BRONZE,35-44,Fes
CUST03168,2025-01-20,REGULAR,SILVER,25-34,Agadir
CUST03169,2024-09-16,REGULAR,BRONZE,45-54,Marrakech
CUST03170,2024-03-08,REGULAR,BRONZE,18-24,Marrakech
CUST03171,2024-02-29,REGULAR,BRONZE,25-34,Rabat
CUST03172,2023-12-18,NEW,BRONZE,25-34,Fes
CUST03173,2025-08-20,REGULAR,SILVER,25-34,Marrakech
CUST03174,2023-04-26,NEW,BRONZE,25-34,Agadir
CUST03175,2024-04-05,REGULAR,SILVER,45-54,Agadir
CUST03176,2023-09-11,NEW,BRONZE,25-34,Marrakech
CUST03177,2024-12-01,NEW,BRONZE,25-34,Tanger
CUST03178,2023-05-17,REGULAR,SILVER,55+,Tanger
CUST03179,2024-01-09,REGULAR,SILVER,35-44,Rabat
CUST03180,2024-06-18,REGULAR,BRONZE,25-34,Agadir
CUST03181,2024-10-04,REGULAR,BRONZE,35-44,Rabat
CUST03182,2025-12-03,REGULAR,SILVER,25-34,Agadir
CUST03183,2025-08-09,NEW,BRONZE,45-54,Marrakech
CUST03184,2023-08-09,REGULAR,BRONZE,25-34,Agadir
CUST03185,2025-11-06,NEW,BRONZE,25-34,Marrakech
CUST03186,2025-09-06,REGULAR,BRONZE,18-24,Agadir
CUST03187,2024-01-05,REGULAR,BRONZE,35-44,Agadir
CUST03188,2025-12-11,VIP,SILVER,35-44,Fes
CUST03189,2025-06-07,REGULAR,BRONZE,25-34,Marrakech
CUST03190,2023-12-11,REGULAR,SILVER,35-44,Agadir
CUST03191,2024-05-16,REGULAR,SILVER,25-34,Agadir
CUST03192,2023-07-06,NEW,BRONZE,35-44,Kenitra
CUST03193,2024-08-06,NEW,BRONZE,18-24,Casablanca
CUST03194,2024-01-30,REGULAR,SILVER,25-34,Tanger
CUST03195,2023-07-11,REGULAR,BRONZE,45-54,Fes
CUST03196,2023-05-25,NEW,BRONZE,45-54,Fes
CUST03197,2023-12-26,NEW,BRONZE,35-44,Fes
CUST03198,2025-05-17,REGULAR,BRONZE,35-44,Casablanca
CUST03199,2023-07-10,REGULAR,BRONZE,45-54,Tanger
CUST03200,2023-09-17,REGULAR,BRONZE,35-44,Rabat
CUST03201,2024-01-20,NEW,BRONZE,35-44,Tanger
CUST03202,2024-05-02,NEW,BRONZE,25-34,Rabat
CUST03203,2024-06-05,REGULAR,SILVER,35-44,Tanger
CUST03204,2023-12-28,REGULAR,BRONZE,45-54,KENITRA
CUST03205,2023-02-14,REGULAR,SILVER,55+,Tanger
CUST03206,2025-02-03,REGULAR,SILVER,35-44,Casablanca
CUST03207,2025-05-14,REGULAR,BRONZE,25-34,Marrakech
CUST03208,2023-04-02,NEW,BRONZE,35-44,Rabat
CUST03209,2024-07-15,NEW,BRONZE,35-44,Kenitra
CUST03210,2025-04-03,REGULAR,SILVER,25-34,Fes
CUST03211,2023-02-03,REGULAR,BRONZE,45-54,Agadir
CUST03212,2025-06-06,REGULAR,BRONZE,18-24,Marrakech
CUST03213,2024-03-16,REGULAR,SILVER,25-34,Rabat
CUST03214,2025-06-04,REGULAR,BRONZE,55+,Rabat
CUST03215,2023-07-16,REGULAR,SILVER,25-34,Marrakech
CUST03216,2024-02-29,Vip,GOLD,25-34,Marrakech
CUST03217,2023-02-04,REGULAR,SILVER,25-34,Tanger
CUST03218,2024-12-03,REGULAR,BRONZE,25-34,Casablanca
CUST03219,2023-12-10,VIP,SILVER,25-34,Kenitra
CUST03220,2024-05-07,REGULAR,SILVER,45-54,Agadir
CUST03221,2025-11-19,VIP,GOLD,25-34,Tanger
CUST03222,2024-05-15,REGULAR,SILVER,25-34,Agadir
CUST03223,2023-02-08,REGULAR,BRONZE,25-34,Tanger
CUST03224,2025-02-11,REGULAR,BRONZE,35-44,Rabat
CUST03225,2025-01-25,NEW,BRONZE,18-24,Kenitra
CUST03226,2024-03-18,REGULAR,SILVER,25-34,Rabat
CUST03227,2024-09-14,REGULAR,BRONZE,45-54,Fes
CUST03228,2024-05-15,NEW,BRONZE,25-34,Casablanca
CUST03229,2025-09-03,REGULAR,BRONZE,25-34,Casablanca
CUST03230,2025-01-01,REGULAR,SILVER,25-34,Agadir
CUST03231,2025-03-14,REGULAR,SILVER,55+,Marrakech
CUST03232,2025-09-27,REGULAR,SILVER,35-44,Tanger
CUST03233,2024-05-05,VIP,SILVER,45-54,Marrakech
CUST03234,2024-06-03,VIP,SILVER,25-34,Fes
CUST03235,2023-02-21,NEW,BRONZE,18-24,Tanger
CUST03236,2025-06-30,REGULAR,SILVER,25-34,Rabat
CUST03237,2024-03-01,NEW,BRONZE,25-34,Agadir
CUST03238,2023-03-10,REGULAR,SILVER,45-54,Kenitra
CUST03239,2024-06-23,REGULAR,SILVER,55+,Kenitra
CUST03240,2023-09-24,VIP,SILVER,45-54,Agadir
CUST03241,2023-03-17,NEW,BRONZE,25-34,Rabat
CUST03242,2025-01-10,REGULAR,BRONZE,35-44,Marrakech
CUST03243,2025-03-28,REGULAR,BRONZE,35-44,Marrakech
CUST03244,2025-07-06,REGULAR,SILVER,25-34,Fes
CUST03245,2025-05-20,VIP,GOLD,35-44, Agadir 
CUST03246,2025-03-29,REGULAR,SILVER,35-44,Agadir
CUST03247,2025-01-25,REGULAR,SILVER,35-44,Marrakech
CUST03248,2024-04-21,REGULAR,BRONZE,55+,Marrakech
CUST03249,2023-02-05,REGULAR,SILVER,25-34,Marrakech
CUST03250,2024-06-02,NEW,BRONZE,25-34,Rabat
CUST03251,2024-09-21,REGULAR,BRONZE,25-34,Marrakech
CUST03252,2025-10-21,REGULAR,SILVER,18-24,Kenitra
CUST03253,2024-11-01,REGULAR,SILVER,35-44,Rabat
CUST03254,2024-04-07,REGULAR,SILVER,55+,Tanger
CUST03255,2025-04-12,REGULAR,SILVER,25-34,Kenitra
CUST03256,2025-01-20,NEW,BRONZE,25-34,Casablanca
CUST03257,2025-05-06,REGULAR,BRONZE,45-54,Casablanca
CUST03258,2025-01-16,REGULAR,BRONZE,35-44,Marrakech
CUST03259,2023-04-29,REGULAR,SILVER,25-34,Casablanca
CUST03260,2025-01-09,REGULAR,BRONZE,25-34,Fes
CUST03261,2024-02-25,VIP,SILVER,18-24,Kenitra
CUST03262,2023-03-26,REGULAR,BRONZE,25-34,Tanger
CUST03263,2023-12-21,REGULAR,BRONZE,25-34,Agadir
CUST03264,2024-05-10,VIP,SILVER,25-34,Casablanca
CUST03265,2024-01-31,REGULAR,BRONZE,18-24,Agadir
CUST03266,2024-12-30,REGULAR,BRONZE,45-54,Kenitra
CUST03267,2024-08-30,NEW,BRONZE,35-44,Agadir
CUST03268,2025-04-14,REGULAR,SILVER,35-44,Kenitra
CUST03269,2024-05-01,REGULAR,SILVER,55+,Kenitra
CUST03270,2023-07-21,NEW,BRONZE,18-24,Casablanca
CUST03271,2023-07-30,NEW,BRONZE,18-24,Agadir
CUST03272,2025-12-14,REGULAR,BRONZE,35-44,Casablanca
CUST03273,2025-05-04,REGULAR,BRONZE,25-34,Agadir
CUST03274,2025-04-03,NEW,BRONZE,25-34,Casablanca
CUST03275,2023-06-26,REGULAR,BRONZE,35-44,Marrakech
CUST03276,2024-12-21,REGULAR,BRONZE,18-24,Rabat
CUST03277,2025-08-06,VIP,GOLD,45-54,Marrakech
CUST03278,2025-08-06,VIP,GOLD,35-44,Rabat
CUST03279,2023-04-02,REGULAR,BRONZE,45-54,Agadir
CUST03280,2023-03-31,REGULAR,BRONZE,18-24,Tanger
CUST03281,2025-01-04,REGULAR,SILVER,55+,Fes
CUST03282,2024-11-29,NEW,BRONZE,35-44,Tanger
CUST03283,2025-10-31,REGULAR,SILVER,25-34,Casablanca
CUST03284,2024-12-26,REGULAR,BRONZE,55+,Marrakech
CUST03285,2025-06-25,REGULAR,SILVER,35-44,Fes
CUST03286,2024-05-01,NEW,BRONZE,18-24,Fes
CUST03287,2023-02-17,VIP,SILVER,25-34,Marrakech
CUST03288,2024-07-21, REGULAR ,SILVER,18-24,Tanger
CUST03289,2024-11-05,NEW,BRONZE,35-44,Agadir
CUST03290,2024-08-16,REGULAR,BRONZE,55+,Fes
CUST03291,2024-04-22,REGULAR,BRONZE,35-44,Marrakech
CUST03292,2025-08-29,NEW,BRONZE,25-34,Agadir
CUST03293,2023-01-17,REGULAR,SILVER,25-34,Tanger
CUST03294,2024-11-10,REGULAR,BRONZE,35-44,Kenitra
CUST03295,2024-01-16,vip,SILVER,35-44,Agadir
CUST03296,2023-11-12,NEW,BRONZE,25-34,Fes
CUST03297,2024-09-02,REGULAR,SILVER,35-44,Fes
CUST03298,2025-03-28,NEW,BRONZE,45-54,Kenitra
CUST03299,2025-08-30,REGULAR,BRONZE,25-34,Kenitra
CUST03300,2024-12-06,REGULAR,SILVER,35-44,Marrakech
CUST03301,2025-07-25,VIP,SILVER,25-34,Agadir
CUST03302,2023-11-17,REGULAR,SILVER,35-44,Tanger
CUST03303,2025-10-06,REGULAR,SILVER,25-34,Kenitra
CUST03304,2025-01-03,REGULAR,SILVER,35-44,Rabat
CUST03305,2024-05-01,VIP,SILVER,35-44,Marrakech
CUST03306,2024-01-12,NEW,BRONZE,45-54,Tanger
CUST03307,2024-11-01,REGULAR,BRONZE,45-54,Kenitra
CUST03308,2024-03-16,REGULAR,BRONZE,35-44,Fes
CUST03309,2024-06-04,REGULAR,BRONZE,18-24,Tanger
CUST03310,2023-01-17,REGULAR,BRONZE,25-34,MARRAKECH
CUST03311,2024-05-10,REGULAR,SILVER,25-34,Agadir
CUST03312,2024-07-12,REGULAR,BRONZE,18-24,Casablanca
CUST03313,2025-06-14,REGULAR,SILVER,18-24,Agadir
CUST03314,2024-11-12,REGULAR,SILVER,35-44,Marrakech
CUST03315,2025-12-22,REGULAR,SILVER,25-34,Fes
CUST03316,2025-10-23,REGULAR,BRONZE,55+,Rabat
CUST03317,2024-03-21,REGULAR,BRONZE,18-24,Fes
CUST03318,2023-11-22,REGULAR,SILVER,25-34,Casablanca
CUST03319,2025-11-14,NEW,BRONZE,18-24,Fes
CUST03320,2025-09-11,REGULAR,BRONZE,25-34,Marrakech
CUST03321,2023-05-21,NEW,BRONZE,25-34,Rabat
CUST03322,2024-02-26,REGULAR,SILVER,35-44,Marrakech
CUST03323,2024-05-15,REGULAR,SILVER,25-34,Kenitra
CUST03324,2024-10-15,REGULAR,BRONZE,35-44,Rabat
CUST03325,2024-03-06,REGULAR,SILVER,35-44,Tanger
CUST03326,2024-11-19,VIP,SILVER,35-44, Agadir 
CUST03327,2023-04-21,REGULAR,BRONZE,35-44,Tanger
CUST03328,2025-08-13,NEW,BRONZE,25-34,Rabat
CUST03329,2025-07-20,VIP,GOLD,35-44,Casablanca
CUST03330,2025-09-17,NEW,BRONZE,25-34,Fes
CUST03331,2024-04-02,REGULAR,SILVER,35-44,Rabat
CUST03332,2025-08-15,NEW,BRONZE,55+,Casablanca
CUST03333,2024-12-16,REGULAR,SILVER,25-34,Agadir
CUST03334,2025-10-24,NEW,BRONZE,35-44,Rabat
CUST03335,2024-06-21,REGULAR,BRONZE,35-44,Fes
CUST03336,2024-09-10,REGULAR,SILVER,35-44,Fes
CUST03337,2025-06-29,REGULAR,BRONZE,25-34,Agadir
CUST03338,2024-05-17,VIP,GOLD,18-24,Agadir
CUST03339,2024-03-19,REGULAR,SILVER,25-34,Agadir
CUST03340,2024-01-27,REGULAR,SILVER,35-44,Rabat
CUST03341,2023-03-22,REGULAR,SILVER,25-34,Fes
CUST03342,2023-03-10,REGULAR,SILVER,25-34,Marrakech
CUST03343,2023-11-16,NEW,BRONZE,35-44,Agadir
CUST03344,2025-06-30,REGULAR,BRONZE,25-34,Casablanca
CUST03345,2024-12-30,REGULAR,SILVER,35-44,Fes
CUST03346,2024-03-15,NEW,BRONZE,45-54,Casablanca
CUST03347,2023-01-15,NEW,BRONZE,25-34,Marrakech
CUST03348,2024-09-26,VIP,GOLD,25-34,Fes
CUST03349,2025-04-27,REGULAR,BRONZE,45-54,Marrakech
CUST03350,2023-01-23,REGULAR,SILVER,45-54,Tanger
CUST03351,2023-11-11,REGULAR,BRONZE,35-44,Tanger
CUST03352,2024-04-30,VIP,GOLD,45-54,Agadir
CUST03353,2025-12-07,REGULAR,BRONZE,25-34,Tanger
CUST03354,2023-12-07,NEW,BRONZE,55+,Tanger
CUST03355,2025-09-28,REGULAR,BRONZE,55+,Tanger
CUST03356,2024-10-14,REGULAR,SILVER,25-34,Fes
CUST03357,2024-10-11,REGULAR,BRONZE,35-44,Marrakech
CUST03358,2024-12-02,New,BRONZE,18-24,Casablanca
CUST03359,2024-02-27,REGULAR,BRONZE,35-44,Fes
CUST03360,2023-07-24,REGULAR,SILVER,25-34,Rabat
CUST03361,2023-06-02,NEW,BRONZE,45-54,Casablanca
CUST03362,2023-08-16,NEW,BRONZE,45-54,fes
CUST03363,2025-03-19,Vip,GOLD,35-44,Rabat
CUST03364,2025-09-16,REGULAR,BRONZE,18-24,Fes
CUST03365,2025-05-12,REGULAR,BRONZE,18-24,Casablanca
CUST03366,2025-12-08,REGULAR,SILVER,45-54,Agadir
CUST03367,2024-03-31,NEW,BRONZE,25-34,Tanger
CUST03368,2025-05-29,REGULAR,BRONZE,35-44,Fes
CUST03369,2024-04-17,REGULAR,BRONZE,35-44,Tanger
CUST03370,2025-09-23,REGULAR,BRONZE,18-24,Casablanca
CUST03371,2025-07-11,REGULAR,BRONZE,18-24,Agadir
CUST03372,2025-03-24,VIP,GOLD,25-34,Fes
CUST03373,2024-11-11,VIP,SILVER,45-54,Agadir
CUST03374,2024-11-29,VIP,SILVER,35-44,Casablanca
CUST03375,2023-02-21, REGULAR ,SILVER,25-34,Tanger
CUST03376,2025-01-23,REGULAR,SILVER,18-24,Agadir
CUST03377,2025-01-11,REGULAR,SILVER,25-34,Fes
CUST03378,2024-03-21,REGULAR,SILVER,25-34,Rabat
CUST03379,2023-07-01,NEW,BRONZE,55+,Rabat
CUST03380,2025-09-14,REGULAR,BRONZE,25-34,Kenitra
CUST03381,2025-10-06,VIP,GOLD,25-34,Agadir
CUST03382,2025-07-14,VIP,SILVER,25-34,Casablanca
CUST03383,2024-11-06,NEW,BRONZE,35-44,Marrakech
CUST03384,2024-10-18,NEW,BRONZE,25-34,Marrakech
CUST03385,2025-04-06,REGULAR,SILVER,25-34,Rabat
CUST03386,2025-07-20,REGULAR,BRONZE,18-24,Agadir
CUST03387,2024-04-07,NEW,BRONZE,45-54,Kenitra
CUST03388,2024-06-24,VIP,SILVER,35-44, Tanger 
CUST03389,2023-03-30,REGULAR,SILVER,25-34,Tanger
CUST03390,2023-02-10,VIP,SILVER,45-54,Fes
CUST03391,2025-01-07,REGULAR,SILVER,18-24,Fes
CUST03392,2025-08-26,REGULAR,SILVER,25-34,Kenitra
CUST03393,2023-11-03,REGULAR,SILVER,25-34,Casablanca
CUST03394,2024-11-22,NEW,BRONZE,35-44, Marrakech 
CUST03395,2025-12-18,VIP,SILVER,35-44,Tanger
CUST03396,2024-01-08,VIP,SILVER,45-54,Casablanca
CUST03397,2025-09-02,NEW,BRONZE,18-24,Fes
CUST03398,2024-02-25,REGULAR,SILVER,25-34,Fes
CUST03399,2025-06-28,NEW,BRONZE,18-24,Fes
CUST03400,2025-05-09,NEW,BRONZE,25-34,Marrakech
CUST03401,2024-02-18,NEW,BRONZE,35-44,Rabat
CUST03402,2024-04-15,NEW,BRONZE,18-24,Tanger
CUST03403,2025-02-12,REGULAR,SILVER,25-34,Agadir
CUST03404,2023-09-25,NEW,BRONZE,18-24,Kenitra
CUST03405,2025-11-01,REGULAR,SILVER,25-34,Rabat
CUST03406,2025-12-23,VIP,GOLD,25-34,Marrakech
CUST03407,2023-08-27,VIP,GOLD,55+,Casablanca
CUST03408,2025-12-20,REGULAR,SILVER,55+,Fes
CUST03409,2025-01-17,REGULAR,BRONZE,35-44,Marrakech
CUST03410,2025-07-03,REGULAR,BRONZE,18-24,Rabat
CUST03411,2023-09-08,NEW,BRONZE,55+,Rabat
CUST03412,2024-10-29,REGULAR,SILVER,35-44,Marrakech
CUST03413,2025-08-24,REGULAR,SILVER,35-44,Marrakech
CUST03414,2024-05-30,REGULAR,SILVER,18-24,Tanger
CUST03415,2025-03-14,REGULAR,BRONZE,35-44,Rabat
CUST03416,2025-11-03,NEW,BRONZE,35-44,Kenitra
CUST03417,2024-10-01,REGULAR,BRONZE,35-44,Rabat
CUST03418,2023-01-08,NEW,BRONZE,25-34,Kenitra
CUST03419,2025-12-21,REGULAR,BRONZE,25-34,Rabat
CUST03420,2025-08-13,REGULAR,BRONZE,35-44,Kenitra
CUST03421,2024-06-01,NEW,BRONZE,35-44,Tanger
CUST03422,2024-11-30,REGULAR,BRONZE,55+,Rabat
CUST03423,2023-10-18,vip,GOLD,45-54,Marrakech
CUST03424,2024-06-15,REGULAR,BRONZE,45-54,Casablanca
CUST03425,2025-12-24,REGULAR,BRONZE,18-24,Rabat
CUST03426,2025-06-04,REGULAR,SILVER,35-44,Rabat
CUST03427,2023-04-05,NEW,BRONZE,55+,Casablanca
CUST03428,2025-07-10,REGULAR,SILVER,25-34,Tanger
CUST03429,2023-07-31,REGULAR,SILVER,25-34,Tanger
CUST03430,2025-06-27,NEW,BRONZE,25-34,Tanger
CUST03431,2023-08-15,VIP,SILVER,25-34,Kenitra
CUST03432,2025-04-23,NEW,BRONZE,25-34,Marrakech
CUST03433,2023-05-24,NEW,BRONZE,35-44,Casablanca
CUST03434,2025-08-02,REGULAR,SILVER,45-54,Casablanca
CUST03435,2024-09-15,REGULAR,SILVER,25-34,Casablanca
CUST03436,2023-08-14,REGULAR,SILVER,35-44,Casablanca
CUST03437,2023-11-17,REGULAR,BRONZE,35-44,Kenitra
CUST03438,2023-09-14,REGULAR,SILVER,25-34,Agadir
CUST03439,2023-05-15,REGULAR,SILVER,45-54,Casablanca
CUST03440,2025-04-10,REGULAR,BRONZE,18-24,Kenitra
CUST03441,2025-04-24,REGULAR,BRONZE,25-34,Marrakech
CUST03442,2023-05-01,VIP,SILVER,18-24,Fes
CUST03443,2025-07-31,NEW,BRONZE,55+,Kenitra
CUST03444,2024-11-03,REGULAR,BRONZE,55+,Agadir
CUST03445,2024-04-01,NEW,BRONZE,35-44,Fes
CUST03446,2024-05-11,REGULAR,SILVER,45-54,Agadir
CUST03447,2023-06-18,VIP,SILVER,55+,Tanger
CUST03448,2024-09-08,REGULAR,BRONZE,35-44, Kenitra 
CUST03449,2023-02-02,REGULAR,BRONZE,45-54,Kenitra
CUST03450,2024-09-30,REGULAR,SILVER,25-34,Casablanca
CUST03451,2023-04-18,REGULAR,SILVER,35-44,Agadir
CUST03452,2023-10-22,REGULAR,BRONZE,25-34,Fes
CUST03453,2024-04-05,REGULAR,SILVER,25-34,Agadir
CUST03454,2024-03-10,REGULAR,BRONZE,25-34,Casablanca
CUST03455,2025-07-24,NEW,BRONZE,25-34,CASABLANCA
CUST03456,2024-03-02,NEW,BRONZE,25-34,Kenitra
CUST03457,2025-09-01,VIP,GOLD,18-24,Casablanca
CUST03458,2024-04-16,REGULAR,SILVER,18-24,Fes
CUST03459,2023-07-16,REGULAR,SILVER,45-54,Kenitra
CUST03460,2023-04-21,REGULAR,SILVER,45-54,Kenitra
CUST03461,2024-09-04,VIP,GOLD,25-34,Rabat
CUST03462,2025-02-01,VIP,GOLD,55+,Casablanca
CUST03463,2025-11-24,NEW,BRONZE,25-34,Tanger
CUST03464,2023-02-13,REGULAR,BRONZE,55+,Marrakech
CUST03465,2025-08-21,NEW,BRONZE,55+,Kenitra
CUST03466,2025-06-04,Regular,BRONZE,18-24,Kenitra
CUST03467,2025-04-20,NEW,BRONZE,18-24,Agadir
CUST03468,2023-01-02,REGULAR,BRONZE,35-44,Rabat
CUST03469,2025-02-28,REGULAR,SILVER,25-34,Marrakech
CUST03470,2024-03-17,REGULAR,SILVER,18-24,Marrakech
CUST03471,2023-04-01,NEW,BRONZE,25-34,Agadir
CUST03472,2023-11-01,REGULAR,BRONZE,25-34,Rabat
CUST03473,2023-08-23,REGULAR,BRONZE,35-44,Fes
CUST03474,2024-12-22,NEW,BRONZE,18-24,Marrakech
CUST03475,2025-02-20,REGULAR,SILVER,18-24,Fes
CUST03476,2023-11-16,REGULAR,BRONZE,35-44,Agadir
CUST03477,2024-08-17,REGULAR,BRONZE,25-34,Casablanca
CUST03478,2024-04-02,REGULAR,BRONZE,55+,Rabat
CUST03479,2025-12-01,REGULAR,SILVER,35-44,Agadir
CUST03480,2024-02-23,REGULAR,BRONZE,55+,Fes
CUST03481,2025-02-15,REGULAR,SILVER,45-54,Kenitra
CUST03482,2023-07-26,NEW,BRONZE,45-54,Fes
CUST03483,2025-04-03,NEW,BRONZE,35-44,Tanger
CUST03484,2025-06-17,NEW,BRONZE,45-54,Agadir
CUST03485,2024-12-09,REGULAR,BRONZE,45-54,Tanger
CUST03486,2023-02-07,REGULAR,BRONZE,35-44,Fes
CUST03487,2023-11-26,REGULAR,BRONZE,18-24,Kenitra
CUST03488,2023-07-31,NEW,BRONZE,25-34,Kenitra
CUST03489,2023-04-29,VIP,SILVER,35-44,Marrakech
CUST03490,2024-03-03,REGULAR,SILVER,25-34,Agadir
CUST03491,2024-09-26,REGULAR,SILVER,25-34,Rabat
CUST03492,2025-12-13,NEW,BRONZE,25-34,Rabat
CUST03493,2024-09-21,REGULAR,BRONZE,18-24,Fes
CUST03494,2025-04-25,REGULAR,SILVER,35-44,Tanger
CUST03495,2024-02-03,REGULAR,SILVER,25-34,Casablanca
CUST03496,2025-04-07,NEW,BRONZE,55+,Casablanca
CUST03497,2023-03-21,REGULAR,SILVER,25-34,Tanger
CUST03498,2023-06-11,REGULAR,BRONZE,25-34,Rabat
CUST03499,2025-11-04,VIP,GOLD,35-44,Rabat
CUST03500,2023-08-24,REGULAR,BRONZE,25-34,Fes
CUST03501,2023-03-10,REGULAR,SILVER,25-34,Fes
CUST03502,2024-10-23,REGULAR,SILVER,45-54,Kenitra
CUST03503,2024-06-15,REGULAR,BRONZE,35-44,Marrakech
CUST03504,2024-05-15,VIP,GOLD,55+,Rabat
CUST03505,2023-08-14,VIP,SILVER,45-54,Fes
CUST03506,2024-06-23,REGULAR,BRONZE,25-34,Rabat
CUST03507,2023-07-09,VIP,SILVER,18-24,Tanger
CUST03508,2024-10-07,REGULAR,SILVER,35-44,Kenitra
CUST03509,2024-03-08,REGULAR,BRONZE,45-54,Kenitra
CUST03510,2025-11-22,NEW,BRONZE,18-24,Rabat
CUST03511,2024-04-19,New,BRONZE,25-34,Tanger
CUST03512,2025-10-25,REGULAR,BRONZE,25-34,Tanger
CUST03513,2023-07-24,REGULAR,SILVER,45-54,rabat
CUST03514,2025-03-09,NEW,BRONZE,55+,Tanger
CUST03515,2024-07-04,REGULAR,SILVER,55+,Rabat
CUST03516,2024-06-27,NEW,BRONZE,18-24,Marrakech
CUST03517,2024-04-13,REGULAR,SILVER,25-34,Casablanca
CUST03518,2023-01-09,REGULAR,BRONZE,25-34,Casablanca
CUST03519,2023-05-14,REGULAR,BRONZE,18-24,Fes
CUST03520,2023-03-16,NEW,BRONZE,25-34,Kenitra
CUST03521,2025-03-22,NEW,BRONZE,35-44,Rabat
CUST03522,2025-08-08,REGULAR,SILVER,18-24,Marrakech
CUST03523,2024-05-19,REGULAR,BRONZE,25-34,Rabat
CUST03524,2023-05-28,REGULAR,BRONZE,25-34,Kenitra
CUST03525,2024-02-18,REGULAR,BRONZE,18-24,Marrakech
CUST03526,2023-08-07,REGULAR,SILVER,55+,Rabat
CUST03527,2024-07-02,REGULAR,BRONZE,25-34,Kenitra
CUST03528,2024-04-20,NEW,BRONZE,25-34,Agadir
CUST03529,2023-08-12,REGULAR,BRONZE,18-24,Agadir
CUST03530,2023-04-24,REGULAR,BRONZE,35-44,Agadir
CUST03531,2023-08-17,VIP,GOLD,55+,Casablanca
CUST03532,2024-09-13,REGULAR,BRONZE,55+,Marrakech
CUST03533,2024-02-06,REGULAR,SILVER,45-54,Tanger
CUST03534,2023-11-11,VIP,GOLD,55+,Agadir
CUST03535,2024-05-09,NEW,BRONZE,25-34,Tanger
CUST03536,2023-03-10,REGULAR,SILVER,25-34,Marrakech
CUST03537,2024-10-16,REGULAR,BRONZE,18-24,Agadir
CUST03538,2024-01-20,VIP,GOLD,35-44,Fes
CUST03539,2025-07-06,NEW,BRONZE,25-34,Kenitra
CUST03540,2024-05-01,NEW,BRONZE,35-44,Agadir
CUST03541,2025-03-20,REGULAR,BRONZE,35-44,Kenitra
CUST03542,2024-11-05,NEW,BRONZE,55+, Rabat 
CUST03543,2023-08-16,REGULAR,BRONZE,18-24,Tanger
CUST03544,2025-07-30,NEW,BRONZE,18-24,Tanger
CUST03545,2023-06-29,VIP,SILVER,35-44,Agadir
CUST03546,2024-01-31,REGULAR,SILVER,35-44,Tanger
CUST03547,2025-04-09,REGULAR,BRONZE,35-44,Rabat
CUST03548,2025-10-08,REGULAR,SILVER,55+,Agadir
CUST03549,2024-10-11,REGULAR,BRONZE,35-44,Casablanca
CUST03550,2023-10-06,VIP,GOLD,55+,Casablanca
CUST03551,2024-08-11,NEW,BRONZE,25-34,Agadir
CUST03552,2023-03-01,NEW,BRONZE,35-44,Tanger
CUST03553,2025-05-17,REGULAR,SILVER,18-24,Fes
CUST03554,2024-05-14,NEW,BRONZE,45-54,Agadir
CUST03555,2025-12-28,NEW,BRONZE,25-34,Rabat
CUST03556,2024-06-16,REGULAR,SILVER,25-34,Casablanca
CUST03557,2024-06-10,NEW,BRONZE,45-54,Tanger
CUST03558,2025-06-09,REGULAR,BRONZE,18-24,Kenitra
CUST03559,2024-06-11,NEW,BRONZE,25-34,Marrakech
CUST03560,2024-12-13,REGULAR,BRONZE,35-44,Agadir
CUST03561,2023-04-17,NEW,BRONZE,25-34,Agadir
CUST03562,2025-03-10,VIP,SILVER,55+,Rabat
CUST03563,2025-03-20,REGULAR,BRONZE,35-44,Casablanca
CUST03564,2023-01-14,NEW,BRONZE,25-34,Agadir
CUST03565,2024-04-10,REGULAR,BRONZE,25-34,Fes
CUST03566,2023-10-27,NEW,BRONZE,35-44,Agadir
CUST03567,2025-03-12,VIP,SILVER,55+,Casablanca
CUST03568,2025-03-15,VIP,GOLD,35-44,Rabat
CUST03569,2023-11-25,NEW,BRONZE,25-34,Marrakech
CUST03570,2025-11-06,REGULAR,BRONZE,25-34,Agadir
CUST03571,2023-12-17,REGULAR,BRONZE,18-24,Agadir
CUST03572,2025-06-22,NEW,BRONZE,18-24,Tanger
CUST03573,2023-01-06,REGULAR,BRONZE,25-34,Marrakech
CUST03574,2025-08-20,NEW,BRONZE,35-44,Agadir
CUST03575,2024-03-04,REGULAR,SILVER,25-34,Casablanca
CUST03576,2023-07-07,REGULAR,BRONZE,18-24,Kenitra
CUST03577,2024-09-13,REGULAR,SILVER,35-44,Casablanca
CUST03578,2023-01-27,NEW,BRONZE,25-34,Casablanca
CUST03579,2025-12-19,NEW,BRONZE,25-34,Agadir
CUST03580,2025-07-24,REGULAR,BRONZE,55+,Fes
CUST03581,2023-03-03,VIP,GOLD,45-54,Agadir
CUST03582,2025-05-23,REGULAR,SILVER,25-34,Rabat
CUST03583,2024-07-24,VIP,SILVER,35-44,Fes
CUST03584,2023-01-09,NEW,BRONZE,18-24,Tanger
CUST03585,2023-07-14,REGULAR,SILVER,25-34,Marrakech
CUST03586,2023-01-08,REGULAR,SILVER,18-24,Rabat
CUST03587,2025-04-15,REGULAR,SILVER,25-34,Agadir
CUST03588,2023-11-29,REGULAR,SILVER,35-44,Agadir
CUST03589,2023-04-09,REGULAR,BRONZE,25-34,Agadir
CUST03590,2024-07-09,REGULAR,SILVER,45-54,Fes
CUST03591,2024-02-11,REGULAR,BRONZE,25-34,Rabat
CUST03592,2024-10-26,REGULAR,SILVER,35-44,Fes
CUST03593,2025-04-03,new,BRONZE,18-24,Kenitra
CUST03594,2025-01-04,REGULAR,BRONZE,45-54,Rabat
CUST03595,2024-09-25,REGULAR,BRONZE,55+,Marrakech
CUST03596,2024-11-03,VIP,GOLD,35-44,Marrakech
CUST03597,2024-12-23,REGULAR,SILVER,45-54,Fes
CUST03598,2023-08-08,REGULAR,SILVER,25-34,Rabat
CUST03599,2023-10-20,REGULAR,SILVER,55+,Tanger
CUST03600,2023-01-02,REGULAR,SILVER,25-34,Rabat
CUST03601,2023-12-10,NEW,BRONZE,25-34,Fes
CUST03602,2023-01-16,VIP,GOLD,18-24,Fes
CUST03603,2025-11-05,REGULAR,BRONZE,25-34,Agadir
CUST03604,2023-08-05,REGULAR,BRONZE,18-24,Marrakech
CUST03605,2023-08-04,REGULAR,SILVER,25-34,Rabat
CUST03606,2025-12-02,REGULAR,SILVER,55+,Marrakech
CUST03607,2025-11-14,REGULAR,BRONZE,25-34,Tanger
CUST03608,2024-05-12,NEW,BRONZE,35-44,Fes
CUST03609,2024-08-31,REGULAR,SILVER,45-54,Agadir
CUST03610,2024-09-26,NEW,BRONZE,45-54,Fes
CUST03611,2023-10-05,REGULAR,SILVER,45-54,Agadir
CUST03612,2023-08-12,REGULAR,BRONZE,35-44,Casablanca
CUST03613,2025-11-22,REGULAR,BRONZE,55+,Tanger
CUST03614,2025-01-15,REGULAR,SILVER,35-44,Marrakech
CUST03615,2025-05-03,REGULAR,BRONZE,25-34,Fes
CUST03616,2024-09-19,REGULAR,SILVER,18-24,Rabat
CUST03617,2025-08-12,REGULAR,SILVER,35-44,Agadir
CUST03618,2023-01-06,REGULAR,BRONZE,35-44,Marrakech
CUST03619,2025-10-23,REGULAR,BRONZE,25-34,Casablanca
CUST03620,2024-11-13,REGULAR,BRONZE,18-24,Casablanca
CUST03621,2025-03-15,REGULAR,BRONZE,25-34,Casablanca
CUST03622,2023-09-01,REGULAR,SILVER,18-24,Kenitra
CUST03623,2023-09-20,NEW,BRONZE,25-34,Rabat
CUST03624,2023-03-10,REGULAR,SILVER,55+,Kenitra
CUST03625,2023-11-01,NEW,BRONZE,55+,Fes
CUST03626,2024-06-27,VIP,GOLD,45-54,Tanger
CUST03627,2023-08-09,REGULAR,BRONZE,45-54,Agadir
CUST03628,2023-01-30,REGULAR,SILVER,25-34,Fes
CUST03629,2023-11-03,VIP,SILVER,35-44,Kenitra
CUST03630,2024-12-23,NEW,BRONZE,25-34,Kenitra
CUST03631,2024-11-12,New,BRONZE,25-34,Agadir
CUST03632,2024-09-30,VIP,SILVER,55+,Agadir
CUST03633,2023-05-07,NEW,BRONZE,45-54,Rabat
CUST03634,2025-03-30,REGULAR,BRONZE,18-24, Marrakech 
CUST03635,2025-06-28,REGULAR,SILVER,18-24,Fes
CUST03636,2025-08-04,NEW,BRONZE,25-34,Agadir
CUST03637,2024-03-03,NEW,BRONZE,55+,Fes
CUST03638,2025-02-22,NEW,BRONZE,25-34,Agadir
CUST03639,2023-05-29,REGULAR,BRONZE,18-24,Tanger
CUST03640,2024-11-21,NEW,BRONZE,45-54,Casablanca
CUST03641,2023-09-15,VIP,GOLD,45-54,Fes
CUST03642,2024-10-08,REGULAR,SILVER,45-54,Agadir
CUST03643,2023-10-25,NEW,BRONZE,35-44,Casablanca
CUST03644,2023-02-22,VIP,GOLD,25-34,Marrakech
CUST03645,2025-05-08,REGULAR,SILVER,18-24,Agadir
CUST03646,2025-05-03,REGULAR,BRONZE,35-44,Tanger
CUST03647,2024-06-10,VIP,SILVER,25-34,Kenitra
CUST03648,2024-05-28,REGULAR,SILVER,25-34, Fes 
CUST03649,2024-10-13,REGULAR,SILVER,35-44,Fes
CUST03650,2025-07-18,VIP,GOLD,35-44,Casablanca
CUST03651,2025-11-15,REGULAR,BRONZE,45-54,Agadir
CUST03652,2024-06-10,NEW,BRONZE,35-44,Kenitra
CUST03653,2025-05-18,NEW,BRONZE,18-24,Marrakech
CUST03654,2025-04-02,REGULAR,SILVER,35-44,Agadir
CUST03655,2023-09-10,VIP,SILVER,25-34,Marrakech
CUST03656,2024-07-07,NEW,BRONZE,35-44,Rabat
CUST03657,2024-06-19, REGULAR ,SILVER,45-54,Agadir
CUST03658,2025-03-30,REGULAR,BRONZE,18-24,Casablanca
CUST03659,2023-04-23,REGULAR,SILVER,35-44,Kenitra
CUST03660,2025-02-02,REGULAR,SILVER,25-34,Agadir
CUST03661,2023-04-20,REGULAR,BRONZE,18-24,Rabat
CUST03662,2025-08-18,NEW,BRONZE,25-34,Marrakech
CUST03663,2025-02-01,NEW,BRONZE,55+,Marrakech
CUST03664,2024-04-15,REGULAR,BRONZE,55+, Rabat 
CUST03665,2025-08-21,REGULAR,SILVER,35-44,Agadir
CUST03666,2024-11-14,REGULAR,SILVER,45-54,Marrakech
CUST03667,2024-06-05,REGULAR,BRONZE,35-44,Casablanca
CUST03668,2024-06-12,REGULAR,BRONZE,25-34,Kenitra
CUST03669,2024-03-08,REGULAR,BRONZE,25-34,Rabat
CUST03670,2024-04-15,VIP,GOLD,35-44,Agadir
CUST03671,2025-02-15,REGULAR,SILVER,45-54,Tanger
CUST03672,2025-07-26,REGULAR,BRONZE,35-44,Marrakech
CUST03673,2023-06-11,NEW,BRONZE,35-44,Casablanca
CUST03674,2023-12-17,REGULAR,BRONZE,35-44,Fes
CUST03675,2025-06-13,NEW,BRONZE,25-34,Tanger
CUST03676,2023-08-12,NEW,BRONZE,35-44,Agadir
CUST03677,2023-05-26,VIP,GOLD,35-44,Agadir
CUST03678,2024-10-20,REGULAR,BRONZE,18-24,Casablanca
CUST03679,2024-03-05,NEW,BRONZE,35-44,Agadir
CUST03680,2023-03-23,VIP,GOLD,55+,Kenitra
CUST03681,2023-10-02,NEW,BRONZE,35-44,Marrakech
CUST03682,2025-09-18,VIP,SILVER,25-34,Rabat
CUST03683,2024-06-07,REGULAR,SILVER,35-44,Kenitra
CUST03684,2025-07-22,VIP,GOLD,25-34,Agadir
CUST03685,2024-06-21,REGULAR,SILVER,25-34,Fes
CUST03686,2023-10-23,REGULAR,BRONZE,35-44,Fes
CUST03687,2025-10-28,REGULAR,SILVER,35-44,Fes
CUST03688,2025-07-14,REGULAR,BRONZE,18-24, Kenitra 
CUST03689,2024-03-12,REGULAR,BRONZE,25-34,Marrakech
CUST03690,2023-05-12,VIP,GOLD,18-24,Fes
CUST03691,2023-11-10,REGULAR,SILVER,45-54,Fes
CUST03692,2024-12-16,REGULAR,BRONZE,35-44,Fes
CUST03693,2024-05-06,VIP,GOLD,25-34,Rabat
CUST03694,2023-03-03,VIP,SILVER,25-34,Fes
CUST03695,2024-09-05,NEW,BRONZE,45-54,Tanger
CUST03696,2025-10-04,NEW,BRONZE,25-34,Kenitra
CUST03697,2024-01-21,VIP,SILVER,18-24,Agadir
CUST03698,2024-01-16,REGULAR,SILVER,45-54,Fes
CUST03699,2024-12-11,REGULAR,SILVER,35-44,Fes
CUST03700,2024-08-30,NEW,BRONZE,25-34,Agadir
CUST03701,2023-10-13,NEW,BRONZE,25-34,Fes
CUST03702,2024-07-12,REGULAR,SILVER,35-44,Marrakech
CUST03703,2025-12-26,VIP,SILVER,35-44,Kenitra
CUST03704,2023-12-10,REGULAR,SILVER,25-34,Tanger
CUST03705,2023-11-23,VIP,GOLD,18-24,Fes
CUST03706,2025-06-25,VIP,GOLD,35-44,Casablanca
CUST03707,2024-11-23,NEW,BRONZE,25-34,Agadir
CUST03708,2023-01-13,REGULAR,SILVER,55+,Marrakech
CUST03709,2023-01-15,REGULAR,BRONZE,45-54,Kenitra
CUST03710,2025-01-24,REGULAR,SILVER,45-54,Casablanca
CUST03711,2025-07-16,REGULAR,BRONZE,25-34,Kenitra
CUST03712,2025-08-20,NEW,BRONZE,18-24,Casablanca
CUST03713,2024-12-06,REGULAR,SILVER,18-24,Kenitra
CUST03714,2023-11-09,REGULAR,SILVER,35-44,Fes
CUST03715,2024-04-01,VIP,GOLD,25-34,Agadir
CUST03716,2023-05-22,REGULAR,SILVER,35-44,Fes
CUST03717,2024-12-04,REGULAR,BRONZE,25-34,Kenitra
CUST03718,2025-06-02,REGULAR,BRONZE,18-24,Casablanca
CUST03719,2023-11-30,REGULAR,SILVER,18-24,Marrakech
CUST03720,2025-05-16,VIP,GOLD,45-54,Kenitra
CUST03721,2023-11-23,REGULAR,BRONZE,25-34, Fes 
CUST03722,2023-06-24,NEW,BRONZE,18-24,Tanger
CUST03723,2023-08-29,NEW,BRONZE,25-34,Tanger
CUST03724,2024-12-29,REGULAR,BRONZE,35-44,Marrakech
CUST03725,2023-02-04,VIP,SILVER,25-34,Casablanca
CUST03726,2025-04-06,REGULAR,BRONZE,18-24,Fes
CUST03727,2024-10-14,VIP,GOLD,55+,Agadir
CUST03728,2024-08-28,REGULAR,SILVER,55+,Marrakech
CUST03729,2023-02-22,VIP,SILVER,35-44,Agadir
CUST03730,2023-06-19,REGULAR,SILVER,25-34,Tanger
CUST03731,2024-12-07,VIP,SILVER,18-24,Agadir
CUST03732,2023-05-07,VIP,SILVER,18-24,Fes
CUST03733,2024-01-14,NEW,BRONZE,18-24,Kenitra
CUST03734,2024-02-23,NEW,BRONZE,25-34,Agadir
CUST03735,2024-02-19,NEW,BRONZE,35-44,Rabat
CUST03736,2024-05-10,NEW,BRONZE,25-34,Agadir
CUST03737,2023-12-21,REGULAR,SILVER,18-24,Kenitra
CUST03738,2024-05-28,NEW,BRONZE,25-34,Kenitra
CUST03739,2024-10-11,REGULAR,BRONZE,55+,Kenitra
CUST03740,2023-07-01, NEW ,BRONZE,55+,Kenitra
CUST03741,2023-06-28,VIP,SILVER,55+,Tanger
CUST03742,2024-06-20,REGULAR,SILVER,35-44,Rabat
CUST03743,2025-06-04,REGULAR,SILVER,25-34,Marrakech
CUST03744,2023-09-21,NEW,BRONZE,45-54,Rabat
CUST03745,2024-02-22,REGULAR,BRONZE,35-44,Rabat
CUST03746,2023-11-30,REGULAR,BRONZE,45-54,Marrakech
CUST03747,2023-11-20,NEW,BRONZE,25-34,Marrakech
CUST03748,2025-03-14,VIP,SILVER,25-34,Fes
CUST03749,2025-03-27,REGULAR,SILVER,25-34,Fes
CUST03750,2023-07-08,REGULAR,SILVER,18-24,Rabat
CUST03751,2024-02-26,REGULAR,BRONZE,25-34,Kenitra
CUST03752,2023-02-26,VIP,GOLD,18-24,Marrakech
CUST03753,2025-10-12,REGULAR,BRONZE,25-34,Agadir
CUST03754,2025-02-11,REGULAR,BRONZE,35-44,Fes
CUST03755,2025-10-28,REGULAR,BRONZE,25-34,Kenitra
CUST03756,2023-03-05,VIP,SILVER,18-24,Rabat
CUST03757,2024-12-08,REGULAR,SILVER,25-34,Marrakech
CUST03758,2024-05-17,VIP,SILVER,35-44,Casablanca
CUST03759,2024-10-13,REGULAR,BRONZE,25-34,Marrakech
CUST03760,2023-04-10,REGULAR,BRONZE,18-24,Casablanca
CUST03761,2025-04-11,REGULAR,SILVER,35-44,Kenitra
CUST03762,2024-01-30,REGULAR,BRONZE,45-54,Fes
CUST03763,2025-10-06,NEW,BRONZE,45-54,Agadir
CUST03764,2024-12-30,REGULAR,BRONZE,55+,Marrakech
CUST03765,2023-02-19,VIP,SILVER,35-44,Tanger
CUST03766,2024-02-27,REGULAR,SILVER,25-34,Fes
CUST03767,2024-05-07,REGULAR,BRONZE,25-34,Agadir
CUST03768,2024-09-29,REGULAR,SILVER,18-24,Agadir
CUST03769,2024-04-17,REGULAR,BRONZE,25-34,Rabat
CUST03770,2023-12-12,REGULAR,SILVER,25-34,Rabat
CUST03771,2025-11-16,NEW,BRONZE,35-44,Tanger
CUST03772,2024-09-30,REGULAR,SILVER,18-24,Rabat
CUST03773,2025-03-02,VIP,GOLD,25-34,Rabat
CUST03774,2023-02-15,REGULAR,SILVER,25-34,Agadir
CUST03775,2024-06-12,NEW,BRONZE,45-54,Fes
CUST03776,2024-04-19,REGULAR,BRONZE,45-54,Tanger
CUST03777,2024-07-12,REGULAR,SILVER,25-34,Kenitra
CUST03778,2025-05-18,NEW,BRONZE,25-34,Tanger
CUST03779,2023-10-09,NEW,BRONZE,55+,Marrakech
CUST03780,2023-09-15,REGULAR,SILVER,25-34,Fes
CUST03781,2023-04-24,VIP,GOLD,25-34,Rabat
CUST03782,2023-06-24,REGULAR,SILVER,45-54,Marrakech
CUST03783,2024-06-15,VIP,SILVER,35-44,Kenitra
CUST03784,2024-01-22,VIP,GOLD,25-34,RABAT
CUST03785,2024-11-08,REGULAR,SILVER,25-34,Kenitra
CUST03786,2024-08-06,REGULAR,SILVER,18-24,Marrakech
CUST03787,2025-09-01,REGULAR,SILVER,18-24,Casablanca
CUST03788,2023-01-25,NEW,BRONZE,35-44,Casablanca
CUST03789,2024-08-05,REGULAR,SILVER,25-34,Casablanca
CUST03790,2024-03-11,REGULAR,BRONZE,25-34,Kenitra
CUST03791,2023-07-06,REGULAR,BRONZE,55+,Rabat
CUST03792,2023-07-31,NEW,BRONZE,35-44,Fes
CUST03793,2023-03-25,VIP,GOLD,25-34,Rabat
CUST03794,2024-05-17,REGULAR,SILVER,35-44,Tanger
CUST03795,2024-03-12,REGULAR,SILVER,55+,Tanger
CUST03796,2023-09-13,REGULAR,BRONZE,35-44,Fes
CUST03797,2025-08-25,NEW,BRONZE,35-44,Marrakech
CUST03798,2023-05-13,REGULAR,SILVER,25-34,Agadir
CUST03799,2023-01-05,REGULAR,BRONZE,25-34,Fes
CUST03800,2024-06-05,REGULAR,BRONZE,45-54,Marrakech
CUST03801,2025-07-25,REGULAR,SILVER,25-34,Agadir
CUST03802,2025-11-23,VIP,SILVER,25-34,Casablanca
CUST03803,2024-08-21,REGULAR,SILVER,45-54,Rabat
CUST03804,2023-10-29,REGULAR,BRONZE,35-44,Rabat
CUST03805,2023-03-05,REGULAR,BRONZE,18-24,Fes
CUST03806,2025-04-17,REGULAR,SILVER,35-44,Casablanca
CUST03807,2024-02-21,REGULAR,BRONZE,45-54,Fes
CUST03808,2025-12-20,NEW,BRONZE,25-34, Tanger 
CUST03809,2023-02-13,REGULAR,BRONZE,35-44,Marrakech
CUST03810,2025-05-03,VIP,SILVER,45-54,Casablanca
CUST03811,2023-03-13,REGULAR,BRONZE,35-44,Marrakech
CUST03812,2025-06-10,REGULAR,SILVER,35-44,Tanger
CUST03813,2024-12-12,NEW,BRONZE,25-34,Agadir
CUST03814,2025-06-23,NEW,BRONZE,35-44,Kenitra
CUST03815,2023-11-25,REGULAR,SILVER,45-54,Fes
CUST03816,2023-03-24,NEW,BRONZE,55+,Tanger
CUST03817,2025-03-24,REGULAR,BRONZE,35-44,Casablanca
CUST03818,2024-06-07,REGULAR,SILVER,35-44,Casablanca
CUST03819,2023-03-09,VIP,GOLD,25-34,Tanger
CUST03820,2023-06-27,REGULAR,SILVER,45-54,Agadir
CUST03821,2025-01-23,NEW,BRONZE,55+,Fes
CUST03822,2023-05-07,REGULAR,SILVER,35-44,Fes
CUST03823,2024-03-03,NEW,BRONZE,18-24,Casablanca
CUST03824,2024-12-27,REGULAR,BRONZE,45-54,Fes
CUST03825,2024-03-24,REGULAR,BRONZE,18-24,Kenitra
CUST03826,2024-04-14,REGULAR,BRONZE,35-44,Marrakech
CUST03827,2024-05-29,VIP,SILVER,25-34,Agadir
CUST03828,2024-02-07,REGULAR,BRONZE,18-24,Kenitra
CUST03829,2025-01-07,REGULAR,BRONZE,35-44,Fes
CUST03830,2025-01-31,REGULAR,BRONZE,18-24,Fes
CUST03831,2025-03-01,REGULAR,SILVER,18-24,Kenitra
CUST03832,2025-09-29,REGULAR,BRONZE,18-24,Marrakech
CUST03833,2024-02-27,REGULAR,SILVER,25-34,Agadir
CUST03834,2025-12-20,REGULAR,BRONZE,35-44,Agadir
CUST03835,2023-03-19,NEW,BRONZE,35-44,Agadir
CUST03836,2023-06-14,REGULAR,BRONZE,45-54,Casablanca
CUST03837,2025-05-11,VIP,SILVER,25-34,Agadir
CUST03838,2025-03-22,REGULAR,SILVER,25-34,Fes
CUST03839,2025-05-05,REGULAR,SILVER,35-44,Casablanca
CUST03840,2023-07-02,VIP,SILVER,45-54,Marrakech
CUST03841,2025-02-19,NEW,BRONZE,55+,Kenitra
CUST03842,2025-06-23,REGULAR,SILVER,55+,Marrakech
CUST03843,2024-08-14,NEW,BRONZE,25-34,Tanger
CUST03844,2025-01-23,NEW,BRONZE,18-24,Marrakech
CUST03845,2023-07-06,NEW,BRONZE,35-44,Casablanca
CUST03846,2023-12-10,REGULAR,SILVER,25-34,Casablanca
CUST03847,2024-02-23,REGULAR,SILVER,25-34,Marrakech
CUST03848,2025-03-12,NEW,BRONZE,35-44,Rabat
CUST03849,2025-03-22,REGULAR,BRONZE,25-34,Casablanca
CUST03850,2024-09-15,VIP,SILVER,25-34,Agadir
CUST03851,2024-07-26,NEW,BRONZE,35-44,Tanger
CUST03852,2025-10-12,NEW,BRONZE,35-44,Tanger
CUST03853,2023-08-09,NEW,BRONZE,25-34,Tanger
CUST03854,2024-09-06,NEW,BRONZE,25-34,Agadir
CUST03855,2023-04-27,REGULAR,SILVER,25-34,Marrakech
CUST03856,2025-06-13,REGULAR,BRONZE,45-54,Fes
CUST03857,2025-06-25,NEW,BRONZE,18-24,Kenitra
CUST03858,2025-04-05,REGULAR,BRONZE,18-24,Fes
CUST03859,2023-04-03,REGULAR,SILVER,25-34,Fes
CUST03860,2024-03-31,REGULAR,BRONZE,25-34,Kenitra
CUST03861,2023-08-18,NEW,BRONZE,25-34,Fes
CUST03862,2023-01-11,REGULAR,BRONZE,25-34,Kenitra
CUST03863,2025-05-24,NEW,BRONZE,25-34,Casablanca
CUST03864,2025-05-31,REGULAR,BRONZE,45-54,Fes
CUST03865,2023-04-01,VIP,GOLD,45-54,Agadir
CUST03866,2025-10-26,REGULAR,BRONZE,25-34,Rabat
CUST03867,2024-03-29,NEW,BRONZE,35-44,Tanger
CUST03868,2023-01-03,NEW,BRONZE,18-24,Kenitra
CUST03869,2024-11-24,REGULAR,SILVER,45-54,Tanger
CUST03870,2023-03-05,NEW,BRONZE,18-24,Tanger
CUST03871,2025-02-06,REGULAR,SILVER,35-44,Marrakech
CUST03872,2024-01-24,VIP,SILVER,35-44,Kenitra
CUST03873,2024-03-31,REGULAR,SILVER,35-44,Rabat
CUST03874,2025-09-16,NEW,BRONZE,25-34,Marrakech
CUST03875,2023-11-30,REGULAR,SILVER,35-44,Fes
CUST03876,2023-06-21,NEW,BRONZE,25-34,Tanger
CUST03877,2024-12-23,NEW,BRONZE,45-54,Marrakech
CUST03878,2023-03-26,REGULAR,BRONZE,25-34,Tanger
CUST03879,2025-01-13,REGULAR,SILVER,18-24,Casablanca
CUST03880,2025-03-29,NEW,BRONZE,18-24,Tanger
CUST03881,2024-04-15,VIP,GOLD,18-24,Rabat
CUST03882,2023-08-14,NEW,BRONZE,45-54,Tanger
CUST03883,2023-09-27,VIP,SILVER,35-44,Casablanca
CUST03884,2025-11-06,REGULAR,BRONZE,45-54,Fes
CUST03885,2024-11-29,REGULAR,BRONZE,35-44,Marrakech
CUST03886,2025-04-08,VIP,GOLD,18-24,Kenitra
CUST03887,2023-04-11,REGULAR,SILVER,45-54,Marrakech
CUST03888,2023-01-28,NEW,BRONZE,35-44,Marrakech
CUST03889,2023-07-29,NEW,BRONZE,35-44,Fes
CUST03890,2024-12-22,NEW,BRONZE,25-34,Marrakech
CUST03891,2025-10-24,NEW,BRONZE,35-44,Kenitra
CUST03892,2024-12-14,REGULAR,BRONZE,18-24,Kenitra
CUST03893,2023-10-21,REGULAR,BRONZE,55+,Marrakech
CUST03894,2025-06-26,VIP,GOLD,35-44,Tanger
CUST03895,2025-07-19,REGULAR,SILVER,18-24,Marrakech
CUST03896,2024-08-08,REGULAR,SILVER,25-34,Fes
CUST03897,2025-11-28,REGULAR,BRONZE,35-44,Tanger
CUST03898,2025-07-02,VIP,SILVER,35-44,Tanger
CUST03899,2025-03-28,REGULAR,BRONZE,55+,Marrakech
CUST03900,2025-04-25,REGULAR,BRONZE,35-44,Fes
CUST03901,2025-10-02,REGULAR,SILVER,55+,Casablanca
CUST03902,2023-09-28,NEW,BRONZE,25-34,Casablanca
CUST03903,2024-11-30,REGULAR,SILVER,35-44,Rabat
CUST03904,2024-09-24,REGULAR,BRONZE,18-24,Casablanca
CUST03905,2023-11-04,NEW,BRONZE,35-44,Kenitra
CUST03906,2025-11-20,NEW,BRONZE,25-34,Kenitra
CUST03907,2023-11-02,NEW,BRONZE,55+,Rabat
CUST03908,2024-07-08,VIP,SILVER,35-44,Tanger
CUST03909,2023-06-03,REGULAR,BRONZE,45-54,Marrakech
CUST03910,2024-02-08,REGULAR,SILVER,45-54,Marrakech
CUST03911,2023-04-03,REGULAR,BRONZE,18-24,Fes
CUST03912,2025-10-04,REGULAR,BRONZE,35-44,agadir
CUST03913,2023-11-05,VIP,GOLD,35-44,Kenitra
CUST03914,2025-06-10,REGULAR,SILVER,45-54,Marrakech
CUST03915,2024-12-11,VIP,SILVER,55+,Tanger
CUST03916,2023-10-22,NEW,BRONZE,18-24,Kenitra
CUST03917,2024-10-21,NEW,BRONZE,45-54,Fes
CUST03918,2023-02-21,REGULAR,BRONZE,35-44,Kenitra
CUST03919,2025-11-12,VIP,SILVER,25-34,Kenitra
CUST03920,2025-02-14,REGULAR,BRONZE,35-44,Kenitra
CUST03921,2023-06-11,REGULAR,BRONZE,35-44,Agadir
CUST03922,2024-03-16,REGULAR,SILVER,45-54,Marrakech
CUST03923,2023-10-07,REGULAR,BRONZE,55+,Fes
CUST03924,2024-06-10,REGULAR,SILVER,45-54,Rabat
CUST03925,2023-06-17,NEW,BRONZE,25-34,Casablanca
CUST03926,2024-09-18,REGULAR,SILVER,35-44,Kenitra
CUST03927,2025-09-07,NEW,BRONZE,25-34,Casablanca
CUST03928,2025-07-12,NEW,BRONZE,45-54,Rabat
CUST03929,2024-09-11,NEW,BRONZE,25-34,Kenitra
CUST03930,2025-04-26,REGULAR,BRONZE,55+,Marrakech
CUST03931,2023-09-25,NEW,BRONZE,55+,Marrakech
CUST03932,2024-03-25,REGULAR,SILVER,25-34,Marrakech
CUST03933,2023-08-29,NEW,BRONZE,18-24,Tanger
CUST03934,2025-06-18,NEW,BRONZE,55+,Agadir
CUST03935,2025-12-11,NEW,BRONZE,35-44,Kenitra
CUST03936,2023-01-14,REGULAR,BRONZE,45-54,Fes
CUST03937,2025-04-03,NEW,BRONZE,35-44,Agadir
CUST03938,2023-11-13,NEW,BRONZE,45-54,Rabat
CUST03939,2025-10-28,REGULAR,BRONZE,18-24,Marrakech
CUST03940,2024-06-19,REGULAR,BRONZE,35-44,Casablanca
CUST03941,2025-01-07,REGULAR,SILVER,25-34,Agadir
CUST03942,2025-03-24,NEW,BRONZE,35-44,Casablanca
CUST03943,2024-06-25,NEW,BRONZE,18-24,Marrakech
CUST03944,2025-12-02,REGULAR,SILVER,18-24,Rabat
CUST03945,2025-03-07, REGULAR ,SILVER,35-44,Fes
CUST03946,2024-04-06,REGULAR,SILVER,35-44,Rabat
CUST03947,2025-01-10,REGULAR,SILVER,35-44,Casablanca
CUST03948,2024-02-09,VIP,GOLD,35-44,Casablanca
CUST03949,2023-12-30,REGULAR,SILVER,35-44,Marrakech
CUST03950,2025-01-09,REGULAR,SILVER,25-34,Casablanca
CUST03951,2023-05-30,REGULAR,BRONZE,25-34,Marrakech
CUST03952,2025-10-03,VIP,SILVER,35-44,Marrakech
CUST03953,2025-04-11,NEW,BRONZE,18-24,Rabat
CUST03954,2024-09-22,REGULAR,BRONZE,55+,Kenitra
CUST03955,2025-10-19,REGULAR,BRONZE,45-54,Marrakech
CUST03956,2025-12-10,VIP,GOLD,45-54,Tanger
CUST03957,2023-02-07,REGULAR,BRONZE,18-24,Fes
CUST03958,2025-07-19,REGULAR,SILVER,55+,Agadir
CUST03959,2025-03-18,NEW,BRONZE,35-44,Fes
CUST03960,2023-04-28,REGULAR,SILVER,35-44,Casablanca
CUST03961,2025-08-18,NEW,BRONZE,45-54,Agadir
CUST03962,2025-09-28,REGULAR,BRONZE,18-24,Agadir
CUST03963,2025-08-13,REGULAR,BRONZE,45-54,Agadir
CUST03964,2025-05-18,REGULAR,SILVER,35-44,Tanger
CUST03965,2025-08-29,NEW,BRONZE,45-54,Fes
CUST03966,2024-08-23,REGULAR,BRONZE,25-34,Kenitra
CUST03967,2024-02-16,NEW,BRONZE,45-54,Agadir
CUST03968,2025-03-17,REGULAR,SILVER,25-34,Marrakech
CUST03969,2024-06-15,REGULAR,SILVER,35-44,Agadir
CUST03970,2024-05-03,NEW,BRONZE,35-44,Tanger
CUST03971,2024-06-02,NEW,BRONZE,18-24,Fes
CUST03972,2024-07-12,REGULAR,SILVER,45-54,Casablanca
CUST03973,2024-04-30,REGULAR,SILVER,55+,Marrakech
CUST03974,2025-12-11,NEW,BRONZE,25-34,Casablanca
CUST03975,2024-01-22,NEW,BRONZE,45-54,Fes
CUST03976,2023-03-29,REGULAR,SILVER,55+,Fes
CUST03977,2024-07-16,NEW,BRONZE,25-34,Casablanca
CUST03978,2023-03-02,REGULAR,BRONZE,35-44,Fes
CUST03979,2025-06-03,NEW,BRONZE,35-44,Fes
CUST03980,2025-03-18,VIP,SILVER,55+,Casablanca
CUST03981,2024-02-07,REGULAR,SILVER,18-24,Rabat
CUST03982,2024-08-03,REGULAR,BRONZE,18-24, Rabat 
CUST03983,2025-12-28,NEW,BRONZE,35-44,Fes
CUST03984,2025-08-03,REGULAR,SILVER,45-54,Marrakech
CUST03985,2025-05-24,NEW,BRONZE,25-34,Kenitra
CUST03986,2025-08-26,REGULAR,BRONZE,35-44,Rabat
CUST03987,2024-01-11,REGULAR,BRONZE,25-34,Rabat
CUST03988,2025-06-05,REGULAR,BRONZE,35-44,Rabat
CUST03989,2023-09-03,VIP,SILVER,25-34,Agadir
CUST03990,2023-08-13,NEW,BRONZE,35-44,Kenitra
CUST03991,2024-09-01,VIP,SILVER,25-34,Casablanca
CUST03992,2024-11-15,VIP,GOLD,45-54,Marrakech
CUST03993,2025-04-08,REGULAR,SILVER,35-44,Rabat
CUST03994,2025-07-20,REGULAR,SILVER,25-34,Marrakech
CUST03995,2023-01-22,NEW,BRONZE,35-44,Casablanca
CUST03996,2023-01-15,VIP,SILVER,18-24,Fes
CUST03997,2023-08-30,VIP,GOLD,55+,Tanger
CUST03998,2025-05-26,REGULAR,SILVER,35-44,Kenitra
CUST03999,2024-10-08,VIP,SILVER,18-24,Casablanca
CUST04000,2025-01-31,REGULAR,SILVER,18-24,Fes
CUST04001,2025-01-10,NEW,BRONZE,25-34,Marrakech
CUST04002,2024-02-06,NEW,BRONZE,25-34,Kenitra
CUST04003,2023-01-07,VIP,GOLD,25-34,Marrakech
CUST04004,2023-05-04,REGULAR,SILVER,55+,Casablanca
CUST04005,2025-01-01,NEW,BRONZE,35-44,Rabat
CUST04006,2025-12-24,NEW,BRONZE,25-34,Marrakech
CUST04007,2023-09-12,REGULAR,BRONZE,35-44,Rabat
CUST04008,2025-07-07,NEW,BRONZE,45-54,Tanger
CUST04009,2025-12-12,VIP,GOLD,25-34,Tanger
CUST04010,2025-12-13,REGULAR,SILVER,35-44,Marrakech
CUST04011,2025-11-21,VIP,GOLD,55+,Tanger
CUST04012,2025-10-30,REGULAR,SILVER,35-44,Agadir
CUST04013,2025-12-13,REGULAR,BRONZE,55+,Kenitra
CUST04014,2023-09-11,REGULAR,SILVER,18-24,Kenitra
CUST04015,2024-11-24,NEW,BRONZE,45-54,Marrakech
CUST04016,2023-03-04,REGULAR,BRONZE,25-34,Kenitra
CUST04017,2024-11-11,NEW,BRONZE,45-54,Kenitra
CUST04018,2024-03-06,REGULAR,SILVER,18-24,Tanger
CUST04019,2023-11-09,REGULAR,SILVER,35-44,Fes
CUST04020,2025-10-06,NEW,BRONZE,25-34,Kenitra
CUST04021,2025-07-05,NEW,BRONZE,18-24,Fes
CUST04022,2023-05-08,REGULAR,SILVER,25-34,Marrakech
CUST04023,2025-05-02,REGULAR,SILVER,35-44,Fes
CUST04024,2025-05-13,REGULAR,SILVER,25-34,Casablanca
CUST04025,2023-03-03,VIP,GOLD,18-24,Fes
CUST04026,2024-09-08,NEW,BRONZE,25-34,Fes
CUST04027,2023-05-09,VIP,SILVER,35-44,Agadir
CUST04028,2023-04-12,NEW,BRONZE,25-34,Kenitra
CUST04029,2024-11-19,VIP,GOLD,55+,Tanger
CUST04030,2024-03-15,NEW,BRONZE,45-54,Fes
CUST04031,2024-12-30,REGULAR,SILVER,18-24,Rabat
CUST04032,2024-02-16,NEW,BRONZE,45-54,Kenitra
CUST04033,2023-07-11,REGULAR,SILVER,18-24,Casablanca
CUST04034,2024-05-11,VIP,SILVER,35-44,Marrakech
CUST04035,2025-11-02,REGULAR,BRONZE,35-44,Rabat
CUST04036,2023-06-10,NEW,BRONZE,18-24,Casablanca
CUST04037,2024-01-24,REGULAR,BRONZE,18-24,Marrakech
CUST04038,2023-01-05,REGULAR,BRONZE,55+,Marrakech
CUST04039,2025-12-26,REGULAR,SILVER,25-34,Fes
CUST04040,2025-07-16,REGULAR,BRONZE,35-44,Tanger
CUST04041,2024-09-04,REGULAR,BRONZE,25-34,Kenitra
CUST04042,2025-09-11,NEW,BRONZE,35-44,Kenitra
CUST04043,2024-02-02,REGULAR,BRONZE,25-34,Marrakech
CUST04044,2024-11-01,REGULAR,SILVER,35-44,Tanger
CUST04045,2024-09-29,REGULAR,SILVER,45-54,Kenitra
CUST04046,2024-03-20,VIP,SILVER,25-34,Rabat
CUST04047,2024-09-28,REGULAR,BRONZE,45-54,Rabat
CUST04048,2023-01-23,REGULAR,SILVER,25-34,Tanger
CUST04049,2025-11-29,NEW,BRONZE,18-24,Tanger
CUST04050,2023-10-07,NEW,BRONZE,25-34,Casablanca
CUST04051,2025-09-22,REGULAR,SILVER,35-44,Fes
CUST04052,2025-10-04,VIP,GOLD,45-54,Marrakech
CUST04053,2024-11-02,REGULAR,SILVER,55+,Agadir
CUST04054,2025-01-31,REGULAR,SILVER,25-34,Marrakech
CUST04055,2023-05-18,REGULAR,BRONZE,25-34,Agadir
CUST04056,2024-06-07,VIP,SILVER,18-24,Fes
CUST04057,2025-04-21,NEW,BRONZE,25-34,Casablanca
CUST04058,2023-05-06,REGULAR,BRONZE,45-54,Fes
CUST04059,2023-10-09,NEW,BRONZE,35-44,Agadir
CUST04060,2023-02-14,REGULAR,SILVER,45-54,Agadir
CUST04061,2024-10-16,NEW,BRONZE,35-44,Casablanca
CUST04062,2025-10-22,VIP,GOLD,45-54,Fes
CUST04063,2023-04-08,regular,BRONZE,55+,Casablanca
CUST04064,2025-11-01,REGULAR,BRONZE,35-44,Rabat
CUST04065,2025-12-18,NEW,BRONZE,35-44,Marrakech
CUST04066,2023-02-12,REGULAR,BRONZE,35-44,Rabat
CUST04067,2023-07-15,VIP,SILVER,25-34,Kenitra
CUST04068,2024-10-01,VIP,GOLD,25-34,Fes
CUST04069,2024-03-28,NEW,BRONZE,55+,Marrakech
CUST04070,2023-08-11,REGULAR,SILVER,25-34,Kenitra
CUST04071,2024-08-01,VIP,SILVER,18-24,Rabat
CUST04072,2024-07-31,NEW,BRONZE,45-54,Fes
CUST04073,2023-12-26,NEW,BRONZE,18-24,Fes
CUST04074,2023-10-26,NEW,BRONZE,18-24,Kenitra
CUST04075,2023-04-21,REGULAR,SILVER,25-34,Agadir
CUST04076,2023-01-16,NEW,BRONZE,18-24,Marrakech
CUST04077,2025-08-04,VIP,SILVER,25-34,Rabat
CUST04078,2024-02-19,REGULAR,BRONZE,25-34,Tanger
CUST04079,2024-04-18,NEW,BRONZE,25-34,Marrakech
CUST04080,2023-06-17,VIP,GOLD,35-44,Fes
CUST04081,2024-01-21,NEW,BRONZE,35-44,Rabat
CUST04082,2025-04-24,REGULAR,SILVER,35-44,Agadir
CUST04083,2024-09-15,NEW,BRONZE,45-54,Agadir
CUST04084,2023-07-21,NEW,BRONZE,25-34,Kenitra
CUST04085,2025-05-03,NEW,BRONZE,35-44,Kenitra
CUST04086,2024-02-01,REGULAR,BRONZE,18-24,Marrakech
CUST04087,2024-06-23,NEW,BRONZE,25-34,Agadir
CUST04088,2024-07-06,REGULAR,BRONZE,25-34,Kenitra
CUST04089,2024-04-03,VIP,SILVER,25-34,Fes
CUST04090,2025-12-19,NEW,BRONZE,35-44,Kenitra
CUST04091,2024-04-29,VIP,SILVER,35-44,Tanger
CUST04092,2025-01-13,VIP,GOLD,35-44,Marrakech
CUST04093,2023-05-31,REGULAR,BRONZE,35-44,Kenitra
CUST04094,2024-06-11,REGULAR,BRONZE,25-34,Kenitra
CUST04095,2024-12-27,REGULAR,SILVER,35-44,Tanger
CUST04096,2025-02-21, VIP ,GOLD,45-54,Fes
CUST04097,2024-10-18,REGULAR,BRONZE,25-34,Rabat
CUST04098,2023-09-21,VIP,SILVER,45-54,Rabat
CUST04099,2023-08-29,NEW,BRONZE,25-34, Tanger 
CUST04100,2023-01-08,REGULAR,BRONZE,18-24,Rabat
CUST04101,2025-04-11,REGULAR,BRONZE,35-44,Tanger
CUST04102,2025-08-10,REGULAR,SILVER,18-24,Rabat
CUST04103,2025-02-28,REGULAR,BRONZE,45-54,Marrakech
CUST04104,2025-04-01,REGULAR,BRONZE,35-44,Fes
CUST04105,2025-03-10,REGULAR,BRONZE,55+,Casablanca
CUST04106,2023-09-04,VIP,GOLD,35-44,Casablanca
CUST04107,2025-07-30,REGULAR,BRONZE,25-34,Rabat
CUST04108,2024-06-28,VIP,GOLD,18-24,Casablanca
CUST04109,2023-08-20,REGULAR,SILVER,35-44,Marrakech
CUST04110,2024-05-03,REGULAR,SILVER,35-44,Casablanca
CUST04111,2025-08-19,REGULAR,BRONZE,35-44,Casablanca
CUST04112,2023-05-07,REGULAR,SILVER,45-54,Agadir
CUST04113,2023-08-18,REGULAR,SILVER,25-34,Casablanca
CUST04114,2023-06-06,NEW,BRONZE,18-24,Rabat
CUST04115,2025-09-04,REGULAR,BRONZE,25-34,Tanger
CUST04116,2023-10-06,REGULAR,SILVER,25-34,Kenitra
CUST04117,2023-11-19,REGULAR,BRONZE,35-44,Agadir
CUST04118,2023-12-05,REGULAR,BRONZE,25-34,Rabat
CUST04119,2023-01-17,REGULAR,SILVER,18-24,Kenitra
CUST04120,2024-10-28,VIP,GOLD,25-34,Tanger
CUST04121,2023-06-01,VIP,SILVER,25-34,Kenitra
CUST04122,2023-06-06,NEW,BRONZE,45-54,Kenitra
CUST04123,2025-07-29,NEW,BRONZE,35-44,Agadir
CUST04124,2025-02-03,REGULAR,SILVER,25-34,Casablanca
CUST04125,2023-07-25,REGULAR,SILVER,25-34,Rabat
CUST04126,2025-03-29,REGULAR,SILVER,25-34,Tanger
CUST04127,2023-08-06,NEW,BRONZE,45-54,Kenitra
CUST04128,2025-08-28,NEW,BRONZE,55+,Kenitra
CUST04129,2023-01-03,NEW,BRONZE,18-24,Marrakech
CUST04130,2023-11-15,REGULAR,BRONZE,35-44,Fes
CUST04131,2025-10-26,VIP,SILVER,45-54,Rabat
CUST04132,2024-09-05,REGULAR,SILVER,25-34,Agadir
CUST04133,2023-11-27,REGULAR,SILVER,18-24,Kenitra
CUST04134,2023-12-31,VIP,GOLD,35-44,Agadir
CUST04135,2023-12-14,NEW,BRONZE,45-54,Rabat
CUST04136,2024-05-19,REGULAR,BRONZE,55+,Fes
CUST04137,2024-11-28,REGULAR,SILVER,25-34,Agadir
CUST04138,2024-05-26,VIP,SILVER,18-24,Fes
CUST04139,2024-01-24,REGULAR,BRONZE,25-34,Agadir
CUST04140,2023-12-16,NEW,BRONZE,18-24,Kenitra
CUST04141,2024-11-22,REGULAR,BRONZE,25-34,Kenitra
CUST04142,2025-03-13,REGULAR,BRONZE,45-54,Marrakech
CUST04143,2023-05-18,REGULAR,SILVER,18-24,Marrakech
CUST04144,2025-02-03,REGULAR,BRONZE,25-34,Agadir
CUST04145,2024-01-01,NEW,BRONZE,55+,Agadir
CUST04146,2024-07-07,REGULAR,SILVER,35-44,kenitra
CUST04147,2025-01-11,REGULAR,SILVER,25-34,Marrakech
CUST04148,2023-11-12,NEW,BRONZE,25-34,Tanger
CUST04149,2023-03-29,NEW,BRONZE,55+,Fes
CUST04150,2025-03-11,REGULAR,SILVER,55+,Agadir
CUST04151,2023-09-13,NEW,BRONZE,18-24,Agadir
CUST04152,2025-05-02,REGULAR,SILVER,18-24,Kenitra
CUST04153,2023-02-22,VIP,SILVER,25-34,Rabat
CUST04154,2025-01-05,REGULAR,BRONZE,35-44,Kenitra
CUST04155,2023-01-26,REGULAR,BRONZE,45-54,Fes
CUST04156,2024-05-12,VIP,SILVER,55+,Casablanca
CUST04157,2024-06-02,NEW,BRONZE,25-34,Tanger
CUST04158,2024-09-28,REGULAR,BRONZE,35-44,Agadir
CUST04159,2025-08-20,REGULAR,SILVER,35-44,Tanger
CUST04160,2024-01-01,REGULAR,BRONZE,45-54,Casablanca
CUST04161,2025-01-28,VIP,GOLD,55+,Casablanca
CUST04162,2024-12-06,NEW,BRONZE,45-54,Kenitra
CUST04163,2025-12-25,REGULAR,BRONZE,35-44,Fes
CUST04164,2024-04-24,REGULAR,SILVER,35-44,Casablanca
CUST04165,2025-11-13,REGULAR,SILVER,25-34,Agadir
CUST04166,2025-05-23,REGULAR,SILVER,25-34,Kenitra
CUST04167,2025-07-24,REGULAR,BRONZE,25-34,Marrakech
CUST04168,2023-06-15,REGULAR,BRONZE,35-44,Agadir
CUST04169,2023-04-27, REGULAR ,SILVER,35-44,Fes
CUST04170,2024-09-01,REGULAR,SILVER,25-34,Tanger
CUST04171,2025-04-29,NEW,BRONZE,55+,Marrakech
CUST04172,2025-01-04,NEW,BRONZE,25-34,Agadir
CUST04173,2025-01-29,REGULAR,SILVER,35-44,Casablanca
CUST04174,2024-11-01,REGULAR,SILVER,35-44,Rabat
CUST04175,2023-08-13,VIP,SILVER,18-24,Marrakech
CUST04176,2024-04-16,VIP,SILVER,18-24,Fes
CUST04177,2024-11-17,REGULAR,SILVER,55+,Fes
CUST04178,2023-10-16,NEW,BRONZE,45-54,Tanger
CUST04179,2025-08-12,VIP,SILVER,45-54,Tanger
CUST04180,2023-08-18,NEW,BRONZE,45-54,Rabat
CUST04181,2024-04-16,REGULAR,SILVER,45-54,Agadir
CUST04182,2023-09-03,NEW,BRONZE,25-34,Agadir
CUST04183,2025-10-16,VIP,SILVER,25-34,Rabat
CUST04184,2023-08-04,VIP,SILVER,45-54,Casablanca
CUST04185,2024-06-15,REGULAR,BRONZE,35-44,Casablanca
CUST04186,2023-02-08,NEW,BRONZE,35-44,Marrakech
CUST04187,2023-04-02,NEW,BRONZE,18-24,Rabat
CUST04188,2023-04-04,NEW,BRONZE,35-44,Rabat
CUST04189,2024-01-28,NEW,BRONZE,55+,Marrakech
CUST04190,2023-01-23,NEW,BRONZE,35-44,Kenitra
CUST04191,2024-03-12,REGULAR,SILVER,18-24,Casablanca
CUST04192,2023-04-03,REGULAR,SILVER,18-24,Rabat
CUST04193,2023-09-07,NEW,BRONZE,18-24,Agadir
CUST04194,2025-08-25,REGULAR,BRONZE,25-34,Agadir
CUST04195,2025-08-08,NEW,BRONZE,35-44,Fes
CUST04196,2025-10-14,REGULAR,SILVER,25-34,Fes
CUST04197,2023-05-11,NEW,BRONZE,35-44,Agadir
CUST04198,2023-06-22,REGULAR,BRONZE,25-34,Agadir
CUST04199,2025-09-02,NEW,BRONZE,35-44,Rabat
CUST04200,2025-04-19,VIP,GOLD,35-44,Tanger
CUST04201,2023-03-04,REGULAR,SILVER,35-44,Agadir
CUST04202,2023-08-08,REGULAR,SILVER,35-44,Marrakech
CUST04203,2024-10-28,NEW,BRONZE,25-34,Rabat
CUST04204,2024-01-27,REGULAR,BRONZE,18-24,Rabat
CUST04205,2025-04-20,NEW,BRONZE,55+,fes
CUST04206,2023-06-02,REGULAR,BRONZE,35-44,Marrakech
CUST04207,2024-12-10,REGULAR,SILVER,25-34,Tanger
CUST04208,2023-03-15,REGULAR,SILVER,35-44,Fes
CUST04209,2023-12-04,REGULAR,BRONZE,25-34,Tanger
CUST04210,2023-10-14,REGULAR,BRONZE,35-44,Rabat
CUST04211,2023-05-20,VIP,GOLD,35-44,Fes
CUST04212,2023-02-01,VIP,SILVER,35-44,Rabat
CUST04213,2025-04-17,REGULAR,SILVER,45-54,Kenitra
CUST04214,2024-09-07,REGULAR,SILVER,25-34,Agadir
CUST04215,2023-08-24,REGULAR,BRONZE,25-34,Fes
CUST04216,2025-08-06,REGULAR,SILVER,25-34,Casablanca
CUST04217,2024-09-22,REGULAR,SILVER,45-54,Agadir
CUST04218,2023-05-03,REGULAR,BRONZE,18-24,Tanger
CUST04219,2025-08-08,REGULAR,BRONZE,25-34,Fes
CUST04220,2024-08-01,VIP,SILVER,25-34,Agadir
CUST04221,2024-08-13,NEW,BRONZE,25-34,Tanger
CUST04222,2025-01-31,NEW,BRONZE,45-54,Fes
CUST04223,2023-04-27,NEW,BRONZE,45-54,Tanger
CUST04224,2024-12-26,VIP,GOLD,45-54,Rabat
CUST04225,2024-11-08,NEW,BRONZE,25-34,Rabat
CUST04226,2023-05-30,REGULAR,SILVER,55+,Agadir
CUST04227,2023-02-25,REGULAR,BRONZE,25-34,Rabat
CUST04228,2024-02-22,NEW,BRONZE,35-44,Tanger
CUST04229,2024-06-26,NEW,BRONZE,45-54,Agadir
CUST04230,2024-02-14,REGULAR,BRONZE,25-34,Tanger
CUST04231,2024-10-02,REGULAR,SILVER,18-24,Agadir
CUST04232,2024-07-17,VIP,GOLD,45-54,Casablanca
CUST04233,2023-11-12,REGULAR,BRONZE,35-44,Rabat
CUST04234,2024-09-28,VIP,SILVER,35-44,Casablanca
CUST04235,2024-12-13,REGULAR,BRONZE,25-34,Agadir
CUST04236,2025-10-12,REGULAR,SILVER,45-54,Marrakech
CUST04237,2024-03-09,REGULAR,SILVER,25-34,Kenitra
CUST04238,2025-09-27,REGULAR,SILVER,25-34,Marrakech
CUST04239,2024-09-18,REGULAR,BRONZE,35-44, Fes 
CUST04240,2023-10-05,REGULAR,SILVER,25-34,Agadir
CUST04241,2024-03-01,REGULAR,BRONZE,25-34,Agadir
CUST04242,2023-07-26,NEW,BRONZE,25-34,Rabat
CUST04243,2024-12-26,REGULAR,SILVER,45-54,Rabat
CUST04244,2024-03-31,NEW,BRONZE,55+,Rabat
CUST04245,2025-01-08,REGULAR,BRONZE,45-54,Kenitra
CUST04246,2024-03-21,NEW,BRONZE,35-44,Agadir
CUST04247,2024-05-19,REGULAR,SILVER,25-34,Casablanca
CUST04248,2024-05-12,REGULAR,SILVER,55+,Marrakech
CUST04249,2024-09-19,REGULAR,SILVER,18-24,Tanger
CUST04250,2025-07-07,REGULAR,BRONZE,45-54,Agadir
CUST04251,2023-10-22,REGULAR,BRONZE,25-34,Casablanca
CUST04252,2023-02-18,NEW,BRONZE,25-34,Tanger
CUST04253,2025-08-03,REGULAR,SILVER,25-34,Tanger
CUST04254,2025-03-08,REGULAR,SILVER,35-44,Rabat
CUST04255,2023-09-09,VIP,SILVER,35-44,Casablanca
CUST04256,2023-11-28,NEW,BRONZE,55+,Marrakech
CUST04257,2023-10-04,REGULAR,SILVER,35-44,Fes
CUST04258,2024-10-13,REGULAR,BRONZE,25-34,Tanger
CUST04259,2023-09-30,REGULAR,BRONZE,45-54,Tanger
CUST04260,2024-12-06,NEW,BRONZE,18-24,FES
CUST04261,2024-02-01,VIP,GOLD,45-54,Marrakech
CUST04262,2024-12-04,NEW,BRONZE,18-24,Kenitra
CUST04263,2023-02-23,REGULAR,BRONZE,35-44,Rabat
CUST04264,2025-01-10,NEW,BRONZE,25-34,Fes
CUST04265,2023-09-24,REGULAR,BRONZE,18-24,Rabat
CUST04266,2023-11-24,REGULAR,SILVER,18-24,Marrakech
CUST04267,2023-11-02,REGULAR,BRONZE,18-24,Marrakech
CUST04268,2025-09-05,NEW,BRONZE,25-34,Marrakech
CUST04269,2024-01-04,NEW,BRONZE,18-24,Tanger
CUST04270,2024-11-02,REGULAR,SILVER,35-44,Rabat
CUST04271,2024-02-09, NEW ,BRONZE,25-34,Tanger
CUST04272,2023-05-18,REGULAR,BRONZE,25-34,Tanger
CUST04273,2023-02-19,NEW,BRONZE,25-34,Agadir
CUST04274,2024-11-28,REGULAR,SILVER,25-34,Marrakech
CUST04275,2023-03-30,REGULAR,SILVER,35-44,Casablanca
CUST04276,2023-09-20,REGULAR,SILVER,45-54,Rabat
CUST04277,2023-10-03,NEW,BRONZE,35-44,Tanger
CUST04278,2024-06-14,VIP,SILVER,25-34,Fes
CUST04279,2024-08-28,REGULAR,BRONZE,55+,Rabat
CUST04280,2025-02-12,REGULAR,BRONZE,45-54,Marrakech
CUST04281,2025-05-09,REGULAR,SILVER,45-54,Fes
CUST04282,2023-04-22,REGULAR,SILVER,55+,Agadir
CUST04283,2025-10-29,REGULAR,BRONZE,25-34,Marrakech
CUST04284,2023-04-18,NEW,BRONZE,25-34,Marrakech
CUST04285,2024-06-28,REGULAR,BRONZE,18-24,Casablanca
CUST04286,2025-06-20,NEW,BRONZE,18-24,Agadir
CUST04287,2025-11-08,REGULAR,SILVER,45-54,Tanger
CUST04288,2023-10-13,REGULAR,BRONZE,45-54,Fes
CUST04289,2023-08-30,NEW,BRONZE,25-34,Casablanca
CUST04290,2023-02-25,REGULAR,SILVER,45-54,Agadir
CUST04291,2023-08-24,REGULAR,BRONZE,18-24,Casablanca
CUST04292,2023-01-02,VIP,GOLD,35-44,Tanger
CUST04293,2024-02-25,NEW,BRONZE,35-44,Tanger
CUST04294,2024-11-23,REGULAR,BRONZE,35-44,Fes
CUST04295,2025-06-27,VIP,SILVER,18-24,Agadir
CUST04296,2025-10-18,NEW,BRONZE,45-54,Tanger
CUST04297,2023-03-06,VIP,SILVER,25-34,Agadir
CUST04298,2024-08-04,NEW,BRONZE,55+,Agadir
CUST04299,2024-05-03,REGULAR,SILVER,45-54,Casablanca
CUST04300,2025-09-30,REGULAR,BRONZE,25-34,Kenitra
CUST04301,2023-09-07,REGULAR,SILVER,35-44,Kenitra
CUST04302,2024-04-23,REGULAR,SILVER,25-34,Agadir
CUST04303,2025-05-06,NEW,BRONZE,35-44,Rabat
CUST04304,2025-12-09,VIP,SILVER,25-34,Kenitra
CUST04305,2023-09-09,NEW,BRONZE,25-34,Kenitra
CUST04306,2024-12-20,REGULAR,SILVER,18-24,Kenitra
CUST04307,2025-08-09,REGULAR,SILVER,35-44,Rabat
CUST04308,2024-04-17,REGULAR,BRONZE,25-34,Agadir
CUST04309,2025-03-31,REGULAR,SILVER,25-34,Kenitra
CUST04310,2024-05-30, REGULAR ,SILVER,35-44,Marrakech
CUST04311,2024-12-01,REGULAR,BRONZE,25-34,Kenitra
CUST04312,2025-10-02,REGULAR,SILVER,25-34,Marrakech
CUST04313,2023-10-22,REGULAR,SILVER,35-44,Casablanca
CUST04314,2025-01-10,REGULAR,SILVER,35-44,Marrakech
CUST04315,2025-12-13,REGULAR,SILVER,25-34,Rabat
CUST04316,2025-06-03,NEW,BRONZE,25-34,Casablanca
CUST04317,2024-02-02,NEW,BRONZE,18-24,Casablanca
CUST04318,2023-08-18,REGULAR,SILVER,25-34,Fes
CUST04319,2025-12-07,REGULAR,SILVER,25-34,Agadir
CUST04320,2024-12-04,NEW,BRONZE,25-34,Marrakech
CUST04321,2025-12-07,NEW,BRONZE,35-44,Marrakech
CUST04322,2023-07-02,REGULAR,SILVER,25-34,Fes
CUST04323,2024-05-21,REGULAR,BRONZE,35-44,Agadir
CUST04324,2023-05-20,REGULAR,BRONZE,18-24,Agadir
CUST04325,2023-08-16,REGULAR,SILVER,25-34,Kenitra
CUST04326,2025-08-21,REGULAR,BRONZE,35-44,Fes
CUST04327,2023-10-09,REGULAR,SILVER,25-34,Fes
CUST04328,2023-04-10,NEW,BRONZE,35-44,Agadir
CUST04329,2023-06-07,REGULAR,BRONZE,18-24,Tanger
CUST04330,2023-01-19,NEW,BRONZE,45-54,Rabat
CUST04331,2025-01-18,REGULAR,BRONZE,45-54,Kenitra
CUST04332,2024-07-08,REGULAR,BRONZE,25-34,Rabat
CUST04333,2024-04-27,REGULAR,SILVER,18-24,Marrakech
CUST04334,2023-09-20,REGULAR,BRONZE,25-34,Rabat
CUST04335,2025-12-15,REGULAR,BRONZE,35-44,Casablanca
CUST04336,2024-01-24, REGULAR ,SILVER,35-44,Fes
CUST04337,2024-05-20,VIP,GOLD,25-34,Rabat
CUST04338,2024-02-19,NEW,BRONZE,25-34,Fes
CUST04339,2024-11-03,REGULAR,BRONZE,35-44,Tanger
CUST04340,2025-09-29,REGULAR,SILVER,25-34,Fes
CUST04341,2025-09-01,VIP,GOLD,25-34,Kenitra
CUST04342,2023-07-19,NEW,BRONZE,25-34,Fes
CUST04343,2024-03-20,REGULAR,BRONZE,18-24,Casablanca
CUST04344,2023-05-22,REGULAR,BRONZE,25-34,Kenitra
CUST04345,2023-04-14,REGULAR,SILVER,25-34,Marrakech
CUST04346,2024-01-22,NEW,BRONZE,25-34,Marrakech
CUST04347,2023-08-18,REGULAR,BRONZE,35-44,Fes
CUST04348,2025-01-12,REGULAR,BRONZE,18-24,Tanger
CUST04349,2024-01-18,VIP,GOLD,35-44,Tanger
CUST04350,2023-04-04,NEW,BRONZE,25-34,Casablanca
CUST04351,2024-08-17,NEW,BRONZE,35-44,Marrakech
CUST04352,2023-01-16,REGULAR,SILVER,25-34,Casablanca
CUST04353,2025-10-21,NEW,BRONZE,55+,Marrakech
CUST04354,2025-07-02,VIP,GOLD,25-34,Rabat
CUST04355,2025-02-01,NEW,BRONZE,25-34,Marrakech
CUST04356,2023-10-15,REGULAR,SILVER,25-34,Fes
CUST04357,2025-04-26,NEW,BRONZE,25-34,Fes
CUST04358,2025-05-12,REGULAR,BRONZE,35-44,Agadir
CUST04359,2025-04-26,VIP,SILVER,25-34,Kenitra
CUST04360,2023-09-05,REGULAR,SILVER,45-54,Kenitra
CUST04361,2025-11-20,REGULAR,SILVER,45-54,Marrakech
CUST04362,2025-01-09,VIP,GOLD,55+,Tanger
CUST04363,2024-04-13,REGULAR,SILVER,35-44,Casablanca
CUST04364,2025-11-22,NEW,BRONZE,45-54,Rabat
CUST04365,2024-10-29,NEW,BRONZE,25-34,Kenitra
CUST04366,2024-02-10,REGULAR,BRONZE,18-24,Fes
CUST04367,2023-10-22,VIP,SILVER,18-24,Rabat
CUST04368,2023-06-08,NEW,BRONZE,18-24,Casablanca
CUST04369,2024-02-15,REGULAR,BRONZE,35-44,Agadir
CUST04370,2025-01-26,NEW,BRONZE,45-54,Casablanca
CUST04371,2024-11-03,NEW,BRONZE,35-44,Marrakech
CUST04372,2025-10-18,REGULAR,BRONZE,25-34,Fes
CUST04373,2025-03-14,REGULAR,SILVER,35-44,Fes
CUST04374,2024-09-25,NEW,BRONZE,18-24,Agadir
CUST04375,2024-10-31,REGULAR,BRONZE,25-34,Tanger
CUST04376,2024-01-13,REGULAR,BRONZE,25-34,Tanger
CUST04377,2023-11-22,REGULAR,SILVER,25-34,Marrakech
CUST04378,2023-04-23,REGULAR,SILVER,25-34,Casablanca
CUST04379,2024-05-29,VIP,GOLD,55+,Fes
CUST04380,2024-09-02,REGULAR,SILVER,35-44,Marrakech
CUST04381,2023-12-12,REGULAR,SILVER,25-34,Marrakech
CUST04382,2024-06-05,VIP,GOLD,35-44,Rabat
CUST04383,2025-05-04,REGULAR,BRONZE,35-44,Kenitra
CUST04384,2024-04-26,VIP,SILVER,25-34,Rabat
CUST04385,2025-05-11,REGULAR,BRONZE,45-54,Fes
CUST04386,2023-01-05,NEW,BRONZE,18-24,Tanger
CUST04387,2025-01-21,NEW,BRONZE,25-34,Casablanca
CUST04388,2024-02-04,NEW,BRONZE,35-44,Agadir
CUST04389,2023-12-30,NEW,BRONZE,55+,Casablanca
CUST04390,2025-09-18,new,BRONZE,18-24,Marrakech
CUST04391,2025-07-23, REGULAR ,SILVER,18-24,Marrakech
CUST04392,2023-08-04,REGULAR,BRONZE,45-54,Fes
CUST04393,2023-12-23,VIP,SILVER,35-44,Kenitra
CUST04394,2025-09-12,NEW,BRONZE,35-44,Kenitra
CUST04395,2023-08-21,REGULAR,BRONZE,55+,Rabat
CUST04396,2023-03-09,REGULAR,BRONZE,35-44,Marrakech
CUST04397,2023-01-20,VIP,GOLD,25-34,Agadir
CUST04398,2024-02-24,NEW,BRONZE,35-44,Rabat
CUST04399,2023-12-31,NEW,BRONZE,25-34,Casablanca
CUST04400,2025-07-12,REGULAR,SILVER,18-24,Agadir
CUST04401,2023-08-17,NEW,BRONZE,55+,Agadir
CUST04402,2024-03-16,NEW,BRONZE,18-24,Agadir
CUST04403,2025-07-02,REGULAR,BRONZE,25-34,Fes
CUST04404,2023-10-05,VIP,SILVER,25-34,Kenitra
CUST04405,2024-06-09,REGULAR,SILVER,18-24,Casablanca
CUST04406,2024-09-04,NEW,BRONZE,35-44,Agadir
CUST04407,2025-01-09,REGULAR,BRONZE,18-24,Tanger
CUST04408,2024-10-22,REGULAR,BRONZE,25-34,Marrakech
CUST04409,2025-09-29,REGULAR,BRONZE,35-44,Marrakech
CUST04410,2023-01-15,REGULAR,BRONZE,25-34,Agadir
CUST04411,2023-03-24,Regular,BRONZE,55+,Kenitra
CUST04412,2025-06-23,NEW,BRONZE,18-24,Agadir
CUST04413,2024-04-28,NEW,BRONZE,25-34,Rabat
CUST04414,2023-02-26,REGULAR,BRONZE,35-44,Marrakech
CUST04415,2025-01-15,NEW,BRONZE,25-34,Fes
CUST04416,2024-07-13,VIP,SILVER,25-34,Agadir
CUST04417,2024-12-21,VIP,GOLD,35-44,Marrakech
CUST04418,2023-07-03,NEW,BRONZE,25-34,Fes
CUST04419,2024-09-01,REGULAR,BRONZE,35-44,Marrakech
CUST04420,2023-09-12,NEW,BRONZE,25-34,Agadir
CUST04421,2025-06-18,REGULAR,BRONZE,18-24,Casablanca
CUST04422,2025-09-18,NEW,BRONZE,55+,Fes
CUST04423,2025-09-16,VIP,SILVER,35-44,Casablanca
CUST04424,2024-05-30,REGULAR,SILVER,25-34,Kenitra
CUST04425,2023-10-06,REGULAR,BRONZE,35-44,Rabat
CUST04426,2024-01-09,REGULAR,SILVER,55+,Kenitra
CUST04427,2023-12-18,REGULAR,BRONZE,45-54,Agadir
CUST04428,2023-02-02,NEW,BRONZE,25-34,Tanger
CUST04429,2025-05-17,NEW,BRONZE,35-44,Kenitra
CUST04430,2024-05-23,REGULAR,BRONZE,25-34,Agadir
CUST04431,2024-05-06,REGULAR,SILVER,25-34,Fes
CUST04432,2024-11-13,Vip,SILVER,35-44,Tanger
CUST04433,2023-04-26,VIP,GOLD,18-24,Casablanca
CUST04434,2023-09-30,NEW,BRONZE,25-34,Kenitra
CUST04435,2025-05-01,NEW,BRONZE,25-34,Casablanca
CUST04436,2024-08-03,NEW,BRONZE,45-54,Tanger
CUST04437,2024-09-19,NEW,BRONZE,25-34,Rabat
CUST04438,2024-06-26,REGULAR,SILVER,18-24,Agadir
CUST04439,2025-12-24,REGULAR,BRONZE,25-34,Fes
CUST04440,2023-11-27,REGULAR,BRONZE,25-34,Kenitra
CUST04441,2024-05-30,REGULAR,SILVER,25-34,Marrakech
CUST04442,2024-06-02,REGULAR,BRONZE,35-44,Casablanca
CUST04443,2025-10-12,REGULAR,BRONZE,25-34,Casablanca
CUST04444,2023-09-02,NEW,BRONZE,25-34,Tanger
CUST04445,2024-04-25,NEW,BRONZE,18-24,Kenitra
CUST04446,2025-10-27,NEW,BRONZE,25-34,Kenitra
CUST04447,2025-02-25,VIP,SILVER,18-24,Agadir
CUST04448,2024-07-04,REGULAR,BRONZE,18-24,Fes
CUST04449,2023-02-24,REGULAR,SILVER,18-24,Agadir
CUST04450,2023-10-29,REGULAR,BRONZE,25-34,Marrakech
CUST04451,2023-01-19,regular,SILVER,55+,Rabat
CUST04452,2024-10-14,NEW,BRONZE,45-54,Fes
CUST04453,2024-01-19,VIP,SILVER,25-34,Marrakech
CUST04454,2025-11-13,VIP,SILVER,18-24,Casablanca
CUST04455,2024-08-27,NEW,BRONZE,35-44,Marrakech
CUST04456,2025-07-16,REGULAR,SILVER,25-34,Rabat
CUST04457,2024-07-23,REGULAR,BRONZE,25-34,FES
CUST04458,2024-05-20,REGULAR,SILVER,25-34,Agadir
CUST04459,2024-10-21,REGULAR,SILVER,25-34,Kenitra
CUST04460,2025-09-30,REGULAR,BRONZE,35-44,Rabat
CUST04461,2025-12-30,REGULAR,BRONZE,35-44,Fes
CUST04462,2023-07-24,NEW,BRONZE,18-24,Agadir
CUST04463,2024-07-28,REGULAR,BRONZE,45-54,Casablanca
CUST04464,2023-10-01,REGULAR,SILVER,25-34,Fes
CUST04465,2025-01-01,REGULAR,SILVER,18-24,Rabat
CUST04466,2023-12-18,NEW,BRONZE,25-34,Casablanca
CUST04467,2024-08-08,VIP,SILVER,18-24,Tanger
CUST04468,2024-12-15,VIP,GOLD,45-54,Fes
CUST04469,2024-05-15,REGULAR,SILVER,25-34,Rabat
CUST04470,2025-01-12,REGULAR,SILVER,35-44,Casablanca
CUST04471,2024-12-23,REGULAR,BRONZE,55+,Rabat
CUST04472,2024-08-17,REGULAR,BRONZE,25-34,Agadir
CUST04473,2023-11-20,VIP,GOLD,25-34,Marrakech
CUST04474,2023-11-28,NEW,BRONZE,55+,Kenitra
CUST04475,2023-04-19, NEW ,BRONZE,25-34,Kenitra
CUST04476,2023-07-03,REGULAR,BRONZE,25-34,Kenitra
CUST04477,2024-10-17,NEW,BRONZE,35-44,Agadir
CUST04478,2025-09-14,REGULAR,BRONZE,25-34,Casablanca
CUST04479,2025-06-08,REGULAR,BRONZE,25-34,Rabat
CUST04480,2024-05-18,NEW,BRONZE,35-44,Rabat
CUST04481,2025-07-08,NEW,BRONZE,25-34,Kenitra
CUST04482,2024-03-23,REGULAR,BRONZE,25-34,Rabat
CUST04483,2025-02-26,NEW,BRONZE,18-24,Tanger
CUST04484,2025-02-04,REGULAR,BRONZE,25-34,Casablanca
CUST04485,2024-01-06,REGULAR,BRONZE,18-24,Casablanca
CUST04486,2023-11-21,REGULAR,BRONZE,35-44,Marrakech
CUST04487,2025-04-26,REGULAR,SILVER,45-54,Fes
CUST04488,2025-07-23,REGULAR,SILVER,25-34,Kenitra
CUST04489,2025-10-29,NEW,BRONZE,18-24,Casablanca
CUST04490,2023-04-14,NEW,BRONZE,35-44,Kenitra
CUST04491,2023-10-05,NEW,BRONZE,25-34,Agadir
CUST04492,2023-05-24,REGULAR,SILVER,18-24,Agadir
CUST04493,2024-05-27,NEW,BRONZE,18-24,Rabat
CUST04494,2023-09-10,REGULAR,SILVER,18-24,Tanger
CUST04495,2025-05-10,VIP,GOLD,45-54,Agadir
CUST04496,2025-07-17,NEW,BRONZE,25-34,Rabat
CUST04497,2023-12-12,REGULAR,BRONZE,25-34,Casablanca
CUST04498,2024-02-27,REGULAR,BRONZE,35-44,Kenitra
CUST04499,2023-06-23,REGULAR,SILVER,35-44,Rabat
CUST04500,2023-05-18,REGULAR,SILVER,25-34,Tanger
CUST04501,2024-09-03,Regular,SILVER,18-24,Casablanca
CUST04502,2025-01-28,NEW,BRONZE,35-44,Fes
CUST04503,2023-01-20,REGULAR,SILVER,18-24,Marrakech
CUST04504,2024-09-08,REGULAR,BRONZE,55+,Fes
CUST04505,2023-04-02,REGULAR,BRONZE,25-34,Tanger
CUST04506,2023-03-08,REGULAR,SILVER,35-44,Kenitra
CUST04507,2023-08-05,REGULAR,BRONZE,18-24,Rabat
CUST04508,2023-06-29,REGULAR,SILVER,25-34,Fes
CUST04509,2024-01-02,REGULAR,BRONZE,35-44,Tanger
CUST04510,2025-10-25,REGULAR,BRONZE,25-34,Agadir
CUST04511,2025-11-06,NEW,BRONZE,25-34,Rabat
CUST04512,2025-05-02,NEW,BRONZE,55+,Marrakech
CUST04513,2024-05-05, REGULAR ,BRONZE,45-54,Kenitra
CUST04514,2024-10-04,NEW,BRONZE,35-44,Tanger
CUST04515,2025-04-30,VIP,SILVER,35-44,Kenitra
CUST04516,2025-02-03,REGULAR,SILVER,35-44,Marrakech
CUST04517,2025-05-29,VIP,GOLD,25-34,Marrakech
CUST04518,2025-09-22,REGULAR,SILVER,55+,Agadir
CUST04519,2023-04-30,REGULAR,SILVER,45-54,Kenitra
CUST04520,2024-01-11,NEW,BRONZE,55+,Fes
CUST04521,2023-10-02,REGULAR,SILVER,18-24,Rabat
CUST04522,2023-07-05,REGULAR,SILVER,45-54,Fes
CUST04523,2025-01-13,REGULAR,BRONZE,25-34,Rabat
CUST04524,2025-04-26,NEW,BRONZE,25-34,Casablanca
CUST04525,2025-03-12,REGULAR,SILVER,18-24,Tanger
CUST04526,2024-09-02,VIP,SILVER,18-24,Tanger
CUST04527,2023-09-19,REGULAR,BRONZE,25-34,Kenitra
CUST04528,2024-10-27,NEW,BRONZE,35-44,Tanger
CUST04529,2023-11-06,NEW,BRONZE,35-44,Agadir
CUST04530,2024-11-05,REGULAR,SILVER,55+,Agadir
CUST04531,2023-05-12,REGULAR,BRONZE,45-54,Marrakech
CUST04532,2023-03-03,REGULAR,BRONZE,35-44,Fes
CUST04533,2024-09-14,REGULAR,BRONZE,35-44,Casablanca
CUST04534,2024-07-27,REGULAR,BRONZE,25-34,Agadir
CUST04535,2024-07-23,VIP,SILVER,35-44,Fes
CUST04536,2023-08-09,REGULAR,BRONZE,25-34,Agadir
CUST04537,2024-11-06,REGULAR,BRONZE,35-44,Rabat
CUST04538,2023-04-22,REGULAR,SILVER,45-54,Fes
CUST04539,2025-03-26,REGULAR,SILVER,25-34,Tanger
CUST04540,2025-10-31,NEW,BRONZE,35-44,Agadir
CUST04541,2025-06-23,REGULAR,SILVER,45-54,Casablanca
CUST04542,2025-06-21,REGULAR,SILVER,18-24,Marrakech
CUST04543,2025-03-03,NEW,BRONZE,18-24,Agadir
CUST04544,2023-09-26,REGULAR,SILVER,25-34,Casablanca
CUST04545,2024-10-17,REGULAR,SILVER,35-44,Rabat
CUST04546,2025-06-13,REGULAR,SILVER,18-24,Tanger
CUST04547,2023-07-05,REGULAR,SILVER,55+,Agadir
CUST04548,2025-01-16,VIP,GOLD,25-34,tanger
CUST04549,2023-11-12,REGULAR,BRONZE,35-44,Fes
CUST04550,2025-04-19,NEW,BRONZE,18-24,Fes
CUST04551,2024-04-02,VIP,SILVER,35-44,Rabat
CUST04552,2025-05-24,REGULAR,SILVER,25-34,Casablanca
CUST04553,2025-06-27,NEW,BRONZE,25-34,Fes
CUST04554,2023-07-26,REGULAR,BRONZE,45-54,Fes
CUST04555,2024-02-01,REGULAR,SILVER,25-34,Rabat
CUST04556,2024-05-14,NEW,BRONZE,25-34,Marrakech
CUST04557,2025-05-21,VIP,SILVER,35-44,Agadir
CUST04558,2025-10-26,REGULAR,BRONZE,18-24,Tanger
CUST04559,2023-12-27,REGULAR,SILVER,35-44,Kenitra
CUST04560,2023-04-10,REGULAR,SILVER,25-34,kenitra
CUST04561,2024-10-08,REGULAR,SILVER,35-44,Rabat
CUST04562,2023-03-13,REGULAR,SILVER,25-34,Fes
CUST04563,2024-09-24,REGULAR,SILVER,45-54,Tanger
CUST04564,2023-03-08,REGULAR,SILVER,55+,Casablanca
CUST04565,2025-02-13,Regular,BRONZE,18-24,Rabat
CUST04566,2024-06-02,REGULAR,BRONZE,55+,Agadir
CUST04567,2023-03-27,NEW,BRONZE,25-34,Tanger
CUST04568,2024-08-01,NEW,BRONZE,45-54,Marrakech
CUST04569,2023-03-16,REGULAR,BRONZE,35-44,Casablanca
CUST04570,2025-08-16,REGULAR,SILVER,35-44,Agadir
CUST04571,2024-10-17,VIP,SILVER,35-44,Tanger
CUST04572,2025-08-21,REGULAR,SILVER,18-24,Kenitra
CUST04573,2023-07-24,REGULAR,SILVER,25-34,Casablanca
CUST04574,2025-07-05,REGULAR,BRONZE,45-54,Tanger
CUST04575,2025-08-24,NEW,BRONZE,45-54,Marrakech
CUST04576,2023-08-04,NEW,BRONZE,25-34,Rabat
CUST04577,2025-07-15,REGULAR,BRONZE,55+,Tanger
CUST04578,2025-12-22,VIP,GOLD,35-44,Tanger
CUST04579,2024-01-16,NEW,BRONZE,25-34,FES
CUST04580,2023-12-14,NEW,BRONZE,25-34,Fes
CUST04581,2024-01-23,VIP,GOLD,18-24,Fes
CUST04582,2024-09-25,REGULAR,SILVER,25-34,Tanger
CUST04583,2024-08-31,REGULAR,BRONZE,55+,Casablanca
CUST04584,2023-04-10,REGULAR,SILVER,25-34,Tanger
CUST04585,2025-06-05,REGULAR,BRONZE,25-34,Marrakech
CUST04586,2024-08-10,REGULAR,SILVER,45-54,Agadir
CUST04587,2025-12-25,NEW,BRONZE,25-34,Rabat
CUST04588,2023-05-04,NEW,BRONZE,55+,Marrakech
CUST04589,2024-09-04,REGULAR,SILVER,45-54,Casablanca
CUST04590,2023-11-05,NEW,BRONZE,25-34,Kenitra
CUST04591,2024-10-10,VIP,GOLD,18-24,Tanger
CUST04592,2024-01-29,REGULAR,BRONZE,35-44,Tanger
CUST04593,2023-10-25,REGULAR,SILVER,45-54,Agadir
CUST04594,2025-11-13,VIP,GOLD,45-54,Agadir
CUST04595,2024-03-17,REGULAR,BRONZE,25-34,Agadir
CUST04596,2025-06-28,REGULAR,BRONZE,25-34,Marrakech
CUST04597,2023-09-09,REGULAR,BRONZE,45-54,Agadir
CUST04598,2023-12-26,Vip,SILVER,25-34,Marrakech
CUST04599,2024-05-07,REGULAR,SILVER,25-34,Marrakech
CUST04600,2023-12-03,REGULAR,BRONZE,25-34,Kenitra
CUST04601,2025-04-03,NEW,BRONZE,25-34,Marrakech
CUST04602,2024-09-12,VIP,GOLD,55+,Fes
CUST04603,2025-01-07,REGULAR,SILVER,45-54,Agadir
CUST04604,2025-01-20,NEW,BRONZE,25-34,Tanger
CUST04605,2024-08-21,VIP,GOLD,35-44,Fes
CUST04606,2023-12-25,NEW,BRONZE,45-54,Marrakech
CUST04607,2024-08-15,REGULAR,BRONZE,18-24,Casablanca
CUST04608,2024-08-24,REGULAR,BRONZE,25-34,Casablanca
CUST04609,2023-01-30,NEW,BRONZE,45-54,Kenitra
CUST04610,2025-10-20,REGULAR,BRONZE,45-54,Fes
CUST04611,2024-03-31,VIP,SILVER,18-24,Rabat
CUST04612,2025-04-23,NEW,BRONZE,35-44,Casablanca
CUST04613,2025-01-13,REGULAR,SILVER,25-34,Kenitra
CUST04614,2025-02-13,NEW,BRONZE,35-44,Tanger
CUST04615,2025-12-15,REGULAR,BRONZE,18-24,Agadir
CUST04616,2023-05-04,new,BRONZE,25-34,Kenitra
CUST04617,2024-11-18,NEW,BRONZE,18-24,Tanger
CUST04618,2023-02-18,REGULAR,SILVER,25-34,Kenitra
CUST04619,2023-10-30,VIP,GOLD,25-34,Rabat
CUST04620,2024-03-09,REGULAR,BRONZE,18-24,Kenitra
CUST04621,2023-06-06,REGULAR,BRONZE,18-24,Tanger
CUST04622,2024-05-14,REGULAR,BRONZE,25-34,Agadir
CUST04623,2025-06-29,NEW,BRONZE,35-44,Casablanca
CUST04624,2023-06-15,NEW,BRONZE,35-44,Kenitra
CUST04625,2023-12-06,REGULAR,BRONZE,55+,Rabat
CUST04626,2023-05-28,REGULAR,BRONZE,25-34,Marrakech
CUST04627,2023-08-15,REGULAR,SILVER,35-44,Rabat
CUST04628,2023-12-07,REGULAR,BRONZE,55+,Tanger
CUST04629,2023-10-06,NEW,BRONZE,45-54,Marrakech
CUST04630,2023-12-12,REGULAR,BRONZE,45-54,Kenitra
CUST04631,2024-05-05,REGULAR,SILVER,55+,Rabat
CUST04632,2024-04-20,REGULAR,SILVER,25-34,Kenitra
CUST04633,2024-12-30,REGULAR,BRONZE,35-44,Casablanca
CUST04634,2023-07-16,REGULAR,SILVER,35-44,Tanger
CUST04635,2023-02-11,REGULAR,BRONZE,18-24,Agadir
CUST04636,2023-02-26,REGULAR,BRONZE,18-24,Casablanca
CUST04637,2023-04-17,REGULAR,SILVER,18-24,Fes
CUST04638,2023-05-27,REGULAR,SILVER,35-44,Tanger
CUST04639,2024-12-31,REGULAR,SILVER,25-34,Kenitra
CUST04640,2024-08-24,REGULAR,SILVER,25-34,Fes
CUST04641,2025-02-14,regular,SILVER,35-44,Kenitra
CUST04642,2024-01-31,REGULAR,BRONZE,35-44,Kenitra
CUST04643,2024-07-31,NEW,BRONZE,18-24,Tanger
CUST04644,2024-11-03,REGULAR,SILVER,35-44,Casablanca
CUST04645,2023-04-16,NEW,BRONZE,25-34,Casablanca
CUST04646,2023-11-03,NEW,BRONZE,25-34,Kenitra
CUST04647,2025-11-21,NEW,BRONZE,25-34,Casablanca
CUST04648,2025-01-20,NEW,BRONZE,25-34,Marrakech
CUST04649,2025-08-16,VIP,SILVER,35-44,Rabat
CUST04650,2024-09-15,REGULAR,SILVER,35-44,Agadir
CUST04651,2025-08-06,NEW,BRONZE,25-34,Fes
CUST04652,2025-03-08,VIP,GOLD,45-54,Fes
CUST04653,2023-03-06,REGULAR,SILVER,25-34,Kenitra
CUST04654,2023-07-17,VIP,GOLD,55+,Tanger
CUST04655,2024-10-04,REGULAR,SILVER,25-34,Rabat
CUST04656,2023-08-02,VIP,GOLD,55+,Tanger
CUST04657,2023-07-26,REGULAR,SILVER,18-24,Casablanca
CUST04658,2023-03-07,NEW,BRONZE,55+,Marrakech
CUST04659,2023-08-15,VIP,GOLD,45-54,Tanger
CUST04660,2023-10-22,REGULAR,BRONZE,35-44,Tanger
CUST04661,2025-12-29,REGULAR,BRONZE,35-44,Marrakech
CUST04662,2025-04-08,NEW,BRONZE,35-44,Agadir
CUST04663,2024-11-16,VIP,GOLD,25-34,Agadir
CUST04664,2025-07-22,VIP,SILVER,55+,Marrakech
CUST04665,2023-02-14,REGULAR,BRONZE,35-44,Tanger
CUST04666,2023-07-15,NEW,BRONZE,18-24,Rabat
CUST04667,2025-06-29,REGULAR,BRONZE,18-24,Casablanca
CUST04668,2025-05-15,REGULAR,BRONZE,35-44,Tanger
CUST04669,2025-12-09,REGULAR,BRONZE,55+,Agadir
CUST04670,2024-07-01,NEW,BRONZE,35-44,Tanger
CUST04671,2025-09-10,REGULAR,SILVER,25-34,Agadir
CUST04672,2025-01-20,REGULAR,SILVER,18-24,Agadir
CUST04673,2024-10-22,NEW,BRONZE,25-34,Agadir
CUST04674,2025-10-11,REGULAR,SILVER,18-24,Agadir
CUST04675,2024-08-15,VIP,GOLD,25-34,Rabat
CUST04676,2023-05-01,NEW,BRONZE,35-44,Rabat
CUST04677,2024-12-22,NEW,BRONZE,35-44,Rabat
CUST04678,2025-08-17,New,BRONZE,25-34,Agadir
CUST04679,2025-07-28,NEW,BRONZE,25-34,Casablanca
CUST04680,2025-04-13,REGULAR,BRONZE,35-44,Tanger
CUST04681,2024-09-30,NEW,BRONZE,18-24,Agadir
CUST04682,2025-11-11,REGULAR,SILVER,45-54,Fes
CUST04683,2025-02-25,REGULAR,BRONZE,25-34,Agadir
CUST04684,2023-08-09,REGULAR,SILVER,18-24,Agadir
CUST04685,2024-06-11,NEW,BRONZE,45-54,Rabat
CUST04686,2023-04-24,REGULAR,SILVER,25-34,Fes
CUST04687,2023-01-09,REGULAR,BRONZE,35-44,Casablanca
CUST04688,2025-04-23,VIP,SILVER,55+,Kenitra
CUST04689,2025-06-08,VIP,SILVER,55+,Kenitra
CUST04690,2025-11-29,NEW,BRONZE,45-54,Casablanca
CUST04691,2025-06-27,VIP,GOLD,25-34,Kenitra
CUST04692,2024-10-07,NEW,BRONZE,35-44,Agadir
CUST04693,2025-01-15,VIP,GOLD,45-54,Rabat
CUST04694,2024-06-30,REGULAR,BRONZE,45-54,Kenitra
CUST04695,2025-06-07,REGULAR,SILVER,25-34,Marrakech
CUST04696,2023-02-21,NEW,BRONZE,25-34,Agadir
CUST04697,2025-07-03,REGULAR,SILVER,35-44,Tanger
CUST04698,2024-11-16,NEW,BRONZE,25-34,Tanger
CUST04699,2024-11-15,REGULAR,BRONZE,25-34,Marrakech
CUST04700,2024-02-09,VIP,SILVER,25-34,Fes
CUST04701,2025-06-02,REGULAR,BRONZE,45-54,Tanger
CUST04702,2025-07-09,NEW,BRONZE,25-34,Rabat
CUST04703,2025-06-25,NEW,BRONZE,55+,Tanger
CUST04704,2024-05-29,NEW,BRONZE,18-24,Tanger
CUST04705,2024-05-26,NEW,BRONZE,35-44,Kenitra
CUST04706,2023-01-25,REGULAR,BRONZE,45-54,kenitra
CUST04707,2024-11-27,VIP,SILVER,25-34,Kenitra
CUST04708,2025-11-27,REGULAR,SILVER,25-34,Agadir
CUST04709,2023-05-21,NEW,BRONZE,18-24,fes
CUST04710,2024-08-18,VIP,GOLD,18-24,Tanger
CUST04711,2024-12-11,REGULAR,BRONZE,45-54,Tanger
CUST04712,2025-11-08,REGULAR,SILVER,18-24,Marrakech
CUST04713,2023-11-01,NEW,BRONZE,25-34,Agadir
CUST04714,2024-12-25,REGULAR,BRONZE,55+,Fes
CUST04715,2023-07-17,NEW,BRONZE,35-44,Tanger
CUST04716,2025-03-22,REGULAR,BRONZE,18-24,Kenitra
CUST04717,2024-10-23,NEW,BRONZE,18-24,Tanger
CUST04718,2024-07-09,VIP,GOLD,18-24,Kenitra
CUST04719,2024-03-21,REGULAR,SILVER,18-24,Fes
CUST04720,2023-01-28,REGULAR,BRONZE,25-34,Kenitra
CUST04721,2024-07-09,REGULAR,SILVER,25-34,Agadir
CUST04722,2025-11-10,NEW,BRONZE,35-44,Fes
CUST04723,2023-12-31,REGULAR,SILVER,25-34,Fes
CUST04724,2024-04-28,NEW,BRONZE,35-44,Kenitra
CUST04725,2024-12-06,VIP,SILVER,45-54,Casablanca
CUST04726,2023-10-02,VIP,SILVER,55+,Tanger
CUST04727,2025-05-11,NEW,BRONZE,25-34,Tanger
CUST04728,2024-08-09,NEW,BRONZE,45-54,Agadir
CUST04729,2024-07-31,REGULAR,BRONZE,35-44,Agadir
CUST04730,2023-09-11,REGULAR,SILVER,45-54,Fes
CUST04731,2025-05-14,REGULAR,SILVER,18-24,Fes
CUST04732,2023-07-19,NEW,BRONZE,25-34,Rabat
CUST04733,2025-08-17,REGULAR,BRONZE,25-34,Rabat
CUST04734,2025-09-01,REGULAR,SILVER,25-34,Casablanca
CUST04735,2023-09-30,REGULAR,BRONZE,45-54,Casablanca
CUST04736,2025-09-03,REGULAR,BRONZE,25-34,Fes
CUST04737,2023-12-04,VIP,SILVER,35-44,Rabat
CUST04738,2025-06-03,VIP,GOLD,25-34,Casablanca
CUST04739,2025-12-30,REGULAR,SILVER,45-54,Tanger
CUST04740,2024-08-07,REGULAR,BRONZE,25-34,Agadir
CUST04741,2025-08-30,NEW,BRONZE,25-34,Agadir
CUST04742,2023-04-22,NEW,BRONZE,35-44,Fes
CUST04743,2025-08-29,REGULAR,SILVER,35-44,Agadir
CUST04744,2023-05-20,REGULAR,SILVER,45-54,Agadir
CUST04745,2024-10-28,REGULAR,SILVER,18-24,Tanger
CUST04746,2024-11-17,REGULAR,BRONZE,18-24,Agadir
CUST04747,2024-07-29,REGULAR,SILVER,25-34,Marrakech
CUST04748,2025-02-15,VIP,GOLD,45-54,Tanger
CUST04749,2025-08-09,REGULAR,SILVER,18-24,Tanger
CUST04750,2023-09-10,NEW,BRONZE,25-34,Agadir
CUST04751,2025-05-02,REGULAR,SILVER,35-44,Kenitra
CUST04752,2023-08-09,NEW,BRONZE,35-44,Fes
CUST04753,2023-01-29,REGULAR,BRONZE,35-44,Agadir
CUST04754,2025-09-17,VIP,SILVER,45-54,Agadir
CUST04755,2024-08-23,VIP,GOLD,25-34,Kenitra
CUST04756,2025-11-23,NEW,BRONZE,25-34,Rabat
CUST04757,2024-11-10,NEW,BRONZE,25-34,Casablanca
CUST04758,2025-06-03,REGULAR,SILVER,35-44,Fes
CUST04759,2023-09-24,REGULAR,SILVER,18-24,Kenitra
CUST04760,2025-06-15,REGULAR,SILVER,45-54,Fes
CUST04761,2024-01-09,VIP,GOLD,35-44,Rabat
CUST04762,2025-09-12,REGULAR,SILVER,35-44,Agadir
CUST04763,2024-07-13,REGULAR,BRONZE,45-54,Rabat
CUST04764,2025-01-24,REGULAR,BRONZE,25-34,Casablanca
CUST04765,2025-01-31,REGULAR,SILVER,25-34,Marrakech
CUST04766,2024-02-28,REGULAR,BRONZE,35-44,Marrakech
CUST04767,2023-12-27,REGULAR,BRONZE,55+,Tanger
CUST04768,2025-04-30,REGULAR,BRONZE,35-44,Agadir
CUST04769,2024-02-24,REGULAR,BRONZE,55+,Tanger
CUST04770,2025-06-22,REGULAR,SILVER,35-44,Casablanca
CUST04771,2023-05-11, REGULAR ,SILVER,25-34,Fes
CUST04772,2025-03-09,NEW,BRONZE,18-24,Kenitra
CUST04773,2025-11-11,REGULAR,BRONZE,25-34,Tanger
CUST04774,2025-01-15,REGULAR,BRONZE,25-34,Agadir
CUST04775,2025-05-01,REGULAR,BRONZE,35-44,Agadir
CUST04776,2025-03-14,REGULAR,SILVER,35-44,Kenitra
CUST04777,2023-03-17,REGULAR,BRONZE,25-34,Marrakech
CUST04778,2024-01-10,VIP,SILVER,25-34,Rabat
CUST04779,2023-08-03,NEW,BRONZE,25-34,Marrakech
CUST04780,2023-02-10,NEW,BRONZE,18-24,Tanger
CUST04781,2025-10-20,REGULAR,BRONZE,35-44,Marrakech
CUST04782,2023-05-10,REGULAR,SILVER,55+,Tanger
CUST04783,2025-01-16,REGULAR,BRONZE,18-24,Casablanca
CUST04784,2024-10-23,REGULAR,BRONZE,18-24, Casablanca 
CUST04785,2023-12-30,REGULAR,BRONZE,25-34,Kenitra
CUST04786,2025-10-16,NEW,BRONZE,25-34,Tanger
CUST04787,2023-11-17,REGULAR,SILVER,25-34,Kenitra
CUST04788,2025-07-20,REGULAR,BRONZE,55+,tanger
CUST04789,2023-04-11,REGULAR,BRONZE,55+,Kenitra
CUST04790,2024-12-19,regular,SILVER,35-44, Agadir 
CUST04791,2025-05-11,REGULAR,SILVER,25-34,Kenitra
CUST04792,2025-12-24,REGULAR,SILVER,25-34,Casablanca
CUST04793,2024-11-07,NEW,BRONZE,45-54,Kenitra
CUST04794,2025-04-16,VIP,GOLD,45-54,Marrakech
CUST04795,2025-05-31,VIP,SILVER,25-34,Marrakech
CUST04796,2025-09-20,REGULAR,SILVER,55+,Kenitra
CUST04797,2023-08-25,REGULAR,BRONZE,25-34,AGADIR
CUST04798,2025-09-06,VIP,SILVER,35-44,Marrakech
CUST04799,2025-07-12,NEW,BRONZE,55+,Rabat
CUST04800,2023-08-24,REGULAR,BRONZE,25-34,Tanger
CUST04801,2025-06-11,REGULAR,SILVER,45-54,Marrakech
CUST04802,2024-12-10,VIP,GOLD,35-44,Rabat
CUST04803,2024-06-02,VIP,GOLD,35-44,Rabat
CUST04804,2024-01-06,REGULAR,SILVER,35-44,Fes
CUST04805,2023-06-12,NEW,BRONZE,18-24,Fes
CUST04806,2023-06-16,VIP,GOLD,35-44,Kenitra
CUST04807,2024-03-28,NEW,BRONZE,25-34,Agadir
CUST04808,2023-01-26,REGULAR,SILVER,25-34,Fes
CUST04809,2023-03-08,REGULAR,BRONZE,25-34,Kenitra
CUST04810,2025-08-19,NEW,BRONZE,55+,Marrakech
CUST04811,2025-04-12,REGULAR,BRONZE,35-44,Tanger
CUST04812,2025-08-25,REGULAR,BRONZE,35-44,Tanger
CUST04813,2025-04-06,VIP,GOLD,35-44,Tanger
CUST04814,2023-10-27,REGULAR,SILVER,18-24,Fes
CUST04815,2025-08-18,REGULAR,BRONZE,35-44,Tanger
CUST04816,2025-10-18,REGULAR,SILVER,35-44,Rabat
CUST04817,2024-08-21,NEW,BRONZE,25-34,Fes
CUST04818,2023-02-25,REGULAR,BRONZE,55+,Marrakech
CUST04819,2025-04-08,REGULAR,SILVER,25-34,Kenitra
CUST04820,2024-09-15,REGULAR,SILVER,25-34,Fes
CUST04821,2025-06-24,NEW,BRONZE,45-54,Agadir
CUST04822,2025-07-31,REGULAR,SILVER,25-34,Fes
CUST04823,2023-01-05,REGULAR,SILVER,35-44,Marrakech
CUST04824,2025-01-29,NEW,BRONZE,18-24,Kenitra
CUST04825,2025-04-30,REGULAR,BRONZE,25-34,Marrakech
CUST04826,2025-07-10,REGULAR,BRONZE,25-34,Tanger
CUST04827,2023-11-15,NEW,BRONZE,25-34,Rabat
CUST04828,2025-05-22,REGULAR,BRONZE,25-34,Marrakech
CUST04829,2025-10-24,NEW,BRONZE,25-34,Fes
CUST04830,2024-11-19,REGULAR,BRONZE,25-34,Fes
CUST04831,2024-12-29, REGULAR ,BRONZE,45-54,Kenitra
CUST04832,2025-06-24,REGULAR,BRONZE,35-44,Rabat
CUST04833,2025-12-27,REGULAR,BRONZE,25-34,Agadir
CUST04834,2025-07-05,NEW,BRONZE,25-34,Marrakech
CUST04835,2023-11-02,New,BRONZE,18-24,Kenitra
CUST04836,2023-05-02, REGULAR ,SILVER,18-24,Rabat
CUST04837,2023-08-23,NEW,BRONZE,18-24,Fes
CUST04838,2024-07-18,REGULAR,SILVER,25-34,Rabat
CUST04839,2024-09-08,NEW,BRONZE,45-54,Agadir
CUST04840,2023-03-18,VIP,GOLD,25-34,Marrakech
CUST04841,2024-12-14,REGULAR,BRONZE,25-34,Tanger
CUST04842,2024-08-22,REGULAR,BRONZE,45-54,Kenitra
CUST04843,2025-09-19,NEW,BRONZE,25-34,Kenitra
CUST04844,2024-01-12,NEW,BRONZE,45-54,Agadir
CUST04845,2023-03-13,NEW,BRONZE,35-44,Kenitra
CUST04846,2025-05-04,REGULAR,BRONZE,25-34,Rabat
CUST04847,2025-06-15, NEW ,BRONZE,35-44,Rabat
CUST04848,2023-08-25,VIP,SILVER,35-44,Casablanca
CUST04849,2024-08-25,REGULAR,BRONZE,25-34,Marrakech
CUST04850,2024-10-28,NEW,BRONZE,25-34,Casablanca
CUST04851,2024-12-16,NEW,BRONZE,25-34,Fes
CUST04852,2023-11-28,REGULAR,SILVER,25-34,Tanger
CUST04853,2024-07-27,REGULAR,BRONZE,25-34,Rabat
CUST04854,2024-11-20,REGULAR,BRONZE,55+,Rabat
CUST04855,2023-06-18,NEW,BRONZE,45-54,Rabat
CUST04856,2024-06-21,REGULAR,SILVER,35-44,Fes
CUST04857,2025-10-21,REGULAR,BRONZE,25-34,Agadir
CUST04858,2023-06-26,REGULAR,BRONZE,25-34,Agadir
CUST04859,2025-11-02,REGULAR,SILVER,45-54,Rabat
CUST04860,2025-06-28,NEW,BRONZE,45-54,Agadir
CUST04861,2025-05-03,NEW,BRONZE,25-34,Agadir
CUST04862,2024-07-07,NEW,BRONZE,25-34,Agadir
CUST04863,2024-10-28,REGULAR,SILVER,25-34,Marrakech
CUST04864,2023-11-09,REGULAR,BRONZE,18-24,Rabat
CUST04865,2023-01-19,REGULAR,SILVER,45-54,Casablanca
CUST04866,2025-09-12,REGULAR,SILVER,55+,Marrakech
CUST04867,2025-12-12,VIP,GOLD,25-34,Casablanca
CUST04868,2024-09-20,NEW,BRONZE,45-54,Fes
CUST04869,2023-11-07,REGULAR,BRONZE,18-24,Casablanca
CUST04870,2025-07-04,VIP,GOLD,55+,Kenitra
CUST04871,2025-11-07,VIP,GOLD,25-34,Marrakech
CUST04872,2024-08-25,REGULAR,BRONZE,18-24,Kenitra
CUST04873,2025-05-04,REGULAR,SILVER,25-34,Tanger
CUST04874,2025-10-30,NEW,BRONZE,25-34,Casablanca
CUST04875,2025-10-23,NEW,BRONZE,35-44,Casablanca
CUST04876,2024-02-27,VIP,GOLD,55+,marrakech
CUST04877,2025-12-29,NEW,BRONZE,55+,Agadir
CUST04878,2023-07-16,REGULAR,BRONZE,25-34,Fes
CUST04879,2025-05-17,NEW,BRONZE,45-54,Tanger
CUST04880,2025-01-18,VIP,SILVER,45-54,Kenitra
CUST04881,2025-09-18,REGULAR,BRONZE,45-54,Fes
CUST04882,2023-06-22,NEW,BRONZE,25-34,Rabat
CUST04883,2025-02-17,REGULAR,SILVER,55+,Rabat
CUST04884,2023-12-24,REGULAR,SILVER,55+,Marrakech
CUST04885,2024-11-20,NEW,BRONZE,25-34,Agadir
CUST04886,2023-03-30,VIP,SILVER,25-34,Rabat
CUST04887,2025-09-10,REGULAR,SILVER,35-44,Fes
CUST04888,2023-03-18,REGULAR,SILVER,25-34,Casablanca
CUST04889,2025-02-05,NEW,BRONZE,55+,Marrakech
CUST04890,2023-12-02,NEW,BRONZE,35-44,Casablanca
CUST04891,2025-07-17,new,BRONZE,18-24, Marrakech 
CUST04892,2023-04-17,REGULAR,SILVER,35-44,Fes
CUST04893,2024-08-05,REGULAR,SILVER,35-44,Marrakech
CUST04894,2023-12-18,NEW,BRONZE,55+,Casablanca
CUST04895,2023-11-09,REGULAR,BRONZE,25-34,Casablanca
CUST04896,2024-11-02,NEW,BRONZE,35-44,Marrakech
CUST04897,2024-08-28,REGULAR,SILVER,25-34,Casablanca
CUST04898,2024-09-29,REGULAR,SILVER,35-44,Marrakech
CUST04899,2023-12-22,REGULAR,SILVER,45-54,Casablanca
CUST04900,2024-05-10,REGULAR,SILVER,25-34,Agadir
CUST04901,2024-11-19,REGULAR,SILVER,25-34, Rabat 
CUST04902,2023-03-06,REGULAR,BRONZE,35-44,Rabat
CUST04903,2023-06-09,REGULAR,SILVER,45-54,Kenitra
CUST04904,2025-02-06,REGULAR,SILVER,25-34,Rabat
CUST04905,2023-07-05,VIP,SILVER,25-34,Kenitra
CUST04906,2023-12-23,REGULAR,SILVER,25-34,Agadir
CUST04907,2024-07-19,NEW,BRONZE,25-34,Tanger
CUST04908,2024-08-22,NEW,BRONZE,25-34,RABAT
CUST04909,2024-08-27,REGULAR,SILVER,35-44,Kenitra
CUST04910,2025-01-11,NEW,BRONZE,25-34,Rabat
CUST04911,2025-06-22,REGULAR,BRONZE,25-34,Casablanca
CUST04912,2025-01-25,NEW,BRONZE,35-44,Kenitra
CUST04913,2023-02-27,NEW,BRONZE,25-34,Fes
CUST04914,2025-05-17,NEW,BRONZE,25-34,Casablanca
CUST04915,2023-06-16,REGULAR,BRONZE,25-34,Fes
CUST04916,2025-10-12,VIP,GOLD,35-44,Casablanca
CUST04917,2025-12-06,REGULAR,BRONZE,18-24,Tanger
CUST04918,2023-08-05,REGULAR,BRONZE,18-24,Rabat
CUST04919,2024-08-22,REGULAR,SILVER,18-24,Kenitra
CUST04920,2024-02-22,REGULAR,SILVER,35-44,Rabat
CUST04921,2025-04-03,REGULAR,SILVER,45-54,Agadir
CUST04922,2023-01-11,NEW,BRONZE,35-44,Agadir
CUST04923,2023-07-02,REGULAR,SILVER,18-24,Casablanca
CUST04924,2023-09-15,REGULAR,BRONZE,35-44,Agadir
CUST04925,2025-07-20,NEW,BRONZE,45-54,Fes
CUST04926,2024-06-15,NEW,BRONZE,35-44,Agadir
CUST04927,2024-10-11,REGULAR,BRONZE,25-34,Agadir
CUST04928,2023-11-01,VIP,SILVER,45-54,Fes
CUST04929,2023-12-20,REGULAR,BRONZE,45-54,Kenitra
CUST04930,2025-03-21,VIP,GOLD,55+,Tanger
CUST04931,2023-05-08,REGULAR,SILVER,55+,Agadir
CUST04932,2024-06-19,REGULAR,BRONZE,18-24,Rabat
CUST04933,2024-07-25,VIP,GOLD,35-44,Kenitra
CUST04934,2025-05-19,NEW,BRONZE,25-34,Rabat
CUST04935,2024-10-06,NEW,BRONZE,35-44,Agadir
CUST04936,2024-03-12,REGULAR,BRONZE,45-54,Agadir
CUST04937,2024-05-10,REGULAR,BRONZE,35-44,Marrakech
CUST04938,2025-05-27,REGULAR,SILVER,45-54,Agadir
CUST04939,2025-12-15,NEW,BRONZE,45-54,Rabat
CUST04940,2024-07-23,REGULAR,SILVER,35-44,Tanger
CUST04941,2025-01-30,VIP,SILVER,18-24,Fes
CUST04942,2025-05-23,REGULAR,SILVER,18-24,Tanger
CUST04943,2025-09-17,REGULAR,SILVER,25-34,Kenitra
CUST04944,2023-02-07,NEW,BRONZE,25-34,Marrakech
CUST04945,2023-02-06,REGULAR,SILVER,55+, Marrakech 
CUST04946,2023-03-08,REGULAR,SILVER,35-44,Marrakech
CUST04947,2025-03-10,REGULAR,BRONZE,35-44,Casablanca
CUST04948,2023-12-19,REGULAR,SILVER,18-24,Rabat
CUST04949,2025-02-19,NEW,BRONZE,45-54,Marrakech
CUST04950,2023-04-21,REGULAR,BRONZE,45-54,Tanger
CUST04951,2025-07-31,VIP,SILVER,25-34,Marrakech
CUST04952,2024-05-09,VIP,GOLD,18-24,Fes
CUST04953,2024-03-14,REGULAR,SILVER,35-44,Rabat
CUST04954,2024-06-18,NEW,BRONZE,18-24,Fes
CUST04955,2024-10-08,REGULAR,BRONZE,18-24,Tanger
CUST04956,2024-09-25,REGULAR,BRONZE,45-54,Casablanca
CUST04957,2024-06-18,NEW,BRONZE,25-34,Marrakech
CUST04958,2024-11-05,VIP,GOLD,45-54,Casablanca
CUST04959,2023-01-05,VIP,GOLD,35-44,Agadir
CUST04960,2024-04-03,REGULAR,BRONZE,18-24,Casablanca
CUST04961,2025-12-02,REGULAR,BRONZE,35-44,Agadir
CUST04962,2023-06-24,NEW,BRONZE,35-44,Agadir
CUST04963,2023-04-14,NEW,BRONZE,18-24,Casablanca
CUST04964,2024-06-16,REGULAR,SILVER,25-34,Agadir
CUST04965,2023-09-16,NEW,BRONZE,45-54,Marrakech
CUST04966,2025-08-29,NEW,BRONZE,25-34,Marrakech
CUST04967,2025-12-14,VIP,SILVER,55+,Fes
CUST04968,2023-08-17,REGULAR,BRONZE,35-44,Fes
CUST04969,2024-03-04,REGULAR,SILVER,45-54,Marrakech
CUST04970,2024-09-09,NEW,BRONZE,35-44,Casablanca
CUST04971,2024-04-18,REGULAR,BRONZE,25-34,Tanger
CUST04972,2024-06-29,REGULAR,SILVER,25-34,Kenitra
CUST04973,2023-02-01,NEW,BRONZE,18-24,Kenitra
CUST04974,2024-02-23,VIP,SILVER,45-54,Tanger
CUST04975,2024-04-20,REGULAR,SILVER,35-44,Tanger
CUST04976,2025-10-04,REGULAR,BRONZE,25-34,Marrakech
CUST04977,2025-01-30,REGULAR,SILVER,25-34,Kenitra
CUST04978,2023-03-10,REGULAR,BRONZE,18-24,Fes
CUST04979,2025-04-02,NEW,BRONZE,35-44,Rabat
CUST04980,2023-07-11,VIP,GOLD,35-44,Agadir
CUST04981,2023-08-22,REGULAR,SILVER,55+,Casablanca
CUST04982,2023-01-18,REGULAR,BRONZE,25-34,Marrakech
CUST04983,2023-10-08,VIP,GOLD,18-24,Kenitra
CUST04984,2023-07-17,REGULAR,SILVER,35-44,Agadir
CUST04985,2025-09-06,NEW,BRONZE,45-54,Rabat
CUST04986,2023-02-19,REGULAR,BRONZE,35-44,Tanger
CUST04987,2023-09-22,NEW,BRONZE,25-34,Agadir
CUST04988,2023-02-16,REGULAR,SILVER,35-44,Rabat
CUST04989,2025-04-28,REGULAR,SILVER,25-34,Kenitra
CUST04990,2023-06-12,REGULAR,SILVER,25-34,Kenitra
CUST04991,2023-04-24,VIP,SILVER,25-34,Kenitra
CUST04992,2024-07-28,NEW,BRONZE,45-54,Rabat
CUST04993,2024-05-12,NEW,BRONZE,18-24,Casablanca
CUST04994,2023-03-10,REGULAR,BRONZE,45-54,Agadir
CUST04995,2024-07-10,VIP,GOLD,18-24,Marrakech
CUST04996,2024-08-24,NEW,BRONZE,25-34,Kenitra
CUST04997,2025-12-18,REGULAR,SILVER,25-34,Kenitra
CUST04998,2023-10-18,VIP,GOLD,18-24,Casablanca
CUST04999,2024-01-30,REGULAR,SILVER,18-24,Agadir
CUST05000,2023-08-07,REGULAR,SILVER,35-44,Casablanca
