order_id,order_date_raw,customer_id,product_id,region_raw,sales_channel_raw,payment_method_raw,quantity_raw,unit_price_raw,discount_pct_raw,status_raw,shipping_days_raw,customer_rating_raw,region_clean,sales_channel_clean,payment_method_clean,status_clean,order_date_clean,quantity_clean,unit_price_clean,discount_pct_clean,shipping_days_clean,rating_missing,customer_rating_clean,customer_id_clean,product_id_clean,missing_product_id,missing_customer_id,validation_status
ORD002192,2025-12-08,,P0086,Marrakech,Marketplace,Card,,868.0,15.0,PENDING,5.0,,MARRAKECH,MARKETPLACE,CARD,PENDING,2025-12-08,,868.0,15.0,5.0,True,,UNKNOWN,P0086,False,True,REJECT
ORD026267,2025-04-04,CUST02479,P0089,Tanger,Store,Card,2.0,3284.71,-10.0,CANCELLED,5.0,,TANGER,STORE,CARD,CANCELLED,2025-04-04,2.0,3284.71,,5.0,True,,CUST02479,P0089,False,False,REJECT
ORD005256,06-28-2025,CUST02976,P0041,Kenitra,Mobile App,Cash,,545.51,0.0,CANCELLED,6.0,,KENITRA,MOBILE APP,CASH,CANCELLED,2025-06-28,,545.51,0.0,6.0,True,,CUST02976,P0041,False,False,REJECT
ORD001288,2025-05-19,CUST02909,P0030,Kenitra,Mobile App,Card,4.0,unknown,10.0,DELIVERED,8.0,5.0,KENITRA,MOBILE APP,CARD,DELIVERED,2025-05-19,4.0,,10.0,8.0,False,5.0,CUST02909,P0030,False,False,REJECT
ORD003867,2025-06-15,CUST02612,P0029,Fes,Mobile App,Bank Transfer,-1.0,1942.37,10.0,RETURNED,5.0,,FES,MOBILE APP,BANK TRANSFER,RETURNED,2025-06-15,,1942.37,10.0,5.0,True,,CUST02612,P0029,False,False,REJECT
ORD010698,13/06/2025,CUST02750,P0062,Tanger,Website,Cash,,1343.17,,DELIVERED,2.0,,TANGER,WEBSITE,CASH,DELIVERED,2025-06-13,,1343.17,,2.0,True,,CUST02750,P0062,False,False,REJECT
ORD010543,15/09/2025,CUST00042,P0110,Agadir,Website,Wallet,2.0,2381.17,-10.0,DELIVERED,7.0,3.8,AGADIR,WEBSITE,WALLET,DELIVERED,2025-09-15,2.0,2381.17,,7.0,False,3.8,CUST00042,P0110,False,False,REJECT
ORD000221,2025-08-12,CUST03135,P0119,Tanger,Website,Wallet,,2126.46,20.0,CANCELLED,2.0,,TANGER,WEBSITE,WALLET,CANCELLED,2025-08-12,,2126.46,20.0,2.0,True,,CUST03135,P0119,False,False,REJECT
ORD003427,2025-07-26,CUST00526,P0112,Marrakech,Store,Wallet,0.0,1765.44,0.0,CANCELLED,4.0,,MARRAKECH,STORE,WALLET,CANCELLED,2025-07-26,,1765.44,0.0,4.0,True,,CUST00526,P0112,False,False,REJECT
ORD017319,2025-11-21,CUST02806,P0101,Kenitra,Marketplace,Cash,,305.55,15.0,DELIVERED,9.0,,KENITRA,MARKETPLACE,CASH,DELIVERED,2025-11-21,,305.55,15.0,9.0,True,,CUST02806,P0101,False,False,REJECT
ORD001593,2025-02-10,CUST03538,P0094,marrakech,Store,Card,4.0,-25,0.0,CANCELLED,7.0,,MARRAKECH,STORE,CARD,CANCELLED,2025-02-10,4.0,,0.0,7.0,True,,CUST03538,P0094,False,False,REJECT
ORD011072,2025-12-25,CUST01397,P0024,Agadir,Marketplace,Wallet,4.0,unknown,15.0,DELIVERED,5.0,3.5,AGADIR,MARKETPLACE,WALLET,DELIVERED,2025-12-25,4.0,,15.0,5.0,False,3.5,CUST01397,P0024,False,False,REJECT
ORD025943,2025-12-26,CUST01915,P0027,Rabat,Marketplace,Wallet,1.0,unknown,20.0,PENDING,4.0,,RABAT,MARKETPLACE,WALLET,PENDING,2025-12-26,1.0,,20.0,4.0,True,,CUST01915,P0027,False,False,REJECT
ORD005036,2025-05-23,CUST03571,P0039,Marrakech,Marketplace,Cash,1.0,1745.46,-10.0,DELIVERED,9.0,4.5,MARRAKECH,MARKETPLACE,CASH,DELIVERED,2025-05-23,1.0,1745.46,,9.0,False,4.5,CUST03571,P0039,False,False,REJECT
ORD002898,2025-04-12,CUST04493,P0093,Tanger,Store,Bank Transfer,-1.0,2063.03,20.0,DELIVERED,5.0,4.0,TANGER,STORE,BANK TRANSFER,DELIVERED,2025-04-12,,2063.03,20.0,5.0,False,4.0,CUST04493,P0093,False,False,REJECT
ORD021357,2025-09-05,CUST02231,P0053,Rabat,Marketplace,Bank Transfer,0.0,958.17,15.0,DELIVERED,2.0,4.5,RABAT,MARKETPLACE,BANK TRANSFER,DELIVERED,2025-09-05,,958.17,15.0,2.0,False,4.5,CUST02231,P0053,False,False,REJECT
ORD028328,2025-02-12,CUST04970,P0091,Rabat,Website,Card,2.0,,0.0,DELIVERED,6.0,,RABAT,WEBSITE,CARD,DELIVERED,2025-02-12,2.0,,0.0,6.0,True,,CUST04970,P0091,False,False,REJECT
ORD016928,2025-04-28,CUST01889,P0089,Rabat,Store,Cash,1.0,,5.0,DELIVERED,5.0,,RABAT,STORE,CASH,DELIVERED,2025-04-28,1.0,,5.0,5.0,True,,CUST01889,P0089,False,False,REJECT
ORD006073,2025-03-26,CUST04494,P0072,Agadir,Store,Cash,0.0,1598.44,20.0,PENDING,6.0,,AGADIR,STORE,CASH,PENDING,2025-03-26,,1598.44,20.0,6.0,True,,CUST04494,P0072,False,False,REJECT
ORD006089,14/09/2025,CUST01063,P0075,Rabat,Marketplace,Wallet,,290.35,0.0,DELIVERED,4.0,,RABAT,MARKETPLACE,WALLET,DELIVERED,2025-09-14,,290.35,0.0,4.0,True,,CUST01063,P0075,False,False,REJECT
ORD028914,11-29-2025,CUST03685,P0032,Casablanca,Marketplace,bank transfer,2.0,3330.93,, PENDING ,7.0,,CASABLANCA,MARKETPLACE,BANK TRANSFER,PENDING,2025-11-29,2.0,3330.93,,7.0,True,,CUST03685,P0032,False,False,REJECT
ORD015059,28/03/2025,CUST04322,P0091,Marrakech,Store,Cash,-1.0,2257.49,20.0,DELIVERED,4.0,2.8,MARRAKECH,STORE,CASH,DELIVERED,2025-03-28,,2257.49,20.0,4.0,False,2.8,CUST04322,P0091,False,False,REJECT
ORD013420,2025-10-20,CUST03611,P0072,Kenitra,Marketplace,Bank Transfer,1.0,1730.51,,DELIVERED,4.0,4.5,KENITRA,MARKETPLACE,BANK TRANSFER,DELIVERED,2025-10-20,1.0,1730.51,,4.0,False,4.5,CUST03611,P0072,False,False,REJECT
ORD019383,2025-11-26,CUST03033,P0003,Agadir,Marketplace,Card,5.0,unknown,15.0,PENDING,3.0,,AGADIR,MARKETPLACE,CARD,PENDING,2025-11-26,5.0,,15.0,3.0,True,,CUST03033,P0003,False,False,REJECT
ORD022016,2025-07-13,CUST01024,P0031,Agadir,Mobile App,Card,-1.0,1405.55,10.0,DELIVERED,4.0,4.1,AGADIR,MOBILE APP,CARD,DELIVERED,2025-07-13,,1405.55,10.0,4.0,False,4.1,CUST01024,P0031,False,False,REJECT
ORD015066,2025-09-13,CUST04118,P0100,Marrakech,Mobile App,Card,-1.0,3267.25,0.0,DELIVERED,2.0,3.6,MARRAKECH,MOBILE APP,CARD,DELIVERED,2025-09-13,,3267.25,0.0,2.0,False,3.6,CUST04118,P0100,False,False,REJECT
ORD006616,2025-09-08,CUST02980,P0042,Rabat,Marketplace,Bank Transfer,1.0,,0.0,DELIVERED,6.0,2.6,RABAT,MARKETPLACE,BANK TRANSFER,DELIVERED,2025-09-08,1.0,,0.0,6.0,False,2.6,CUST02980,P0042,False,False,REJECT
ORD014208,2025-11-11,CUST00852,P0116,Fes,Marketplace,Wallet,-1.0,1453.96,10.0,RETURNED,7.0,2.7,FES,MARKETPLACE,WALLET,RETURNED,2025-11-11,,1453.96,10.0,7.0,False,2.7,CUST00852,P0116,False,False,REJECT
ORD005762,2025-12-27,CUST04290,P0008,Fes,Store,Cash,1.0,,5.0,DELIVERED,5.0,2.3,FES,STORE,CASH,DELIVERED,2025-12-27,1.0,,5.0,5.0,False,2.3,CUST04290,P0008,False,False,REJECT
ORD004140,2025-07-28,CUST03516,P0033,Fes,Mobile App,Card,2.0,1698.24,105.0,RETURNED,6.0,,FES,MOBILE APP,CARD,RETURNED,2025-07-28,2.0,1698.24,,6.0,True,,CUST03516,P0033,False,False,REJECT
ORD002986,2025-12-26,CUST04515,P0100,Marrakech,Store,Cash,4.0,3535.84,105.0,PENDING,4.0,,MARRAKECH,STORE,CASH,PENDING,2025-12-26,4.0,3535.84,,4.0,True,,CUST04515,P0100,False,False,REJECT
ORD006606,18/02/2025,CUST02154,P0014,Tanger,Store,Cash,1.0,547.99,-10.0,PENDING,5.0,,TANGER,STORE,CASH,PENDING,2025-02-18,1.0,547.99,,5.0,True,,CUST02154,P0014,False,False,REJECT
ORD006748,2025-01-05,CUST04027,P0082,Marrakech,Website,Wallet,2.0,989.02,,DELIVERED,6.0,4.4,MARRAKECH,WEBSITE,WALLET,DELIVERED,2025-01-05,2.0,989.02,,6.0,False,4.4,CUST04027,P0082,False,False,REJECT
ORD020679,05-22-2025,CUST03509,P0006,Tanger,Mobile App,Bank Transfer,,1071.48,5.0,DELIVERED,3.0,,TANGER,MOBILE APP,BANK TRANSFER,DELIVERED,2025-05-22,,1071.48,5.0,3.0,True,,CUST03509,P0006,False,False,REJECT
ORD010330,2025-11-06,CUST00615,P0047,Kenitra,Website,Wallet,1.0,496.66,105.0,CANCELLED,3.0,,KENITRA,WEBSITE,WALLET,CANCELLED,2025-11-06,1.0,496.66,,3.0,True,,CUST00615,P0047,False,False,REJECT
ORD002964,2025-12-14,CUST01263,P0015,Casablanca,Mobile App,Cash,0.0,305.58,15.0,DELIVERED,3.0,,CASABLANCA,MOBILE APP,CASH,DELIVERED,2025-12-14,,305.58,15.0,3.0,True,,CUST01263,P0015,False,False,REJECT
ORD016947,2025-11-03,CUST00119,P0100,Rabat,Website,Bank Transfer,3.0,,15.0,DELIVERED,7.0,3.4,RABAT,WEBSITE,BANK TRANSFER,DELIVERED,2025-11-03,3.0,,15.0,7.0,False,3.4,CUST00119,P0100,False,False,REJECT
ORD015019,2025-03-02,CUST00420,P0116,Tanger,Mobile App,Bank Transfer,2.0,unknown,5.0,DELIVERED,4.0,,TANGER,MOBILE APP,BANK TRANSFER,DELIVERED,2025-03-02,2.0,,5.0,4.0,True,,CUST00420,P0116,False,False,REJECT
ORD029651,2025-05-04,CUST01211,P0050,Fes,Store,Bank Transfer,3.0,1882.56,,DELIVERED,5.0,4.0,FES,STORE,BANK TRANSFER,DELIVERED,2025-05-04,3.0,1882.56,,5.0,False,4.0,CUST01211,P0050,False,False,REJECT
ORD028475,2025-06-14,CUST01345,P0069,Agadir,Mobile App,Cash,,1128.22,0.0,RETURNED,5.0,2.5,AGADIR,MOBILE APP,CASH,RETURNED,2025-06-14,,1128.22,0.0,5.0,False,2.5,CUST01345,P0069,False,False,REJECT
ORD026066,2025-10-26,CUST02798,P0092,Casablanca,Website,Bank Transfer,-1.0,265.87,20.0,CANCELLED,3.0,,CASABLANCA,WEBSITE,BANK TRANSFER,CANCELLED,2025-10-26,,265.87,20.0,3.0,True,,CUST02798,P0092,False,False,REJECT
ORD019468,2025-05-07,CUST00588,P0007,Fes,Marketplace,Wallet,3.0,-25,10.0,CANCELLED,2.0,,FES,MARKETPLACE,WALLET,CANCELLED,2025-05-07,3.0,,10.0,2.0,True,,CUST00588,P0007,False,False,REJECT
ORD001127,02-14-2025,CUST03936,P0119,Casablanca,Marketplace,Bank Transfer,4.0,2160.89,-10.0,RETURNED,7.0,4.0,CASABLANCA,MARKETPLACE,BANK TRANSFER,RETURNED,2025-02-14,4.0,2160.89,,7.0,False,4.0,CUST03936,P0119,False,False,REJECT
ORD026026,2025-02-11,CUST04374,P0097,Kenitra,Mobile App,Wallet,2.0,unknown,15.0,CANCELLED,2.0,,KENITRA,MOBILE APP,WALLET,CANCELLED,2025-02-11,2.0,,15.0,2.0,True,,CUST04374,P0097,False,False,REJECT
ORD025434,2025-06-08,CUST01280,P0077,Marrakech,Mobile App,Bank Transfer,,1144.62,15.0,DELIVERED,3.0,4.4,MARRAKECH,MOBILE APP,BANK TRANSFER,DELIVERED,2025-06-08,,1144.62,15.0,3.0,False,4.4,CUST01280,P0077,False,False,REJECT
ORD023101,05/09/2025,CUST04590,P0058,Kenitra,Store,Wallet,3.0,unknown,15.0,RETURNED,4.0,3.3,KENITRA,STORE,WALLET,RETURNED,2025-09-05,3.0,,15.0,4.0,False,3.3,CUST04590,P0058,False,False,REJECT
ORD008515,2025-04-17,CUST01686,P0009,Tanger,Marketplace,Bank Transfer,2.0,unknown,10.0,PENDING,7.0,,TANGER,MARKETPLACE,BANK TRANSFER,PENDING,2025-04-17,2.0,,10.0,7.0,True,,CUST01686,P0009,False,False,REJECT
ORD026803,2025-12-23,CUST02439,P0002,Kenitra,Mobile App,Cash,1.0,,5.0,RETURNED,6.0,,KENITRA,MOBILE APP,CASH,RETURNED,2025-12-23,1.0,,5.0,6.0,True,,CUST02439,P0002,False,False,REJECT
ORD008574,2025-04-23,,P0032,Casablanca,Store,Cash,1.0,3165.85,,DELIVERED,4.0,3.9,CASABLANCA,STORE,CASH,DELIVERED,2025-04-23,1.0,3165.85,,4.0,False,3.9,UNKNOWN,P0032,False,True,REJECT
ORD014977,2025-07-15,CUST03474,P0084,Rabat,Mobile App,Cash,2.0,-25,0.0,DELIVERED,2.0,4.3,RABAT,MOBILE APP,CASH,DELIVERED,2025-07-15,2.0,,0.0,2.0,False,4.3,CUST03474,P0084,False,False,REJECT
ORD029813,2025-11-13,CUST03052,P0096,Kenitra,Website,Bank Transfer,4.0,1446.99,,DELIVERED,6.0,4.4,KENITRA,WEBSITE,BANK TRANSFER,DELIVERED,2025-11-13,4.0,1446.99,,6.0,False,4.4,CUST03052,P0096,False,False,REJECT
ORD018840,10/04/2025,CUST04637,P0070,Kenitra, Marketplace ,Card,,1754.11,0.0,DELIVERED,4.0,2.7,KENITRA,MARKETPLACE,CARD,DELIVERED,2025-04-10,,1754.11,0.0,4.0,False,2.7,CUST04637,P0070,False,False,REJECT
ORD029489,2025-08-21,CUST02382,P0106,Fes,Mobile App,Cash,2.0,467.18,-10.0,DELIVERED,4.0,3.5,FES,MOBILE APP,CASH,DELIVERED,2025-08-21,2.0,467.18,,4.0,False,3.5,CUST02382,P0106,False,False,REJECT
ORD029065,2025-05-09,CUST00619,P0049,Rabat,Mobile App,Card,4.0,1921.16,105.0,RETURNED,6.0,2.5,RABAT,MOBILE APP,CARD,RETURNED,2025-05-09,4.0,1921.16,,6.0,False,2.5,CUST00619,P0049,False,False,REJECT
ORD018974,16/09/2025,CUST03508,P0084,Fes,Website,Bank Transfer,,251.58,0.0,DELIVERED,1.0,,FES,WEBSITE,BANK TRANSFER,DELIVERED,2025-09-16,,251.58,0.0,1.0,True,,CUST03508,P0084,False,False,REJECT
ORD021102,2025-01-29,CUST02849,P0017,Casablanca,Mobile App,Card,0.0,520.9,15.0,DELIVERED,4.0,2.7,CASABLANCA,MOBILE APP,CARD,DELIVERED,2025-01-29,,520.9,15.0,4.0,False,2.7,CUST02849,P0017,False,False,REJECT
ORD009122,2025-06-13,CUST03092,P0008,Agadir,Website,Wallet,0.0,2609.13,10.0,DELIVERED,4.0,5.0,AGADIR,WEBSITE,WALLET,DELIVERED,2025-06-13,,2609.13,10.0,4.0,False,5.0,CUST03092,P0008,False,False,REJECT
ORD026124,2025-06-11,CUST01687,P0028,Tanger,Website,Wallet,1.0,,10.0,DELIVERED,6.0,,TANGER,WEBSITE,WALLET,DELIVERED,2025-06-11,1.0,,10.0,6.0,True,,CUST01687,P0028,False,False,REJECT
ORD017310,2025-04-04,CUST00911,P0075,Rabat,Marketplace,Wallet,3.0,294.87,,CANCELLED,7.0,,RABAT,MARKETPLACE,WALLET,CANCELLED,2025-04-04,3.0,294.87,,7.0,True,,CUST00911,P0075,False,False,REJECT
ORD009064,2025-05-22,CUST01221,P0020,Rabat,Store,Card,,1819.67,10.0,PENDING,1.0,,RABAT,STORE,CARD,PENDING,2025-05-22,,1819.67,10.0,1.0,True,,CUST01221,P0020,False,False,REJECT
ORD010662,2025-01-09,CUST04488,P0103,Fes,Website,Cash,2.0,-25,5.0,CANCELLED,6.0,,FES,WEBSITE,CASH,CANCELLED,2025-01-09,2.0,,5.0,6.0,True,,CUST04488,P0103,False,False,REJECT
ORD014694,2025-08-01,CUST03482,P0050,Tanger,Mobile App,Bank Transfer,4.0,,5.0,DELIVERED,6.0,4.4,TANGER,MOBILE APP,BANK TRANSFER,DELIVERED,2025-08-01,4.0,,5.0,6.0,False,4.4,CUST03482,P0050,False,False,REJECT
ORD012719,2025-09-16,CUST02237,P0011,Tanger,Website,Cash,5.0,,30.0,PENDING,,,TANGER,WEBSITE,CASH,PENDING,2025-09-16,5.0,,30.0,,True,,CUST02237,P0011,False,False,REJECT
ORD023011,2025-12-13,CUST00828,P0031,Casablanca,Website,Cash,3.0,unknown,20.0,DELIVERED,5.0,4.2,CASABLANCA,WEBSITE,CASH,DELIVERED,2025-12-13,3.0,,20.0,5.0,False,4.2,CUST00828,P0031,False,False,REJECT
ORD025019,2025-11-09,CUST02866,P0038,Marrakech,Marketplace,Cash,4.0,unknown,15.0,RETURNED,8.0,2.4,MARRAKECH,MARKETPLACE,CASH,RETURNED,2025-11-09,4.0,,15.0,8.0,False,2.4,CUST02866,P0038,False,False,REJECT
ORD007741,2025-08-02,CUST00554,P0022,Kenitra,Website,Bank Transfer,2.0,-25,0.0,DELIVERED,2.0,4.6,KENITRA,WEBSITE,BANK TRANSFER,DELIVERED,2025-08-02,2.0,,0.0,2.0,False,4.6,CUST00554,P0022,False,False,REJECT
ORD020465,2025-12-09,CUST04879,P0048,Casablanca,Marketplace,Wallet,0.0,1278.44,0.0,CANCELLED,5.0,,CASABLANCA,MARKETPLACE,WALLET,CANCELLED,2025-12-09,,1278.44,0.0,5.0,True,,CUST04879,P0048,False,False,REJECT
ORD007611,22/04/2025,CUST03537,P0108,Marrakech,Marketplace, Bank Transfer ,1.0,,15.0,CANCELLED,4.0,,MARRAKECH,MARKETPLACE,BANK TRANSFER,CANCELLED,2025-04-22,1.0,,15.0,4.0,True,,CUST03537,P0108,False,False,REJECT
ORD009774,2025-06-23,CUST01128,P0027,Fes,Website,Bank Transfer,3.0,3170.0,105.0,DELIVERED,5.0,4.8,FES,WEBSITE,BANK TRANSFER,DELIVERED,2025-06-23,3.0,3170.0,,5.0,False,4.8,CUST01128,P0027,False,False,REJECT
ORD024432,2025-06-11,CUST00420,P0001,Casablanca,Website,Wallet,1.0,,15.0,DELIVERED,4.0,3.4,CASABLANCA,WEBSITE,WALLET,DELIVERED,2025-06-11,1.0,,15.0,4.0,False,3.4,CUST00420,P0001,False,False,REJECT
ORD013545,03-17-2025,CUST01795,P0054,Casablanca,Website,Card,1.0,2204.11,105.0,DELIVERED,4.0,4.0,CASABLANCA,WEBSITE,CARD,DELIVERED,2025-03-17,1.0,2204.11,,4.0,False,4.0,CUST01795,P0054,False,False,REJECT
ORD010920,04-13-2025,CUST01447,P0023,Rabat,Mobile App,Bank Transfer,1.0,1182.34,-10.0,DELIVERED,5.0,4.7,RABAT,MOBILE APP,BANK TRANSFER,DELIVERED,2025-04-13,1.0,1182.34,,5.0,False,4.7,CUST01447,P0023,False,False,REJECT
ORD020575,2025-12-25,CUST02451,P0011,Tanger,MOBILE APP,Card,3.0,932.25,,DELIVERED,4.0,3.4,TANGER,MOBILE APP,CARD,DELIVERED,2025-12-25,3.0,932.25,,4.0,False,3.4,CUST02451,P0011,False,False,REJECT
ORD004735,06-09-2025,CUST01846,P0065,Casablanca,Marketplace,Bank Transfer,,159.68,30.0,PENDING,2.0,,CASABLANCA,MARKETPLACE,BANK TRANSFER,PENDING,2025-06-09,,159.68,30.0,2.0,True,,CUST01846,P0065,False,False,REJECT
ORD022075,07/11/2025,CUST01826,P0039,Marrakech,Mobile App,Card,-1.0,1678.04,10.0,DELIVERED,7.0,4.8,MARRAKECH,MOBILE APP,CARD,DELIVERED,2025-11-07,,1678.04,10.0,7.0,False,4.8,CUST01826,P0039,False,False,REJECT
ORD022122,2025-01-13,CUST03469,P0021,Kenitra,Mobile App,card,3.0,1704.05,105.0,DELIVERED,3.0,3.7,KENITRA,MOBILE APP,CARD,DELIVERED,2025-01-13,3.0,1704.05,,3.0,False,3.7,CUST03469,P0021,False,False,REJECT
ORD016505,2025-03-01,CUST02725,P0091,Agadir,Marketplace,Wallet,5.0,2333.36,105.0,DELIVERED,4.0,4.6,AGADIR,MARKETPLACE,WALLET,DELIVERED,2025-03-01,5.0,2333.36,,4.0,False,4.6,CUST02725,P0091,False,False,REJECT
ORD014619,2025-10-07,,P0109,Agadir,Marketplace,Wallet,0.0,308.18,10.0,CANCELLED,7.0,,AGADIR,MARKETPLACE,WALLET,CANCELLED,2025-10-07,,308.18,10.0,7.0,True,,UNKNOWN,P0109,False,True,REJECT
ORD025877,2025-10-07,CUST01300,P0043,Casablanca,Store,Card,,1001.38,15.0,CANCELLED,7.0,,CASABLANCA,STORE,CARD,CANCELLED,2025-10-07,,1001.38,15.0,7.0,True,,CUST01300,P0043,False,False,REJECT
ORD005980,2025-07-11,CUST03546,P0093,Tanger,Mobile App,Wallet,0.0,2142.65,5.0,DELIVERED,3.0,,TANGER,MOBILE APP,WALLET,DELIVERED,2025-07-11,,2142.65,5.0,3.0,True,,CUST03546,P0093,False,False,REJECT
ORD019166,2025-10-29,CUST04586,P0026,Marrakech,Website,Card,2.0,,15.0,PENDING,5.0,,MARRAKECH,WEBSITE,CARD,PENDING,2025-10-29,2.0,,15.0,5.0,True,,CUST04586,P0026,False,False,REJECT
ORD007702,2025-10-25,CUST01494,P0013,Kenitra,Website,Bank Transfer,0.0,3175.74,20.0,DELIVERED,4.0,3.7,KENITRA,WEBSITE,BANK TRANSFER,DELIVERED,2025-10-25,,3175.74,20.0,4.0,False,3.7,CUST01494,P0013,False,False,REJECT
ORD009303,2025-11-07,CUST01220,P0004,Tanger,Mobile App,Wallet,1.0,-25,15.0,DELIVERED,4.0,5.0,TANGER,MOBILE APP,WALLET,DELIVERED,2025-11-07,1.0,,15.0,4.0,False,5.0,CUST01220,P0004,False,False,REJECT
ORD003771,2025-07-31,CUST03303,P0082,Fes,Mobile App,Card,,970.2,25.0,DELIVERED,2.0,3.1,FES,MOBILE APP,CARD,DELIVERED,2025-07-31,,970.2,25.0,2.0,False,3.1,CUST03303,P0082,False,False,REJECT
ORD020137,2025-04-02,CUST00527,P0101,Tanger,Store,Cash,3.0,-25,30.0,DELIVERED,7.0,,TANGER,STORE,CASH,DELIVERED,2025-04-02,3.0,,30.0,7.0,True,,CUST00527,P0101,False,False,REJECT
ORD004039,2025-08-06,CUST04346,P0043,Kenitra,Mobile App,Cash,-1.0,944.91,10.0,DELIVERED,2.0,5.0,KENITRA,MOBILE APP,CASH,DELIVERED,2025-08-06,,944.91,10.0,2.0,False,5.0,CUST04346,P0043,False,False,REJECT
ORD011173,2025-12-13,CUST02889,P0090,Marrakech,Marketplace,Bank Transfer,,2190.48,0.0,DELIVERED,4.0,5.0,MARRAKECH,MARKETPLACE,BANK TRANSFER,DELIVERED,2025-12-13,,2190.48,0.0,4.0,False,5.0,CUST02889,P0090,False,False,REJECT
ORD029827,2025-07-01,CUST03050,P0091,Fes,MOBILE APP,Wallet,4.0,,10.0,DELIVERED,-2.0,4.6,FES,MOBILE APP,WALLET,DELIVERED,2025-07-01,4.0,,10.0,,False,4.6,CUST03050,P0091,False,False,REJECT
ORD029439,2025-08-05,CUST00765,P0043,Marrakech,Mobile App,Wallet,,993.66,15.0,DELIVERED,4.0,3.4,MARRAKECH,MOBILE APP,WALLET,DELIVERED,2025-08-05,,993.66,15.0,4.0,False,3.4,CUST00765,P0043,False,False,REJECT
ORD023495,2025-12-21,CUST02992,P0102,Marrakech,Marketplace,Cash,2.0,790.62,105.0,DELIVERED,4.0,5.0,MARRAKECH,MARKETPLACE,CASH,DELIVERED,2025-12-21,2.0,790.62,,4.0,False,5.0,CUST02992,P0102,False,False,REJECT
ORD027320,2025-10-20,CUST00401,P0094,Fes,Mobile App,Bank Transfer,5.0,2399.56,105.0,DELIVERED,2.0,4.3,FES,MOBILE APP,BANK TRANSFER,DELIVERED,2025-10-20,5.0,2399.56,,2.0,False,4.3,CUST00401,P0094,False,False,REJECT
ORD022191,16/04/2025,CUST02088,P0115,Agadir,Website,Cash,1.0,-25,15.0, RETURNED ,3.0,3.5,AGADIR,WEBSITE,CASH,RETURNED,2025-04-16,1.0,,15.0,3.0,False,3.5,CUST02088,P0115,False,False,REJECT
ORD022787,2025-08-15,CUST04374,P0069,Fes,Mobile App,Wallet,1.0,-25,5.0,DELIVERED,2.0,,FES,MOBILE APP,WALLET,DELIVERED,2025-08-15,1.0,,5.0,2.0,True,,CUST04374,P0069,False,False,REJECT
ORD003388,2025-07-23,CUST02475,P0115,Casablanca,Website,Wallet,-1.0,2732.94,5.0,DELIVERED,6.0,3.3,CASABLANCA,WEBSITE,WALLET,DELIVERED,2025-07-23,,2732.94,5.0,6.0,False,3.3,CUST02475,P0115,False,False,REJECT
ORD006062,2025-05-12,CUST00724,P0050,Fes,Website,Cash,1.0,,10.0,RETURNED,3.0,2.7,FES,WEBSITE,CASH,RETURNED,2025-05-12,1.0,,10.0,3.0,False,2.7,CUST00724,P0050,False,False,REJECT
ORD015292,2025-11-01,CUST04068,P0040,Casablanca,Mobile App,Card,1.0,,5.0,PENDING,7.0,,CASABLANCA,MOBILE APP,CARD,PENDING,2025-11-01,1.0,,5.0,7.0,True,,CUST04068,P0040,False,False,REJECT
ORD019037,2025-09-01,CUST04593,P0036,MARRAKECH,Website,Wallet,4.0,,10.0,DELIVERED,2.0,5.0,MARRAKECH,WEBSITE,WALLET,DELIVERED,2025-09-01,4.0,,10.0,2.0,False,5.0,CUST04593,P0036,False,False,REJECT
ORD028765,22/05/2025,CUST02419,P0120,Fes,Marketplace,Cash,1.0,1327.19,105.0,DELIVERED,3.0,3.2,FES,MARKETPLACE,CASH,DELIVERED,2025-05-22,1.0,1327.19,,3.0,False,3.2,CUST02419,P0120,False,False,REJECT
ORD011226,09/06/2025,CUST04748,P0106,Casablanca,Mobile App,Card,2.0,,10.0,DELIVERED,4.0,4.2,CASABLANCA,MOBILE APP,CARD,DELIVERED,2025-06-09,2.0,,10.0,4.0,False,4.2,CUST04748,P0106,False,False,REJECT
ORD014410,2025-06-12,CUST00003,P0038,Rabat,Website,Bank Transfer,2.0,,20.0,DELIVERED,4.0,4.6,RABAT,WEBSITE,BANK TRANSFER,DELIVERED,2025-06-12,2.0,,20.0,4.0,False,4.6,CUST00003,P0038,False,False,REJECT
ORD021494,12-14-2025,CUST04447,P0025,Kenitra,Store,Wallet,-1.0,144.63,25.0,DELIVERED,4.0,4.2,KENITRA,STORE,WALLET,DELIVERED,2025-12-14,,144.63,25.0,4.0,False,4.2,CUST04447,P0025,False,False,REJECT
ORD012757,08/05/2025,CUST04843,P0117,Marrakech,Mobile App,Wallet,,1887.52,0.0,DELIVERED,5.0,3.9,MARRAKECH,MOBILE APP,WALLET,DELIVERED,2025-05-08,,1887.52,0.0,5.0,False,3.9,CUST04843,P0117,False,False,REJECT
ORD009745,2025-04-12,CUST02238,P0065,Agadir,Mobile App,Card,1.0,unknown,25.0,DELIVERED,4.0,4.9,AGADIR,MOBILE APP,CARD,DELIVERED,2025-04-12,1.0,,25.0,4.0,False,4.9,CUST02238,P0065,False,False,REJECT
ORD018366,2025-03-24,CUST01511,P0029,Marrakech,Mobile App,Wallet,,1967.74,0.0,RETURNED,4.0,3.4,MARRAKECH,MOBILE APP,WALLET,RETURNED,2025-03-24,,1967.74,0.0,4.0,False,3.4,CUST01511,P0029,False,False,REJECT
ORD026457,2025-02-18,CUST04179,P0007,Fes,Website,Cash,-1.0,2369.2,15.0,RETURNED,5.0,,FES,WEBSITE,CASH,RETURNED,2025-02-18,,2369.2,15.0,5.0,True,,CUST04179,P0007,False,False,REJECT
ORD016262,2025-10-08,CUST01020,P0071,Agadir,Mobile App,Bank Transfer,0.0,2465.31,10.0,DELIVERED,1.0,4.1,AGADIR,MOBILE APP,BANK TRANSFER,DELIVERED,2025-10-08,,2465.31,10.0,1.0,False,4.1,CUST01020,P0071,False,False,REJECT
ORD020867,2025-11-21,CUST00133,P0048,Agadir,Website,Wallet,1.0,-25,15.0,DELIVERED,7.0,,AGADIR,WEBSITE,WALLET,DELIVERED,2025-11-21,1.0,,15.0,7.0,True,,CUST00133,P0048,False,False,REJECT
ORD027568,2025-08-08,CUST02898,P0098,Marrakech,Mobile App,Wallet,3.0,unknown,15.0,DELIVERED,3.0,5.0,MARRAKECH,MOBILE APP,WALLET,DELIVERED,2025-08-08,3.0,,15.0,3.0,False,5.0,CUST02898,P0098,False,False,REJECT
ORD000688,03/04/2025,CUST03285,P0027,Kenitra,Mobile App,Cash,,3163.42,5.0,DELIVERED,6.0,3.9,KENITRA,MOBILE APP,CASH,DELIVERED,2025-04-03,,3163.42,5.0,6.0,False,3.9,CUST03285,P0027,False,False,REJECT
ORD009368,2025-10-10,CUST04416,P0001,Kenitra,Store,Wallet,0.0,128.08,5.0,DELIVERED,7.0,2.6,KENITRA,STORE,WALLET,DELIVERED,2025-10-10,,128.08,5.0,7.0,False,2.6,CUST04416,P0001,False,False,REJECT
ORD009202,2025-06-19,CUST04633,P0031,Rabat,Marketplace, Wallet ,2.0,-25,15.0,DELIVERED,5.0,3.5,RABAT,MARKETPLACE,WALLET,DELIVERED,2025-06-19,2.0,,15.0,5.0,False,3.5,CUST04633,P0031,False,False,REJECT
ORD013767,2025-02-28,CUST01616,P0023,Rabat,Mobile App,Cash,1.0,-25,10.0,DELIVERED,2.0,,RABAT,MOBILE APP,CASH,DELIVERED,2025-02-28,1.0,,10.0,2.0,True,,CUST01616,P0023,False,False,REJECT
ORD027089,2025-04-21,CUST03578,P0096,Kenitra,Store,Card,2.0,unknown,5.0,DELIVERED,6.0,,KENITRA,STORE,CARD,DELIVERED,2025-04-21,2.0,,5.0,6.0,True,,CUST03578,P0096,False,False,REJECT
ORD016907,01/05/2025,CUST03853,P0088,Agadir,Marketplace,Card,,2292.64,20.0,DELIVERED,4.0,3.6,AGADIR,MARKETPLACE,CARD,DELIVERED,2025-05-01,,2292.64,20.0,4.0,False,3.6,CUST03853,P0088,False,False,REJECT
ORD019106,2025-04-09,CUST00751,P0017,Rabat,Store,Bank Transfer,2.0,547.73,,CANCELLED,2.0,,RABAT,STORE,BANK TRANSFER,CANCELLED,2025-04-09,2.0,547.73,,2.0,True,,CUST00751,P0017,False,False,REJECT
ORD015401,08-24-2025,CUST01800,P0077,Fes,Mobile App,Card,3.0,unknown,10.0,CANCELLED,5.0,,FES,MOBILE APP,CARD,CANCELLED,2025-08-24,3.0,,10.0,5.0,True,,CUST01800,P0077,False,False,REJECT
ORD002768,2025-03-25,CUST00927,P0081,Fes,Store,Card,0.0,1155.78,5.0,CANCELLED,4.0,,FES,STORE,CARD,CANCELLED,2025-03-25,,1155.78,5.0,4.0,True,,CUST00927,P0081,False,False,REJECT
ORD021392,01-30-2025,CUST02994,P0031,Tanger,Website,Wallet,4.0,1389.49,,DELIVERED,6.0,,TANGER,WEBSITE,WALLET,DELIVERED,2025-01-30,4.0,1389.49,,6.0,True,,CUST02994,P0031,False,False,REJECT
ORD025112,2025-06-27,CUST04943,P0104,Fes,Website,Card,1.0,1633.11,,DELIVERED,3.0,3.8,FES,WEBSITE,CARD,DELIVERED,2025-06-27,1.0,1633.11,,3.0,False,3.8,CUST04943,P0104,False,False,REJECT
ORD020139,2025-10-29,CUST01245,P0095,Agadir,Mobile App,Wallet,6.0,,25.0,PENDING,5.0,,AGADIR,MOBILE APP,WALLET,PENDING,2025-10-29,6.0,,25.0,5.0,True,,CUST01245,P0095,False,False,REJECT
ORD001304,2025-07-10,CUST01981,P0088,fes,Store,Wallet,3.0,2209.83,105.0,DELIVERED,7.0,3.9,FES,STORE,WALLET,DELIVERED,2025-07-10,3.0,2209.83,,7.0,False,3.9,CUST01981,P0088,False,False,REJECT
ORD026022,2025-08-25,CUST04413,P0028,Marrakech,Mobile App,Bank Transfer,4.0,-25,10.0,DELIVERED,5.0,,MARRAKECH,MOBILE APP,BANK TRANSFER,DELIVERED,2025-08-25,4.0,,10.0,5.0,True,,CUST04413,P0028,False,False,REJECT
ORD020182,2025-09-27,CUST04908,P0072,Fes,Store,Cash,1.0,,0.0,CANCELLED,3.0,,FES,STORE,CASH,CANCELLED,2025-09-27,1.0,,0.0,3.0,True,,CUST04908,P0072,False,False,REJECT
ORD022070,2025-03-26,CUST01178,P0043,Marrakech,Store,Bank Transfer,,1039.52,10.0,DELIVERED,3.0,,MARRAKECH,STORE,BANK TRANSFER,DELIVERED,2025-03-26,,1039.52,10.0,3.0,True,,CUST01178,P0043,False,False,REJECT
ORD016808,2025-12-26,CUST02925,P0007,Fes,Website,Cash,4.0,2145.6,,CANCELLED,5.0,,FES,WEBSITE,CASH,CANCELLED,2025-12-26,4.0,2145.6,,5.0,True,,CUST02925,P0007,False,False,REJECT
ORD000493,2025-04-01,CUST01846,P0022,Kenitra,Store,Cash,-1.0,781.98,20.0,DELIVERED,2.0,3.6,KENITRA,STORE,CASH,DELIVERED,2025-04-01,,781.98,20.0,2.0,False,3.6,CUST01846,P0022,False,False,REJECT
ORD002332,03/01/2025,CUST02529,P0059,Fes,Mobile App,Bank Transfer,3.0,,0.0,DELIVERED,2.0,,FES,MOBILE APP,BANK TRANSFER,DELIVERED,2025-01-03,3.0,,0.0,2.0,True,,CUST02529,P0059,False,False,REJECT
ORD014215,2025-05-03,CUST02954,P0070,Agadir,Marketplace,Wallet,2.0,1864.59,,CANCELLED,4.0,,AGADIR,MARKETPLACE,WALLET,CANCELLED,2025-05-03,2.0,1864.59,,4.0,True,,CUST02954,P0070,False,False,REJECT
ORD002909,2025-04-13,CUST01684,P0085,Casablanca,Marketplace,Card,1.0,unknown,0.0,CANCELLED,2.0,,CASABLANCA,MARKETPLACE,CARD,CANCELLED,2025-04-13,1.0,,0.0,2.0,True,,CUST01684,P0085,False,False,REJECT
ORD002328,2025-01-22,CUST00184,P0111,Casablanca,Marketplace,Bank Transfer,2.0,2743.84,,DELIVERED,4.0,,CASABLANCA,MARKETPLACE,BANK TRANSFER,DELIVERED,2025-01-22,2.0,2743.84,,4.0,True,,CUST00184,P0111,False,False,REJECT
ORD017692,26/04/2025,,P0106,Marrakech, Store ,Bank Transfer,,515.68,15.0, DELIVERED ,3.0,4.6,MARRAKECH,STORE,BANK TRANSFER,DELIVERED,2025-04-26,,515.68,15.0,3.0,False,4.6,UNKNOWN,P0106,False,True,REJECT
ORD009798,2025-08-24,CUST03594,P0051,Kenitra,Marketplace,Cash,0.0,1703.46,10.0,DELIVERED,6.0,,KENITRA,MARKETPLACE,CASH,DELIVERED,2025-08-24,,1703.46,10.0,6.0,True,,CUST03594,P0051,False,False,REJECT
ORD001229,2025-12-02,CUST00824,P0104, Casablanca ,Store,Wallet,,1733.68,20.0,DELIVERED,4.0,4.0,CASABLANCA,STORE,WALLET,DELIVERED,2025-12-02,,1733.68,20.0,4.0,False,4.0,CUST00824,P0104,False,False,REJECT
ORD015315,2025-03-19,CUST02501,P0007,Marrakech,Store,Bank Transfer,6.0,2125.57,,PENDING,4.0,,MARRAKECH,STORE,BANK TRANSFER,PENDING,2025-03-19,6.0,2125.57,,4.0,True,,CUST02501,P0007,False,False,REJECT
ORD000411,2025-04-05,CUST01410,P0061,Kenitra,Marketplace,Card,,1478.75,15.0,DELIVERED,6.0,4.2,KENITRA,MARKETPLACE,CARD,DELIVERED,2025-04-05,,1478.75,15.0,6.0,False,4.2,CUST01410,P0061,False,False,REJECT
ORD021611,2025-09-11,CUST04251,P0042,Rabat,Mobile App,Card,0.0,437.4,15.0,DELIVERED,5.0,4.1,RABAT,MOBILE APP,CARD,DELIVERED,2025-09-11,,437.4,15.0,5.0,False,4.1,CUST04251,P0042,False,False,REJECT
ORD026873,2025-08-26,CUST00926,P0015,Tanger,Marketplace,Card,2.0,,15.0,DELIVERED,5.0,,TANGER,MARKETPLACE,CARD,DELIVERED,2025-08-26,2.0,,15.0,5.0,True,,CUST00926,P0015,False,False,REJECT
ORD029325,2025-08-10,CUST01292,P0077,Fes,Mobile App,Cash,,1164.75,20.0,CANCELLED,4.0,,FES,MOBILE APP,CASH,CANCELLED,2025-08-10,,1164.75,20.0,4.0,True,,CUST01292,P0077,False,False,REJECT
ORD001090,2025-03-16,,P0066,Marrakech,Store,Wallet,3.0,,20.0,DELIVERED,4.0,4.2,MARRAKECH,STORE,WALLET,DELIVERED,2025-03-16,3.0,,20.0,4.0,False,4.2,UNKNOWN,P0066,False,True,REJECT
ORD021255,2025-04-29,CUST00725,P0001,Tanger,Store,Card,,128.33,10.0,CANCELLED,3.0,,TANGER,STORE,CARD,CANCELLED,2025-04-29,,128.33,10.0,3.0,True,,CUST00725,P0001,False,False,REJECT
ORD022574,2025-09-01,CUST00511,P0001,Marrakech,Website,Card,6.0,119.87,105.0,RETURNED,9.0,2.5,MARRAKECH,WEBSITE,CARD,RETURNED,2025-09-01,6.0,119.87,,9.0,False,2.5,CUST00511,P0001,False,False,REJECT
ORD000322,2025-09-01,CUST04240,P0071,Fes,Marketplace,CARD,-1.0,2311.1,15.0,DELIVERED,6.0,,FES,MARKETPLACE,CARD,DELIVERED,2025-09-01,,2311.1,15.0,6.0,True,,CUST04240,P0071,False,False,REJECT
ORD007351,2025-05-23,CUST04551,P0074,Fes,Website,Bank Transfer,4.0,85.64,105.0,DELIVERED,-2.0,,FES,WEBSITE,BANK TRANSFER,DELIVERED,2025-05-23,4.0,85.64,,,True,,CUST04551,P0074,False,False,REJECT
ORD025302,06-12-2025,CUST03904,P0080,Agadir,Mobile App,Wallet,-1.0,2380.27,10.0,DELIVERED,4.0,4.8,AGADIR,MOBILE APP,WALLET,DELIVERED,2025-06-12,,2380.27,10.0,4.0,False,4.8,CUST03904,P0080,False,False,REJECT
ORD022542,31/03/2025,CUST03359,P0073,Marrakech,Mobile App,Cash,,1204.67,0.0,DELIVERED,6.0,,MARRAKECH,MOBILE APP,CASH,DELIVERED,2025-03-31,,1204.67,0.0,6.0,True,,CUST03359,P0073,False,False,REJECT
ORD017532,2025-05-13,CUST04973,P0094,Kenitra,Marketplace,Cash,4.0,2202.86,,CANCELLED,4.0,,KENITRA,MARKETPLACE,CASH,CANCELLED,2025-05-13,4.0,2202.86,,4.0,True,,CUST04973,P0094,False,False,REJECT
ORD016351,2025-01-21,CUST04954,P0035,Fes,Mobile App,Card,2.0,-25,15.0,DELIVERED,4.0,,FES,MOBILE APP,CARD,DELIVERED,2025-01-21,2.0,,15.0,4.0,True,,CUST04954,P0035,False,False,REJECT
ORD026866,2025-10-08,CUST04928,P0026,Rabat,Store,Wallet,1.0,,10.0,PENDING,5.0,,RABAT,STORE,WALLET,PENDING,2025-10-08,1.0,,10.0,5.0,True,,CUST04928,P0026,False,False,REJECT
ORD011112,26/03/2025,CUST02120,P0107,Casablanca,Marketplace,Cash,2.0,-25,0.0,CANCELLED,4.0,,CASABLANCA,MARKETPLACE,CASH,CANCELLED,2025-03-26,2.0,,0.0,4.0,True,,CUST02120,P0107,False,False,REJECT
ORD024189,11-15-2025,CUST02613,P0058,Kenitra,Mobile App,Bank Transfer,2.0,,10.0,PENDING,5.0,,KENITRA,MOBILE APP,BANK TRANSFER,PENDING,2025-11-15,2.0,,10.0,5.0,True,,CUST02613,P0058,False,False,REJECT
ORD006431,2025-09-07,CUST00037,P0013,Casablanca,Store,Card,3.0,,0.0,DELIVERED,6.0,,CASABLANCA,STORE,CARD,DELIVERED,2025-09-07,3.0,,0.0,6.0,True,,CUST00037,P0013,False,False,REJECT
ORD023442,2025-10-26,CUST04749,P0021,Marrakech,Marketplace,Bank Transfer,3.0,1578.14,,DELIVERED,4.0,5.0,MARRAKECH,MARKETPLACE,BANK TRANSFER,DELIVERED,2025-10-26,3.0,1578.14,,4.0,False,5.0,CUST04749,P0021,False,False,REJECT
ORD008202,2025-05-11,,P0099,Fes,Mobile App,Bank Transfer,3.0,1145.5,105.0,DELIVERED,5.0,,FES,MOBILE APP,BANK TRANSFER,DELIVERED,2025-05-11,3.0,1145.5,,5.0,True,,UNKNOWN,P0099,False,True,REJECT
ORD021018,2025-09-22,CUST03562,P0076,Tanger,Website,Cash,2.0,unknown,0.0,CANCELLED,2.0,,TANGER,WEBSITE,CASH,CANCELLED,2025-09-22,2.0,,0.0,2.0,True,,CUST03562,P0076,False,False,REJECT
ORD023366,2025-07-02,CUST00165,P0063,Fes,Store,Cash,5.0,unknown,5.0,DELIVERED,5.0,4.1,FES,STORE,CASH,DELIVERED,2025-07-02,5.0,,5.0,5.0,False,4.1,CUST00165,P0063,False,False,REJECT
ORD020816,24/09/2025,CUST03160,P0113,Kenitra,Store,Wallet,,2910.04,5.0,DELIVERED,4.0,2.5,KENITRA,STORE,WALLET,DELIVERED,2025-09-24,,2910.04,5.0,4.0,False,2.5,CUST03160,P0113,False,False,REJECT
ORD000633,2025-07-28,CUST03546,P0049,Tanger,Website,Wallet,1.0,1815.35,105.0,DELIVERED,3.0,4.7,TANGER,WEBSITE,WALLET,DELIVERED,2025-07-28,1.0,1815.35,,3.0,False,4.7,CUST03546,P0049,False,False,REJECT
ORD011809,2025-01-20,CUST02212,P0064,Tanger,Marketplace,Wallet,5.0,unknown,20.0,CANCELLED,4.0,,TANGER,MARKETPLACE,WALLET,CANCELLED,2025-01-20,5.0,,20.0,4.0,True,,CUST02212,P0064,False,False,REJECT
ORD011022,2025-01-12,CUST00542,P0120,Kenitra,Mobile App,Bank Transfer,5.0,1214.56,105.0,DELIVERED,5.0,3.6,KENITRA,MOBILE APP,BANK TRANSFER,DELIVERED,2025-01-12,5.0,1214.56,,5.0,False,3.6,CUST00542,P0120,False,False,REJECT
ORD029495,2025-03-15,CUST02791,P0012,Rabat,Store,Card,4.0,,25.0,DELIVERED,5.0,3.3,RABAT,STORE,CARD,DELIVERED,2025-03-15,4.0,,25.0,5.0,False,3.3,CUST02791,P0012,False,False,REJECT
ORD012878,2025-09-03,CUST03742,P0053,Kenitra,Mobile App,Wallet,1.0,-25,,DELIVERED,4.0,4.0,KENITRA,MOBILE APP,WALLET,DELIVERED,2025-09-03,1.0,,,4.0,False,4.0,CUST03742,P0053,False,False,REJECT
ORD004599,05-26-2025,CUST00314,P0089,Rabat,Website,Wallet,,3336.07,15.0,DELIVERED,6.0,,RABAT,WEBSITE,WALLET,DELIVERED,2025-05-26,,3336.07,15.0,6.0,True,,CUST00314,P0089,False,False,REJECT
ORD011045,2025-05-18,CUST03750,P0006,Agadir,Website,Wallet,0.0,1081.66,30.0,DELIVERED,4.0,4.5,AGADIR,WEBSITE,WALLET,DELIVERED,2025-05-18,,1081.66,30.0,4.0,False,4.5,CUST03750,P0006,False,False,REJECT
ORD027433,2025-02-08,CUST00146,P0045,Agadir,Marketplace,Bank Transfer,1.0,,25.0,PENDING,3.0,,AGADIR,MARKETPLACE,BANK TRANSFER,PENDING,2025-02-08,1.0,,25.0,3.0,True,,CUST00146,P0045,False,False,REJECT
ORD008437,2025-06-23,CUST00040,P0050,Agadir,Mobile App,Cash,3.0,1776.08,105.0,DELIVERED,5.0,,AGADIR,MOBILE APP,CASH,DELIVERED,2025-06-23,3.0,1776.08,,5.0,True,,CUST00040,P0050,False,False,REJECT
ORD022369,2025-11-13,CUST03614,P0013,Marrakech,Mobile App,Card,1.0,3296.19,-10.0,PENDING,3.0,,MARRAKECH,MOBILE APP,CARD,PENDING,2025-11-13,1.0,3296.19,,3.0,True,,CUST03614,P0013,False,False,REJECT
ORD020488,2025-10-18,CUST00156,P0021,Tanger,Website,Bank Transfer,1.0,1597.81,105.0,DELIVERED,3.0,,TANGER,WEBSITE,BANK TRANSFER,DELIVERED,2025-10-18,1.0,1597.81,,3.0,True,,CUST00156,P0021,False,False,REJECT
ORD007530,2025-04-06,CUST03955,P0002,Kenitra,Store, Bank Transfer ,4.0,,10.0,DELIVERED,5.0,3.7,KENITRA,STORE,BANK TRANSFER,DELIVERED,2025-04-06,4.0,,10.0,5.0,False,3.7,CUST03955,P0002,False,False,REJECT
ORD026013,08/02/2025,CUST04903,P0073,Tanger,Mobile App,Card,5.0,1191.35,-10.0,DELIVERED,6.0,3.2,TANGER,MOBILE APP,CARD,DELIVERED,2025-02-08,5.0,1191.35,,6.0,False,3.2,CUST04903,P0073,False,False,REJECT
ORD011944,2025-11-26,CUST02981,P0108,Agadir, Mobile App ,Bank Transfer,2.0,1950.89,105.0,DELIVERED,6.0,,AGADIR,MOBILE APP,BANK TRANSFER,DELIVERED,2025-11-26,2.0,1950.89,,6.0,True,,CUST02981,P0108,False,False,REJECT
ORD029179,2025-08-22,CUST03312,P0055,Marrakech,Store,Wallet,2.0,-25,15.0,RETURNED,4.0,3.0,MARRAKECH,STORE,WALLET,RETURNED,2025-08-22,2.0,,15.0,4.0,False,3.0,CUST03312,P0055,False,False,REJECT
ORD024900,2025-01-16,CUST03675,P0073,Fes,Website,Card,6.0,1305.8,105.0,DELIVERED,2.0,,FES,WEBSITE,CARD,DELIVERED,2025-01-16,6.0,1305.8,,2.0,True,,CUST03675,P0073,False,False,REJECT
ORD012098,2025-11-29,CUST04645,P0072,Kenitra,Marketplace,Wallet,1.0,1622.35,,DELIVERED,4.0,2.9,KENITRA,MARKETPLACE,WALLET,DELIVERED,2025-11-29,1.0,1622.35,,4.0,False,2.9,CUST04645,P0072,False,False,REJECT
ORD009184,19/09/2025,CUST02671,P0014,Rabat,Mobile App,Cash,1.0,unknown,15.0,PENDING,7.0,,RABAT,MOBILE APP,CASH,PENDING,2025-09-19,1.0,,15.0,7.0,True,,CUST02671,P0014,False,False,REJECT
ORD021735,2025-07-28,CUST02508,P0120,Agadir,Store,Bank Transfer,0.0,1227.23,0.0,CANCELLED,6.0,,AGADIR,STORE,BANK TRANSFER,CANCELLED,2025-07-28,,1227.23,0.0,6.0,True,,CUST02508,P0120,False,False,REJECT
ORD027046,2025-10-25,CUST03730,P0116,Casablanca,Store,Card,-1.0,1430.91,5.0,CANCELLED,5.0,,CASABLANCA,STORE,CARD,CANCELLED,2025-10-25,,1430.91,5.0,5.0,True,,CUST03730,P0116,False,False,REJECT
ORD015245,02-12-2025,CUST04701,P0055,Tanger,Store,Bank Transfer,3.0,3101.24,-10.0,DELIVERED,5.0,5.0,TANGER,STORE,BANK TRANSFER,DELIVERED,2025-02-12,3.0,3101.24,,5.0,False,5.0,CUST04701,P0055,False,False,REJECT
ORD029743,2025-09-23,CUST02198,P0114,Marrakech,Store,Bank Transfer,1.0,2284.36,105.0,PENDING,3.0,,MARRAKECH,STORE,BANK TRANSFER,PENDING,2025-09-23,1.0,2284.36,,3.0,True,,CUST02198,P0114,False,False,REJECT
ORD029239,2025-06-08,CUST00426,P0010,Marrakech,Marketplace,Cash,,2364.75,10.0,DELIVERED,6.0,,MARRAKECH,MARKETPLACE,CASH,DELIVERED,2025-06-08,,2364.75,10.0,6.0,True,,CUST00426,P0010,False,False,REJECT
ORD004880,2025-10-26,CUST05000,P0096,Casablanca,Mobile App,Card,1.0,-25,5.0,DELIVERED,6.0,,CASABLANCA,MOBILE APP,CARD,DELIVERED,2025-10-26,1.0,,5.0,6.0,True,,CUST05000,P0096,False,False,REJECT
ORD008152,2025-10-21,CUST03667,P0105,Casablanca,Store,Card,6.0,,15.0,CANCELLED,8.0,,CASABLANCA,STORE,CARD,CANCELLED,2025-10-21,6.0,,15.0,8.0,True,,CUST03667,P0105,False,False,REJECT
ORD022393,2025-06-23,CUST04122,P0107,Kenitra,Marketplace,Wallet,,1178.24,30.0,DELIVERED,4.0,4.9,KENITRA,MARKETPLACE,WALLET,DELIVERED,2025-06-23,,1178.24,30.0,4.0,False,4.9,CUST04122,P0107,False,False,REJECT
ORD015174,2025-04-26,CUST02519,P0031,Casablanca,Website,Wallet,1.0,1319.44,-10.0,DELIVERED,6.0,3.5,CASABLANCA,WEBSITE,WALLET,DELIVERED,2025-04-26,1.0,1319.44,,6.0,False,3.5,CUST02519,P0031,False,False,REJECT
ORD021946,2025-01-12,,P0105,Fes,Mobile App,Bank Transfer,,2151.35,15.0,RETURNED,7.0,,FES,MOBILE APP,BANK TRANSFER,RETURNED,2025-01-12,,2151.35,15.0,7.0,True,,UNKNOWN,P0105,False,True,REJECT
ORD005511,2025-02-15,CUST00641,P0049,Agadir,Store,Cash,3.0,unknown,15.0,PENDING,6.0,,AGADIR,STORE,CASH,PENDING,2025-02-15,3.0,,15.0,6.0,True,,CUST00641,P0049,False,False,REJECT
ORD020300,2025-01-07,CUST01455,P0115,Casablanca,Marketplace,Wallet,,2708.42,0.0,DELIVERED,5.0,4.3,CASABLANCA,MARKETPLACE,WALLET,DELIVERED,2025-01-07,,2708.42,0.0,5.0,False,4.3,CUST01455,P0115,False,False,REJECT
ORD001967,2025-03-21,CUST01115,P0011,Kenitra,Website,Wallet,,1005.81,15.0,PENDING,2.0,,KENITRA,WEBSITE,WALLET,PENDING,2025-03-21,,1005.81,15.0,2.0,True,,CUST01115,P0011,False,False,REJECT
ORD005569,2025-11-04,CUST04860,P0042,Kenitra,Mobile App,Wallet,1.0,-25,10.0,DELIVERED,3.0,,KENITRA,MOBILE APP,WALLET,DELIVERED,2025-11-04,1.0,,10.0,3.0,True,,CUST04860,P0042,False,False,REJECT
ORD016904,2025-05-15,CUST02606,P0001,Agadir,Mobile App,Cash,2.0,123.89,105.0,DELIVERED,2.0,3.7,AGADIR,MOBILE APP,CASH,DELIVERED,2025-05-15,2.0,123.89,,2.0,False,3.7,CUST02606,P0001,False,False,REJECT
ORD027526,2025-12-22,CUST01541,P0064,Casablanca,Marketplace,Wallet,,2504.74,10.0,DELIVERED,5.0,4.1,CASABLANCA,MARKETPLACE,WALLET,DELIVERED,2025-12-22,,2504.74,10.0,5.0,False,4.1,CUST01541,P0064,False,False,REJECT
ORD023423,2025-06-12,CUST03629,P0004,Tanger,Website,Bank Transfer,1.0,,5.0,RETURNED,4.0,3.1,TANGER,WEBSITE,BANK TRANSFER,RETURNED,2025-06-12,1.0,,5.0,4.0,False,3.1,CUST03629,P0004,False,False,REJECT
ORD028726,2025-06-08,CUST04819,P0068,Rabat,Mobile App,Wallet,1.0,2909.17,-10.0,DELIVERED,1.0,3.8,RABAT,MOBILE APP,WALLET,DELIVERED,2025-06-08,1.0,2909.17,,1.0,False,3.8,CUST04819,P0068,False,False,REJECT
ORD012261,2025-12-03,CUST00541,P0021,Tanger,Website,Bank Transfer,1.0,,0.0,DELIVERED,1.0,,TANGER,WEBSITE,BANK TRANSFER,DELIVERED,2025-12-03,1.0,,0.0,1.0,True,,CUST00541,P0021,False,False,REJECT
ORD028262,2025-01-21,CUST04724,P0035,Rabat,Mobile App,Wallet,0.0,1802.46,10.0,DELIVERED,5.0,,RABAT,MOBILE APP,WALLET,DELIVERED,2025-01-21,,1802.46,10.0,5.0,True,,CUST04724,P0035,False,False,REJECT
ORD004457,2025-09-12,CUST02112,P0103,Casablanca,Website,Bank Transfer,2.0,unknown,0.0,CANCELLED,5.0,,CASABLANCA,WEBSITE,BANK TRANSFER,CANCELLED,2025-09-12,2.0,,0.0,5.0,True,,CUST02112,P0103,False,False,REJECT
ORD026906,2025-08-04,CUST00721,P0069,Tanger,Store,Cash,0.0,1061.24,15.0,DELIVERED,3.0,,TANGER,STORE,CASH,DELIVERED,2025-08-04,,1061.24,15.0,3.0,True,,CUST00721,P0069,False,False,REJECT
ORD029048,2025-03-10,CUST01232,P0108,Agadir,Mobile App,Wallet,2.0,1874.9,105.0,DELIVERED,5.0,,AGADIR,MOBILE APP,WALLET,DELIVERED,2025-03-10,2.0,1874.9,,5.0,True,,CUST01232,P0108,False,False,REJECT
ORD000412,2025-12-16,CUST02366,P0061,Agadir,Mobile App,Bank Transfer,2.0,-25,10.0,PENDING,6.0,,AGADIR,MOBILE APP,BANK TRANSFER,PENDING,2025-12-16,2.0,,10.0,6.0,True,,CUST02366,P0061,False,False,REJECT
ORD001755,2025-12-10,CUST00561,P0052,Rabat,Mobile App,Wallet,2.0,1302.23,-10.0,DELIVERED,8.0,4.9,RABAT,MOBILE APP,WALLET,DELIVERED,2025-12-10,2.0,1302.23,,8.0,False,4.9,CUST00561,P0052,False,False,REJECT
ORD003371,2025-03-10,CUST01985,P0072,Rabat,Marketplace,Card,2.0,,0.0,DELIVERED,7.0,3.7,RABAT,MARKETPLACE,CARD,DELIVERED,2025-03-10,2.0,,0.0,7.0,False,3.7,CUST01985,P0072,False,False,REJECT
ORD017895,2025-02-01,CUST00917,P0097,Marrakech,Website,Bank Transfer,,79.26,0.0,DELIVERED,7.0,,MARRAKECH,WEBSITE,BANK TRANSFER,DELIVERED,2025-02-01,,79.26,0.0,7.0,True,,CUST00917,P0097,False,False,REJECT
ORD012147,2025-01-07,CUST01652,P0021,Kenitra,Mobile App,Bank Transfer,-1.0,1717.32,5.0,CANCELLED,4.0,,KENITRA,MOBILE APP,BANK TRANSFER,CANCELLED,2025-01-07,,1717.32,5.0,4.0,True,,CUST01652,P0021,False,False,REJECT
ORD013002,2025-01-26,CUST04518,P0033,Marrakech,Website,Wallet,,1771.42,5.0,CANCELLED,3.0,,MARRAKECH,WEBSITE,WALLET,CANCELLED,2025-01-26,,1771.42,5.0,3.0,True,,CUST04518,P0033,False,False,REJECT
ORD012984,2025-12-07,CUST00283,P0111,Fes,Website,Card,6.0,2626.63,105.0,DELIVERED,9.0,,FES,WEBSITE,CARD,DELIVERED,2025-12-07,6.0,2626.63,,9.0,True,,CUST00283,P0111,False,False,REJECT
ORD007229,2025-12-27,CUST01954,P0112,Tanger,Marketplace,Cash,5.0,,5.0,PENDING,4.0,,TANGER,MARKETPLACE,CASH,PENDING,2025-12-27,5.0,,5.0,4.0,True,,CUST01954,P0112,False,False,REJECT
ORD008620,2025-03-18,CUST01905,P0044,Casablanca,Store,Bank Transfer,4.0,unknown,20.0,RETURNED,4.0,,CASABLANCA,STORE,BANK TRANSFER,RETURNED,2025-03-18,4.0,,20.0,4.0,True,,CUST01905,P0044,False,False,REJECT
ORD008068,2025-05-29,CUST00828,P0046,Fes,Website,Card,3.0,1904.39,-10.0,DELIVERED,5.0,5.0,FES,WEBSITE,CARD,DELIVERED,2025-05-29,3.0,1904.39,,5.0,False,5.0,CUST00828,P0046,False,False,REJECT
ORD014938,2025-11-05,CUST02149,P0051,Casablanca,Mobile App,Card,6.0,unknown,30.0,DELIVERED,2.0,3.6,CASABLANCA,MOBILE APP,CARD,DELIVERED,2025-11-05,6.0,,30.0,2.0,False,3.6,CUST02149,P0051,False,False,REJECT
ORD017978,2025-03-10,CUST03352,P0051,Marrakech,Mobile App,Bank Transfer,3.0,1671.93,,DELIVERED,5.0,4.1,MARRAKECH,MOBILE APP,BANK TRANSFER,DELIVERED,2025-03-10,3.0,1671.93,,5.0,False,4.1,CUST03352,P0051,False,False,REJECT
ORD014669,2025-08-08,CUST02339,P0087,Agadir,Website,Cash,1.0,870.09,-10.0,DELIVERED,5.0,5.0,AGADIR,WEBSITE,CASH,DELIVERED,2025-08-08,1.0,870.09,,5.0,False,5.0,CUST02339,P0087,False,False,REJECT
ORD011765,2025-06-17,CUST02024,P0071,Marrakech,Mobile App,Bank Transfer,3.0,2462.24,,PENDING,6.0,,MARRAKECH,MOBILE APP,BANK TRANSFER,PENDING,2025-06-17,3.0,2462.24,,6.0,True,,CUST02024,P0071,False,False,REJECT
ORD003317,2025-06-09,CUST01228,P0110,Marrakech,Store,Bank Transfer,,2416.65,0.0,CANCELLED,6.0,,MARRAKECH,STORE,BANK TRANSFER,CANCELLED,2025-06-09,,2416.65,0.0,6.0,True,,CUST01228,P0110,False,False,REJECT
ORD028385,2025-08-17,CUST01514,P0061,Fes,Website,Cash,1.0,1409.76,,DELIVERED,4.0,3.9,FES,WEBSITE,CASH,DELIVERED,2025-08-17,1.0,1409.76,,4.0,False,3.9,CUST01514,P0061,False,False,REJECT
ORD012438,2025-05-03,CUST03859,P0086,Marrakech,Marketplace,Card,-1.0,804.87,0.0,DELIVERED,4.0,4.7,MARRAKECH,MARKETPLACE,CARD,DELIVERED,2025-05-03,,804.87,0.0,4.0,False,4.7,CUST03859,P0086,False,False,REJECT
ORD003578,2025-06-05,CUST02037,P0069,Agadir,Store,Card,6.0,1129.4,,DELIVERED,1.0,5.0,AGADIR,STORE,CARD,DELIVERED,2025-06-05,6.0,1129.4,,1.0,False,5.0,CUST02037,P0069,False,False,REJECT
ORD011901,2025-01-23,CUST02083,P0083,Marrakech,Store,Bank Transfer,3.0,1864.16,105.0,CANCELLED,4.0,,MARRAKECH,STORE,BANK TRANSFER,CANCELLED,2025-01-23,3.0,1864.16,,4.0,True,,CUST02083,P0083,False,False,REJECT
ORD002694,2025-06-14,CUST00499,P0006, Kenitra ,Store,Wallet,-1.0,1045.38,10.0,CANCELLED,2.0,,KENITRA,STORE,WALLET,CANCELLED,2025-06-14,,1045.38,10.0,2.0,True,,CUST00499,P0006,False,False,REJECT
ORD009524,2025-09-18,CUST02363,P0010,Tanger,website,Bank Transfer,4.0,unknown,10.0,DELIVERED,4.0,4.4,TANGER,WEBSITE,BANK TRANSFER,DELIVERED,2025-09-18,4.0,,10.0,4.0,False,4.4,CUST02363,P0010,False,False,REJECT
ORD019051,02-21-2025,CUST03654,P0117,Kenitra,Store,Card,0.0,1891.55,25.0,PENDING,3.0,,KENITRA,STORE,CARD,PENDING,2025-02-21,,1891.55,25.0,3.0,True,,CUST03654,P0117,False,False,REJECT
ORD024374,2025-09-04,CUST03470,P0009,Fes,Mobile App,bank transfer,0.0,172.66,0.0,DELIVERED,7.0,4.1,FES,MOBILE APP,BANK TRANSFER,DELIVERED,2025-09-04,,172.66,0.0,7.0,False,4.1,CUST03470,P0009,False,False,REJECT
ORD013003,2025-12-06,CUST01330,P0063,Marrakech,Store,Card,1.0,2188.44,,DELIVERED,6.0,4.9,MARRAKECH,STORE,CARD,DELIVERED,2025-12-06,1.0,2188.44,,6.0,False,4.9,CUST01330,P0063,False,False,REJECT
ORD026447,29/08/2025,CUST01666,P0054,Kenitra,Store,Card,2.0,2261.67,105.0,RETURNED,2.0,,KENITRA,STORE,CARD,RETURNED,2025-08-29,2.0,2261.67,,2.0,True,,CUST01666,P0054,False,False,REJECT
ORD026499,2025-10-18,CUST01703,P0035,Fes,Marketplace,Wallet,-1.0,1849.03,25.0,PENDING,4.0,,FES,MARKETPLACE,WALLET,PENDING,2025-10-18,,1849.03,25.0,4.0,True,,CUST01703,P0035,False,False,REJECT
ORD027037,2025-06-03,CUST01149,P0043,Rabat,Store,Wallet,2.0,1017.12,-10.0,DELIVERED,8.0,3.4,RABAT,STORE,WALLET,DELIVERED,2025-06-03,2.0,1017.12,,8.0,False,3.4,CUST01149,P0043,False,False,REJECT
ORD004513,2025-02-04,CUST04293,P0020, Rabat ,Mobile App,Wallet,-1.0,1723.22,5.0,DELIVERED,1.0,4.5,RABAT,MOBILE APP,WALLET,DELIVERED,2025-02-04,,1723.22,5.0,1.0,False,4.5,CUST04293,P0020,False,False,REJECT
ORD003100,2025-06-20,CUST01571,,Casablanca,Store,Bank Transfer,,2275.42,15.0,DELIVERED,4.0,,CASABLANCA,STORE,BANK TRANSFER,DELIVERED,2025-06-20,,2275.42,15.0,4.0,True,,CUST01571,,True,False,REJECT
ORD013053,2025-12-07,CUST00501,P0071,Tanger,Mobile App,Card,1.0,,10.0,PENDING,2.0,,TANGER,MOBILE APP,CARD,PENDING,2025-12-07,1.0,,10.0,2.0,True,,CUST00501,P0071,False,False,REJECT
ORD004094,2025-12-10,CUST04652,P0101,Kenitra,Store,Cash,0.0,288.96,10.0,DELIVERED,4.0,5.0,KENITRA,STORE,CASH,DELIVERED,2025-12-10,,288.96,10.0,4.0,False,5.0,CUST04652,P0101,False,False,REJECT
ORD026257,2025-12-19,CUST00237,P0053,Rabat,Mobile App,Card,,904.65,10.0,DELIVERED,2.0,,RABAT,MOBILE APP,CARD,DELIVERED,2025-12-19,,904.65,10.0,2.0,True,,CUST00237,P0053,False,False,REJECT
ORD003006,2025-11-10,CUST00806,P0040,Kenitra,Store,Bank Transfer,3.0,unknown,30.0,DELIVERED,2.0,4.9,KENITRA,STORE,BANK TRANSFER,DELIVERED,2025-11-10,3.0,,30.0,2.0,False,4.9,CUST00806,P0040,False,False,REJECT
ORD002978,2025-01-23,CUST04999,P0079,Rabat,Store,Wallet,4.0,,15.0,PENDING,3.0,,RABAT,STORE,WALLET,PENDING,2025-01-23,4.0,,15.0,3.0,True,,CUST04999,P0079,False,False,REJECT
ORD009464,2025-06-06,CUST02465,P0029,Kenitra,Mobile App,Bank Transfer,2.0,2092.12,-10.0,DELIVERED,3.0,3.1,KENITRA,MOBILE APP,BANK TRANSFER,DELIVERED,2025-06-06,2.0,2092.12,,3.0,False,3.1,CUST02465,P0029,False,False,REJECT
ORD021247,12-11-2025,CUST03671,P0024,Tanger,Mobile App,Cash,5.0,,25.0,DELIVERED,4.0,4.2,TANGER,MOBILE APP,CASH,DELIVERED,2025-12-11,5.0,,25.0,4.0,False,4.2,CUST03671,P0024,False,False,REJECT
ORD020919,2025-07-25,CUST04891,P0074,Casablanca,Mobile App,Bank Transfer,2.0,unknown,0.0,DELIVERED,1.0,3.4,CASABLANCA,MOBILE APP,BANK TRANSFER,DELIVERED,2025-07-25,2.0,,0.0,1.0,False,3.4,CUST04891,P0074,False,False,REJECT
ORD026211,2025-10-24,CUST04773,P0118,Fes,Mobile App,Card,-1.0,1843.8,20.0,PENDING,8.0,,FES,MOBILE APP,CARD,PENDING,2025-10-24,,1843.8,20.0,8.0,True,,CUST04773,P0118,False,False,REJECT
ORD001992,2025-03-09,CUST00365,P0082,Marrakech,Store,Wallet,,996.86,15.0,RETURNED,7.0,1.4,MARRAKECH,STORE,WALLET,RETURNED,2025-03-09,,996.86,15.0,7.0,False,1.4,CUST00365,P0082,False,False,REJECT
ORD005756,2025-05-07,CUST03039,P0100,Kenitra,Store,Cash,4.0,unknown,15.0,DELIVERED,2.0,4.3,KENITRA,STORE,CASH,DELIVERED,2025-05-07,4.0,,15.0,2.0,False,4.3,CUST03039,P0100,False,False,REJECT
ORD023930,2025-10-13,CUST01703,P0087,Tanger,Website,Cash,3.0,-25,15.0,CANCELLED,1.0,,TANGER,WEBSITE,CASH,CANCELLED,2025-10-13,3.0,,15.0,1.0,True,,CUST01703,P0087,False,False,REJECT
ORD005799,2025-12-22,CUST03898,P0080,Kenitra,Mobile App,Wallet,2.0,unknown,5.0,PENDING,2.0,,KENITRA,MOBILE APP,WALLET,PENDING,2025-12-22,2.0,,5.0,2.0,True,,CUST03898,P0080,False,False,REJECT
ORD020381,2025-07-09,CUST04513,P0102,Casablanca,Mobile App,Wallet,2.0,unknown,20.0,DELIVERED,6.0,3.9,CASABLANCA,MOBILE APP,WALLET,DELIVERED,2025-07-09,2.0,,20.0,6.0,False,3.9,CUST04513,P0102,False,False,REJECT
ORD003419,2025-03-21,CUST03237,P0004,Agadir,Marketplace,Cash,3.0,779.27,,CANCELLED,4.0,,AGADIR,MARKETPLACE,CASH,CANCELLED,2025-03-21,3.0,779.27,,4.0,True,,CUST03237,P0004,False,False,REJECT
ORD010755,2025-02-16,CUST03040,P0017,Fes,Marketplace,Bank Transfer,,506.76,10.0,PENDING,4.0,,FES,MARKETPLACE,BANK TRANSFER,PENDING,2025-02-16,,506.76,10.0,4.0,True,,CUST03040,P0017,False,False,REJECT
ORD002180,2025-07-24,CUST04983,P0082,Rabat,Website,Bank Transfer,2.0,-25,20.0,RETURNED,5.0,3.0,RABAT,WEBSITE,BANK TRANSFER,RETURNED,2025-07-24,2.0,,20.0,5.0,False,3.0,CUST04983,P0082,False,False,REJECT
ORD013249,2025-08-13,CUST04270,P0065,Tanger,Mobile App,Card,,162.13,10.0,DELIVERED,3.0,4.7,TANGER,MOBILE APP,CARD,DELIVERED,2025-08-13,,162.13,10.0,3.0,False,4.7,CUST04270,P0065,False,False,REJECT
ORD011176,2025-07-29,CUST03665,P0002,Agadir,Website,Wallet,4.0,unknown,15.0,DELIVERED,3.0,4.6,AGADIR,WEBSITE,WALLET,DELIVERED,2025-07-29,4.0,,15.0,3.0,False,4.6,CUST03665,P0002,False,False,REJECT
ORD016215,2025-04-06,CUST02608,P0113,Tanger,Mobile App,Cash,2.0,,10.0,RETURNED,5.0,2.4,TANGER,MOBILE APP,CASH,RETURNED,2025-04-06,2.0,,10.0,5.0,False,2.4,CUST02608,P0113,False,False,REJECT
ORD021499,2025-03-27,CUST03352,P0115,Kenitra,Mobile App,Card,0.0,2688.2,15.0,DELIVERED,5.0,4.6,KENITRA,MOBILE APP,CARD,DELIVERED,2025-03-27,,2688.2,15.0,5.0,False,4.6,CUST03352,P0115,False,False,REJECT
ORD002770,2025-09-06,CUST04109,P0066,Marrakech,Marketplace,Bank Transfer,4.0,,5.0,RETURNED,7.0,1.7,MARRAKECH,MARKETPLACE,BANK TRANSFER,RETURNED,2025-09-06,4.0,,5.0,7.0,False,1.7,CUST04109,P0066,False,False,REJECT
ORD018626,18/09/2025,CUST03725,P0107,Tanger,Marketplace,Bank Transfer,2.0,1185.05,-10.0, CANCELLED ,5.0,,TANGER,MARKETPLACE,BANK TRANSFER,CANCELLED,2025-09-18,2.0,1185.05,,5.0,True,,CUST03725,P0107,False,False,REJECT
ORD026362,2025-07-19,CUST00447,P0089,Rabat,Website,Cash,,3571.45,20.0,CANCELLED,2.0,,RABAT,WEBSITE,CASH,CANCELLED,2025-07-19,,3571.45,20.0,2.0,True,,CUST00447,P0089,False,False,REJECT
ORD029326,2025-05-31,CUST01524,P0029,Marrakech,Mobile App,Card,,2115.22,0.0,DELIVERED,5.0,5.0,MARRAKECH,MOBILE APP,CARD,DELIVERED,2025-05-31,,2115.22,0.0,5.0,False,5.0,CUST01524,P0029,False,False,REJECT
ORD003343,2025-08-31,CUST00294,P0106,Agadir,Mobile App,Cash,3.0,519.74,105.0,CANCELLED,5.0,,AGADIR,MOBILE APP,CASH,CANCELLED,2025-08-31,3.0,519.74,,5.0,True,,CUST00294,P0106,False,False,REJECT
ORD008137,2025-05-19,CUST02038,P0115,Agadir,Mobile App,Bank Transfer,-1.0,2860.04,0.0,DELIVERED,4.0,,AGADIR,MOBILE APP,BANK TRANSFER,DELIVERED,2025-05-19,,2860.04,0.0,4.0,True,,CUST02038,P0115,False,False,REJECT
ORD002283,2025-06-23,CUST02736,P0050,Fes,Marketplace,Card,1.0,-25,10.0,DELIVERED,3.0,,FES,MARKETPLACE,CARD,DELIVERED,2025-06-23,1.0,,10.0,3.0,True,,CUST02736,P0050,False,False,REJECT
ORD003908,2025-04-21,CUST02585,P0034,Rabat,Marketplace,Cash,2.0,2619.82,105.0,DELIVERED,5.0,4.1,RABAT,MARKETPLACE,CASH,DELIVERED,2025-04-21,2.0,2619.82,,5.0,False,4.1,CUST02585,P0034,False,False,REJECT
ORD003310,2025-06-15,CUST03401,P0106,Tanger,Mobile App,Wallet,1.0,unknown,5.0,DELIVERED,4.0,,TANGER,MOBILE APP,WALLET,DELIVERED,2025-06-15,1.0,,5.0,4.0,True,,CUST03401,P0106,False,False,REJECT
ORD020129,04-18-2025,CUST02226,P0066,Fes,Marketplace,Cash,2.0,-25,0.0,DELIVERED,4.0,3.3,FES,MARKETPLACE,CASH,DELIVERED,2025-04-18,2.0,,0.0,4.0,False,3.3,CUST02226,P0066,False,False,REJECT
ORD015417,2025-02-02,,P0017,Fes,Mobile App,Bank Transfer,4.0,,25.0,PENDING,3.0,,FES,MOBILE APP,BANK TRANSFER,PENDING,2025-02-02,4.0,,25.0,3.0,True,,UNKNOWN,P0017,False,True,REJECT
ORD003168,02-08-2025,CUST02353,P0024,Rabat,Mobile App,Bank Transfer,1.0,970.36,105.0,DELIVERED,6.0,5.0,RABAT,MOBILE APP,BANK TRANSFER,DELIVERED,2025-02-08,1.0,970.36,,6.0,False,5.0,CUST02353,P0024,False,False,REJECT
ORD006843,2025-02-13,CUST04539,P0059,Agadir,Marketplace,Card,2.0,557.62,,CANCELLED,6.0,,AGADIR,MARKETPLACE,CARD,CANCELLED,2025-02-13,2.0,557.62,,6.0,True,,CUST04539,P0059,False,False,REJECT
ORD012762,2025-08-25,CUST03968,P0096,Marrakech,Marketplace,Cash,,1459.68,15.0,DELIVERED,3.0,3.4,MARRAKECH,MARKETPLACE,CASH,DELIVERED,2025-08-25,,1459.68,15.0,3.0,False,3.4,CUST03968,P0096,False,False,REJECT
ORD017017,2025-04-07,CUST01844,P0017,Tanger,Marketplace,Wallet,4.0,508.29,105.0,PENDING,5.0,,TANGER,MARKETPLACE,WALLET,PENDING,2025-04-07,4.0,508.29,,5.0,True,,CUST01844,P0017,False,False,REJECT
ORD018733,2025-08-10,CUST02533,P0113,Kenitra,Store,Card,3.0,3083.32,105.0,DELIVERED,5.0,,KENITRA,STORE,CARD,DELIVERED,2025-08-10,3.0,3083.32,,5.0,True,,CUST02533,P0113,False,False,REJECT
ORD020521,2025-04-05,CUST02890,P0017,Rabat,Marketplace,Cash,,555.84,30.0,DELIVERED,4.0,5.0,RABAT,MARKETPLACE,CASH,DELIVERED,2025-04-05,,555.84,30.0,4.0,False,5.0,CUST02890,P0017,False,False,REJECT
ORD020663,2025-03-30,CUST04163,P0027,Casablanca,Marketplace,Wallet,2.0,-25,10.0,PENDING,5.0,,CASABLANCA,MARKETPLACE,WALLET,PENDING,2025-03-30,2.0,,10.0,5.0,True,,CUST04163,P0027,False,False,REJECT
ORD014279,2025-10-11,CUST01575,P0006,Kenitra,Website,Wallet,1.0,1108.61,105.0,DELIVERED,3.0,4.3,KENITRA,WEBSITE,WALLET,DELIVERED,2025-10-11,1.0,1108.61,,3.0,False,4.3,CUST01575,P0006,False,False,REJECT
ORD010980,2025-07-11,CUST00467,P0044,Marrakech,Marketplace,Wallet,-1.0,1106.14,10.0,DELIVERED,4.0,2.9,MARRAKECH,MARKETPLACE,WALLET,DELIVERED,2025-07-11,,1106.14,10.0,4.0,False,2.9,CUST00467,P0044,False,False,REJECT
ORD008855,2025-06-17,CUST01185,P0098,Tanger,Store,Card,,1381.54,15.0,DELIVERED,4.0,5.0,TANGER,STORE,CARD,DELIVERED,2025-06-17,,1381.54,15.0,4.0,False,5.0,CUST01185,P0098,False,False,REJECT
ORD028259,2025-06-15,CUST01432,P0064,Fes,Mobile App,Wallet,3.0,-25,25.0,DELIVERED,5.0,,FES,MOBILE APP,WALLET,DELIVERED,2025-06-15,3.0,,25.0,5.0,True,,CUST01432,P0064,False,False,REJECT
ORD009945,2025-04-12,CUST00994,P0076,Agadir,Mobile App,Bank Transfer,-1.0,2055.73,10.0,DELIVERED,7.0,4.9,AGADIR,MOBILE APP,BANK TRANSFER,DELIVERED,2025-04-12,,2055.73,10.0,7.0,False,4.9,CUST00994,P0076,False,False,REJECT
ORD013295,2025-04-07,CUST03416,P0100,Fes,Mobile App,Card,2.0,3411.42,-10.0,RETURNED,7.0,,FES,MOBILE APP,CARD,RETURNED,2025-04-07,2.0,3411.42,,7.0,True,,CUST03416,P0100,False,False,REJECT
ORD026732,06-09-2025,CUST01461,P0064,Tanger,Marketplace,Wallet,5.0,unknown,5.0,RETURNED,5.0,2.4,TANGER,MARKETPLACE,WALLET,RETURNED,2025-06-09,5.0,,5.0,5.0,False,2.4,CUST01461,P0064,False,False,REJECT
ORD013194,2025-07-17,CUST00114,P0082, Rabat ,Mobile App,Card,1.0,989.45,-10.0,DELIVERED,3.0,,RABAT,MOBILE APP,CARD,DELIVERED,2025-07-17,1.0,989.45,,3.0,True,,CUST00114,P0082,False,False,REJECT
ORD016540,2025-10-05,CUST00326,P0103,Marrakech,Store,Bank Transfer,1.0,2110.56,-10.0,DELIVERED,6.0,,MARRAKECH,STORE,BANK TRANSFER,DELIVERED,2025-10-05,1.0,2110.56,,6.0,True,,CUST00326,P0103,False,False,REJECT
ORD009628,2025-11-09,CUST01163,P0049,Tanger,Website,Bank Transfer,5.0,1799.59,105.0,PENDING,2.0,,TANGER,WEBSITE,BANK TRANSFER,PENDING,2025-11-09,5.0,1799.59,,2.0,True,,CUST01163,P0049,False,False,REJECT
ORD020549,2025-11-08,CUST01868,P0116,Kenitra,Marketplace,Cash,3.0,1442.72,-10.0,PENDING,6.0,,KENITRA,MARKETPLACE,CASH,PENDING,2025-11-08,3.0,1442.72,,6.0,True,,CUST01868,P0116,False,False,REJECT
ORD003757,2025-03-28,CUST02601,P0002,Agadir,Mobile App,Bank Transfer,1.0,unknown,10.0,CANCELLED,5.0,,AGADIR,MOBILE APP,BANK TRANSFER,CANCELLED,2025-03-28,1.0,,10.0,5.0,True,,CUST02601,P0002,False,False,REJECT
ORD023021,2025-09-23,CUST04801,P0117,Marrakech,Mobile App,Cash,,1960.83,10.0,DELIVERED,5.0,5.0,MARRAKECH,MOBILE APP,CASH,DELIVERED,2025-09-23,,1960.83,10.0,5.0,False,5.0,CUST04801,P0117,False,False,REJECT
ORD012243,2025-11-13,CUST00909,P0020,Rabat,Marketplace,wallet,3.0,unknown,15.0,PENDING,3.0,,RABAT,MARKETPLACE,WALLET,PENDING,2025-11-13,3.0,,15.0,3.0,True,,CUST00909,P0020,False,False,REJECT
ORD007801,01-31-2025,CUST00770,P0109,Casablanca,Marketplace,Bank Transfer,,278.93,0.0, RETURNED ,4.0,3.7,CASABLANCA,MARKETPLACE,BANK TRANSFER,RETURNED,2025-01-31,,278.93,0.0,4.0,False,3.7,CUST00770,P0109,False,False,REJECT
ORD019063,29/11/2025,CUST03841,P0096, Fes ,Marketplace,Wallet,2.0,,25.0,CANCELLED,4.0,,FES,MARKETPLACE,WALLET,CANCELLED,2025-11-29,2.0,,25.0,4.0,True,,CUST03841,P0096,False,False,REJECT
ORD010814,11-09-2025,CUST03703,P0105,Kenitra,Mobile App,Card,2.0,-25,30.0,RETURNED,4.0,3.4,KENITRA,MOBILE APP,CARD,RETURNED,2025-11-09,2.0,,30.0,4.0,False,3.4,CUST03703,P0105,False,False,REJECT
ORD011777,2025-02-20,CUST04585,P0092,Marrakech,Store,Wallet,3.0,,10.0,DELIVERED,4.0,,MARRAKECH,STORE,WALLET,DELIVERED,2025-02-20,3.0,,10.0,4.0,True,,CUST04585,P0092,False,False,REJECT
ORD006545,2025-07-08,,P0118,Marrakech,Marketplace,Card,,1933.24,30.0,DELIVERED,4.0,4.3,MARRAKECH,MARKETPLACE,CARD,DELIVERED,2025-07-08,,1933.24,30.0,4.0,False,4.3,UNKNOWN,P0118,False,True,REJECT
ORD022240,2025-03-13,CUST01945,P0115,Tanger,Store,Card,0.0,2607.29,5.0,CANCELLED,5.0,,TANGER,STORE,CARD,CANCELLED,2025-03-13,,2607.29,5.0,5.0,True,,CUST01945,P0115,False,False,REJECT
ORD014646,2025-05-21,CUST03890,P0001,Kenitra,Store,Card,3.0,120.79,-10.0,DELIVERED,1.0,4.7,KENITRA,STORE,CARD,DELIVERED,2025-05-21,3.0,120.79,,1.0,False,4.7,CUST03890,P0001,False,False,REJECT
ORD004960,06/10/2025,CUST04772,P0088,Fes,Mobile App,Bank Transfer,,2258.31,10.0,DELIVERED,6.0,4.9,FES,MOBILE APP,BANK TRANSFER,DELIVERED,2025-10-06,,2258.31,10.0,6.0,False,4.9,CUST04772,P0088,False,False,REJECT
ORD010784,09-04-2025,CUST01214,P0028,Marrakech,Marketplace,Wallet,1.0,2416.77,-10.0,DELIVERED,7.0,4.4,MARRAKECH,MARKETPLACE,WALLET,DELIVERED,2025-09-04,1.0,2416.77,,7.0,False,4.4,CUST01214,P0028,False,False,REJECT
ORD002573,2025-04-23,CUST04457,P0116,Casablanca,Marketplace,Bank Transfer,0.0,1453.57,5.0,DELIVERED,4.0,,CASABLANCA,MARKETPLACE,BANK TRANSFER,DELIVERED,2025-04-23,,1453.57,5.0,4.0,True,,CUST04457,P0116,False,False,REJECT
ORD011137,2025-04-11,CUST00590,P0049,Casablanca,Marketplace,Cash,4.0,,10.0,DELIVERED,8.0,,CASABLANCA,MARKETPLACE,CASH,DELIVERED,2025-04-11,4.0,,10.0,8.0,True,,CUST00590,P0049,False,False,REJECT
ORD012891,2025-08-16,CUST01106,P0102,Kenitra,Mobile App,Card,1.0,752.9,,CANCELLED,4.0,,KENITRA,MOBILE APP,CARD,CANCELLED,2025-08-16,1.0,752.9,,4.0,True,,CUST01106,P0102,False,False,REJECT
ORD010036,2025-05-17,CUST01515,P0028,Agadir,Website,Cash,4.0,2436.6,,DELIVERED,4.0,5.0,AGADIR,WEBSITE,CASH,DELIVERED,2025-05-17,4.0,2436.6,,4.0,False,5.0,CUST01515,P0028,False,False,REJECT
ORD023815,03-10-2025,CUST02373,P0109,Kenitra,Mobile App,Wallet,1.0,unknown,25.0,DELIVERED,4.0,3.9,KENITRA,MOBILE APP,WALLET,DELIVERED,2025-03-10,1.0,,25.0,4.0,False,3.9,CUST02373,P0109,False,False,REJECT
ORD025470,2025-10-07,CUST04843,P0107,Kenitra,Marketplace,Wallet,6.0,,10.0,DELIVERED,5.0,,KENITRA,MARKETPLACE,WALLET,DELIVERED,2025-10-07,6.0,,10.0,5.0,True,,CUST04843,P0107,False,False,REJECT
ORD002102,2025-07-14,CUST00318,P0026,Casablanca,Store,Bank Transfer,,850.4,20.0,RETURNED,5.0,2.9,CASABLANCA,STORE,BANK TRANSFER,RETURNED,2025-07-14,,850.4,20.0,5.0,False,2.9,CUST00318,P0026,False,False,REJECT
ORD025156,2025-12-14,CUST03861,P0027,Kenitra,Marketplace,Cash,1.0,2964.81,-10.0,DELIVERED,5.0,4.4,KENITRA,MARKETPLACE,CASH,DELIVERED,2025-12-14,1.0,2964.81,,5.0,False,4.4,CUST03861,P0027,False,False,REJECT
ORD000419,2025-09-28,CUST04151,P0043,Marrakech,Website,Bank Transfer,2.0,,10.0,DELIVERED,7.0,,MARRAKECH,WEBSITE,BANK TRANSFER,DELIVERED,2025-09-28,2.0,,10.0,7.0,True,,CUST04151,P0043,False,False,REJECT
ORD018574,2025-09-06,CUST00203,P0020,Casablanca,Store,Card,1.0,-25,0.0,CANCELLED,4.0,,CASABLANCA,STORE,CARD,CANCELLED,2025-09-06,1.0,,0.0,4.0,True,,CUST00203,P0020,False,False,REJECT
ORD026036,2025-10-13,CUST00111,P0097,Marrakech,Website,Wallet,0.0,77.34,10.0,DELIVERED,4.0,3.6,MARRAKECH,WEBSITE,WALLET,DELIVERED,2025-10-13,,77.34,10.0,4.0,False,3.6,CUST00111,P0097,False,False,REJECT
ORD014075,02-05-2025,CUST03510,P0058,Tanger,Website,Card,3.0,1912.72,-10.0,DELIVERED,4.0,3.4,TANGER,WEBSITE,CARD,DELIVERED,2025-02-05,3.0,1912.72,,4.0,False,3.4,CUST03510,P0058,False,False,REJECT
ORD028965,2025-05-23,CUST02654,P0093, Rabat ,Marketplace,Wallet,4.0,unknown,15.0,PENDING,4.0,,RABAT,MARKETPLACE,WALLET,PENDING,2025-05-23,4.0,,15.0,4.0,True,,CUST02654,P0093,False,False,REJECT
ORD006188,2025-04-02,CUST04805,P0035,Rabat,Mobile App,Wallet,5.0,1815.61,,PENDING,2.0,,RABAT,MOBILE APP,WALLET,PENDING,2025-04-02,5.0,1815.61,,2.0,True,,CUST04805,P0035,False,False,REJECT
ORD010864,11/07/2025,CUST01751,P0058,Agadir,Website,Wallet,,1880.86,0.0,DELIVERED,5.0,,AGADIR,WEBSITE,WALLET,DELIVERED,2025-07-11,,1880.86,0.0,5.0,True,,CUST01751,P0058,False,False,REJECT
ORD029836,2025-03-17,CUST04333,P0059,Marrakech,Mobile App,Wallet,3.0,523.07,105.0,DELIVERED,3.0,,MARRAKECH,MOBILE APP,WALLET,DELIVERED,2025-03-17,3.0,523.07,,3.0,True,,CUST04333,P0059,False,False,REJECT
ORD008484,2025-12-01,CUST04066,P0051,Kenitra,Marketplace,Cash,,1814.39,10.0,DELIVERED,7.0,3.6,KENITRA,MARKETPLACE,CASH,DELIVERED,2025-12-01,,1814.39,10.0,7.0,False,3.6,CUST04066,P0051,False,False,REJECT
ORD013771,31/07/2025,CUST04139,P0054,Casablanca,Website,Wallet,0.0,2193.13,20.0,DELIVERED,5.0,4.4,CASABLANCA,WEBSITE,WALLET,DELIVERED,2025-07-31,,2193.13,20.0,5.0,False,4.4,CUST04139,P0054,False,False,REJECT
ORD018188,2025-10-05,CUST01150,P0058,Fes,Store,Cash,1.0,1827.07,105.0,DELIVERED,5.0,3.9,FES,STORE,CASH,DELIVERED,2025-10-05,1.0,1827.07,,5.0,False,3.9,CUST01150,P0058,False,False,REJECT
ORD022842,23/11/2025,CUST04025,P0119,Tanger,Mobile App,Bank Transfer,2.0,2123.45,,DELIVERED,5.0,5.0,TANGER,MOBILE APP,BANK TRANSFER,DELIVERED,2025-11-23,2.0,2123.45,,5.0,False,5.0,CUST04025,P0119,False,False,REJECT
ORD004867,2025-05-20,CUST00801,P0063,Fes,Store,Cash,3.0,-25,0.0,DELIVERED,4.0,5.0,FES,STORE,CASH,DELIVERED,2025-05-20,3.0,,0.0,4.0,False,5.0,CUST00801,P0063,False,False,REJECT
ORD000268,09-09-2025,CUST00362,P0006,Marrakech,Store,Bank Transfer,1.0,unknown,10.0,DELIVERED,6.0,2.9,MARRAKECH,STORE,BANK TRANSFER,DELIVERED,2025-09-09,1.0,,10.0,6.0,False,2.9,CUST00362,P0006,False,False,REJECT
ORD007453,2025-04-20,CUST03245,P0015,Rabat,Website,Bank Transfer,2.0,,0.0,PENDING,6.0,,RABAT,WEBSITE,BANK TRANSFER,PENDING,2025-04-20,2.0,,0.0,6.0,True,,CUST03245,P0015,False,False,REJECT
ORD011328,2025-02-07,CUST03045,P0025,Rabat,Mobile App,Card,3.0,156.52,105.0,DELIVERED,6.0,4.1,RABAT,MOBILE APP,CARD,DELIVERED,2025-02-07,3.0,156.52,,6.0,False,4.1,CUST03045,P0025,False,False,REJECT
ORD002440,2025-02-04,CUST02359,P0089,Tanger,Mobile App,Wallet,0.0,3261.47,0.0,CANCELLED,4.0,,TANGER,MOBILE APP,WALLET,CANCELLED,2025-02-04,,3261.47,0.0,4.0,True,,CUST02359,P0089,False,False,REJECT
ORD012562,2025-04-16,CUST00979,P0001,Tanger,Website,Cash,0.0,128.47,10.0,CANCELLED,6.0,,TANGER,WEBSITE,CASH,CANCELLED,2025-04-16,,128.47,10.0,6.0,True,,CUST00979,P0001,False,False,REJECT
ORD003630,2025-08-21,CUST01960,P0030,Tanger,Store,Wallet,,361.73,15.0,PENDING,3.0,,TANGER,STORE,WALLET,PENDING,2025-08-21,,361.73,15.0,3.0,True,,CUST01960,P0030,False,False,REJECT
ORD018271,2025-02-06,CUST01190,P0106,Marrakech,Mobile App,Wallet,,513.31,5.0,DELIVERED,3.0,3.4,MARRAKECH,MOBILE APP,WALLET,DELIVERED,2025-02-06,,513.31,5.0,3.0,False,3.4,CUST01190,P0106,False,False,REJECT
ORD012992,2025-07-04,CUST04774,P0025,Tanger,Store,Cash,1.0,152.47,,DELIVERED,5.0,,TANGER,STORE,CASH,DELIVERED,2025-07-04,1.0,152.47,,5.0,True,,CUST04774,P0025,False,False,REJECT
ORD027042,2025-03-18,CUST00927,P0024,Rabat,Mobile App,Bank Transfer,1.0,unknown,5.0,CANCELLED,7.0,,RABAT,MOBILE APP,BANK TRANSFER,CANCELLED,2025-03-18,1.0,,5.0,7.0,True,,CUST00927,P0024,False,False,REJECT
ORD029475,2025-07-12,CUST03506,P0029,Marrakech,Mobile App,Bank Transfer,4.0,,0.0,RETURNED,7.0,,MARRAKECH,MOBILE APP,BANK TRANSFER,RETURNED,2025-07-12,4.0,,0.0,7.0,True,,CUST03506,P0029,False,False,REJECT
ORD008648,2025-02-03,CUST04461,P0106,Rabat,Marketplace,Cash,2.0,unknown,10.0,DELIVERED,5.0,3.8,RABAT,MARKETPLACE,CASH,DELIVERED,2025-02-03,2.0,,10.0,5.0,False,3.8,CUST04461,P0106,False,False,REJECT
ORD021617,2025-05-29,CUST02736,P0001,Tanger,Store,Card,,129.96,30.0,DELIVERED,5.0,3.4,TANGER,STORE,CARD,DELIVERED,2025-05-29,,129.96,30.0,5.0,False,3.4,CUST02736,P0001,False,False,REJECT
ORD022197,2025-02-21,CUST04917,P0005,Casablanca,Website,Cash,0.0,906.83,0.0,RETURNED,5.0,,CASABLANCA,WEBSITE,CASH,RETURNED,2025-02-21,,906.83,0.0,5.0,True,,CUST04917,P0005,False,False,REJECT
ORD019977,2025-01-13,CUST03328,P0114,Marrakech,Website,Card,1.0,2153.01,-10.0,CANCELLED,5.0,,MARRAKECH,WEBSITE,CARD,CANCELLED,2025-01-13,1.0,2153.01,,5.0,True,,CUST03328,P0114,False,False,REJECT
ORD020009,2025-09-18,CUST03997,P0067,Agadir,Website,Cash,,2321.7,15.0,Delivered,3.0,3.3,AGADIR,WEBSITE,CASH,DELIVERED,2025-09-18,,2321.7,15.0,3.0,False,3.3,CUST03997,P0067,False,False,REJECT
ORD005040,2025-12-01,CUST01600,P0118,Kenitra,Marketplace,Cash,2.0,2007.08,105.0,DELIVERED,10.0,3.6,KENITRA,MARKETPLACE,CASH,DELIVERED,2025-12-01,2.0,2007.08,,10.0,False,3.6,CUST01600,P0118,False,False,REJECT
ORD010550,2025-03-14,CUST01328,P0105,Marrakech,Website,Wallet,2.0,2303.5,,DELIVERED,6.0,4.3,MARRAKECH,WEBSITE,WALLET,DELIVERED,2025-03-14,2.0,2303.5,,6.0,False,4.3,CUST01328,P0105,False,False,REJECT
ORD009129,2025-09-16,CUST04741,P0043,Tanger,Website,bank transfer,1.0,-25,20.0,DELIVERED,5.0,,TANGER,WEBSITE,BANK TRANSFER,DELIVERED,2025-09-16,1.0,,20.0,5.0,True,,CUST04741,P0043,False,False,REJECT
ORD016748,2025-02-02,CUST00631,P0039,Rabat,Marketplace,Card,,1763.23,15.0,DELIVERED,5.0,4.6,RABAT,MARKETPLACE,CARD,DELIVERED,2025-02-02,,1763.23,15.0,5.0,False,4.6,CUST00631,P0039,False,False,REJECT
ORD013613,2025-04-06,CUST04871,P0044,Fes,Store,Wallet,3.0,1219.36,-10.0,PENDING,5.0,,FES,STORE,WALLET,PENDING,2025-04-06,3.0,1219.36,,5.0,True,,CUST04871,P0044,False,False,REJECT
ORD010644,2025-12-30,CUST04016,P0025,Casablanca,Store,Card,1.0,-25,15.0,DELIVERED,7.0,2.9,CASABLANCA,STORE,CARD,DELIVERED,2025-12-30,1.0,,15.0,7.0,False,2.9,CUST04016,P0025,False,False,REJECT
ORD025631,2025-03-28,CUST03052,P0029,Agadir,Mobile App,Bank Transfer,-1.0,2125.46,10.0,CANCELLED,8.0,,AGADIR,MOBILE APP,BANK TRANSFER,CANCELLED,2025-03-28,,2125.46,10.0,8.0,True,,CUST03052,P0029,False,False,REJECT
ORD018912,2025-07-09,CUST01175,P0015,Agadir,Mobile App,Cash,-1.0,333.6,30.0,RETURNED,8.0,2.4,AGADIR,MOBILE APP,CASH,RETURNED,2025-07-09,,333.6,30.0,8.0,False,2.4,CUST01175,P0015,False,False,REJECT
ORD027081,20/12/2025,CUST02903,P0037,Casablanca,Mobile App,Cash,-1.0,2514.73,15.0,RETURNED,5.0,2.2,CASABLANCA,MOBILE APP,CASH,RETURNED,2025-12-20,,2514.73,15.0,5.0,False,2.2,CUST02903,P0037,False,False,REJECT
ORD028688,2025-10-13,CUST02478,P0005,Tanger,Website,Cash,3.0,869.87,-10.0,DELIVERED,6.0,5.0,TANGER,WEBSITE,CASH,DELIVERED,2025-10-13,3.0,869.87,,6.0,False,5.0,CUST02478,P0005,False,False,REJECT
ORD012330,2025-03-25,CUST00524,P0067,Casablanca,Website,Bank Transfer,5.0,,5.0,DELIVERED,6.0,,CASABLANCA,WEBSITE,BANK TRANSFER,DELIVERED,2025-03-25,5.0,,5.0,6.0,True,,CUST00524,P0067,False,False,REJECT
ORD029685,2025-07-13,CUST02373,P0111,Agadir,Marketplace,Wallet,1.0,,25.0,RETURNED,7.0,2.8,AGADIR,MARKETPLACE,WALLET,RETURNED,2025-07-13,1.0,,25.0,7.0,False,2.8,CUST02373,P0111,False,False,REJECT
ORD025769,2025-05-09,CUST01767,P0041,Fes,Marketplace,Cash,0.0,523.91,5.0,DELIVERED,3.0,,FES,MARKETPLACE,CASH,DELIVERED,2025-05-09,,523.91,5.0,3.0,True,,CUST01767,P0041,False,False,REJECT
ORD026646,09/04/2025,CUST00403,P0089,Fes,Marketplace,Wallet,,3268.56,30.0,DELIVERED,3.0,4.1,FES,MARKETPLACE,WALLET,DELIVERED,2025-04-09,,3268.56,30.0,3.0,False,4.1,CUST00403,P0089,False,False,REJECT
ORD013579,2025-12-02,CUST01281,P0084,Agadir,Marketplace,Bank Transfer,3.0,,10.0,CANCELLED,6.0,,AGADIR,MARKETPLACE,BANK TRANSFER,CANCELLED,2025-12-02,3.0,,10.0,6.0,True,,CUST01281,P0084,False,False,REJECT
ORD013219,2025-11-21,CUST00311,P0033,Casablanca,Website,Card,4.0,-25,10.0,DELIVERED,2.0,5.0,CASABLANCA,WEBSITE,CARD,DELIVERED,2025-11-21,4.0,,10.0,2.0,False,5.0,CUST00311,P0033,False,False,REJECT
ORD019772,2025-12-01,CUST01291,P0116,Agadir,Marketplace,Wallet,2.0,,0.0,RETURNED,6.0,2.6,AGADIR,MARKETPLACE,WALLET,RETURNED,2025-12-01,2.0,,0.0,6.0,False,2.6,CUST01291,P0116,False,False,REJECT
ORD010069,2025-07-03,CUST02954,P0008,Fes,Website,Bank Transfer,0.0,2553.0,10.0,PENDING,4.0,,FES,WEBSITE,BANK TRANSFER,PENDING,2025-07-03,,2553.0,10.0,4.0,True,,CUST02954,P0008,False,False,REJECT
ORD016349,02/07/2025,CUST04710,P0007,Marrakech,Store,Cash,1.0,2307.2,105.0,DELIVERED,3.0,4.0,MARRAKECH,STORE,CASH,DELIVERED,2025-07-02,1.0,2307.2,,3.0,False,4.0,CUST04710,P0007,False,False,REJECT
ORD021657,2025-06-26,CUST01649,P0014,Rabat,Website,Wallet,2.0,597.05,,DELIVERED,4.0,,RABAT,WEBSITE,WALLET,DELIVERED,2025-06-26,2.0,597.05,,4.0,True,,CUST01649,P0014,False,False,REJECT
ORD027367,2025-07-02,CUST01583,P0059,Tanger,Mobile App,Cash,5.0,-25,-10.0,RETURNED,5.0,,TANGER,MOBILE APP,CASH,RETURNED,2025-07-02,5.0,,,5.0,True,,CUST01583,P0059,False,False,REJECT
ORD025145,06/01/2025,CUST04115,P0072,Agadir,Mobile App,Wallet,,1714.62,10.0,DELIVERED,5.0,4.9,AGADIR,MOBILE APP,WALLET,DELIVERED,2025-01-06,,1714.62,10.0,5.0,False,4.9,CUST04115,P0072,False,False,REJECT
ORD000743,10-21-2025,CUST02243,P0009,Kenitra,Marketplace,Bank Transfer,3.0,172.95,-10.0,DELIVERED,6.0,,KENITRA,MARKETPLACE,BANK TRANSFER,DELIVERED,2025-10-21,3.0,172.95,,6.0,True,,CUST02243,P0009,False,False,REJECT
ORD025898,2025-11-04,CUST04664,P0029,Casablanca,Website,Cash,,2057.84,10.0,RETURNED,5.0,,CASABLANCA,WEBSITE,CASH,RETURNED,2025-11-04,,2057.84,10.0,5.0,True,,CUST04664,P0029,False,False,REJECT
ORD007315,01-06-2025,CUST04684,P0001,Kenitra,Mobile App,Wallet,,120.7,20.0,DELIVERED,2.0,4.5,KENITRA,MOBILE APP,WALLET,DELIVERED,2025-01-06,,120.7,20.0,2.0,False,4.5,CUST04684,P0001,False,False,REJECT
ORD004902,20/06/2025,CUST03359,P0006,Marrakech,Website,Card,,1161.14,10.0,DELIVERED,5.0,5.0,MARRAKECH,WEBSITE,CARD,DELIVERED,2025-06-20,,1161.14,10.0,5.0,False,5.0,CUST03359,P0006,False,False,REJECT
ORD009123,2025-08-06,CUST00148,P0078,Agadir,Website,Bank Transfer,-1.0,1833.28,20.0,DELIVERED,2.0,4.2,AGADIR,WEBSITE,BANK TRANSFER,DELIVERED,2025-08-06,,1833.28,20.0,2.0,False,4.2,CUST00148,P0078,False,False,REJECT
ORD009146,2025-06-02,CUST04320,P0068,Kenitra,Mobile App,Wallet,4.0,-25,0.0,CANCELLED,5.0,,KENITRA,MOBILE APP,WALLET,CANCELLED,2025-06-02,4.0,,0.0,5.0,True,,CUST04320,P0068,False,False,REJECT
ORD000524,2025-11-07,CUST01305,P0057,Kenitra,Mobile App,Bank Transfer,5.0,1003.2,105.0,DELIVERED,4.0,3.5,KENITRA,MOBILE APP,BANK TRANSFER,DELIVERED,2025-11-07,5.0,1003.2,,4.0,False,3.5,CUST01305,P0057,False,False,REJECT
ORD002408,03-05-2025,CUST02590,P0049,Fes,Marketplace,Cash,2.0,,0.0,DELIVERED,6.0,3.1,FES,MARKETPLACE,CASH,DELIVERED,2025-03-05,2.0,,0.0,6.0,False,3.1,CUST02590,P0049,False,False,REJECT
ORD005199,2025-05-23,CUST00088,P0094,Casablanca,Mobile App,Bank Transfer,,2282.22,5.0,DELIVERED,4.0,,CASABLANCA,MOBILE APP,BANK TRANSFER,DELIVERED,2025-05-23,,2282.22,5.0,4.0,True,,CUST00088,P0094,False,False,REJECT
ORD029123,2025-03-09,CUST03352,P0091,Marrakech,Marketplace,Bank Transfer,3.0,2352.45,,DELIVERED,6.0,,MARRAKECH,MARKETPLACE,BANK TRANSFER,DELIVERED,2025-03-09,3.0,2352.45,,6.0,True,,CUST03352,P0091,False,False,REJECT
ORD021256,2025-02-18,CUST04986,P0006,Agadir,Mobile App,Card,3.0,,15.0,CANCELLED,3.0,,AGADIR,MOBILE APP,CARD,CANCELLED,2025-02-18,3.0,,15.0,3.0,True,,CUST04986,P0006,False,False,REJECT
ORD017602,2025-08-17,CUST02465,P0079,Casablanca,Marketplace,CARD,1.0,-25,0.0,CANCELLED,6.0,,CASABLANCA,MARKETPLACE,CARD,CANCELLED,2025-08-17,1.0,,0.0,6.0,True,,CUST02465,P0079,False,False,REJECT
ORD014601,2025-02-14,CUST02463,P0023,Fes,Marketplace,Bank Transfer,4.0,1195.46,105.0,DELIVERED,3.0,4.6,FES,MARKETPLACE,BANK TRANSFER,DELIVERED,2025-02-14,4.0,1195.46,,3.0,False,4.6,CUST02463,P0023,False,False,REJECT
ORD020361,2025-12-27,CUST02274,P0055,Fes,Marketplace,Bank Transfer,-1.0,3167.38,20.0,DELIVERED,6.0,4.4,FES,MARKETPLACE,BANK TRANSFER,DELIVERED,2025-12-27,,3167.38,20.0,6.0,False,4.4,CUST02274,P0055,False,False,REJECT
ORD004074,2025-08-24,CUST02284,P0010,Marrakech,Website,Card,2.0,-25,5.0,CANCELLED,4.0,,MARRAKECH,WEBSITE,CARD,CANCELLED,2025-08-24,2.0,,5.0,4.0,True,,CUST02284,P0010,False,False,REJECT
ORD022894,2025-04-12,CUST02468,P0077,Kenitra,Marketplace,Card,,1126.0,10.0,DELIVERED,7.0,3.6,KENITRA,MARKETPLACE,CARD,DELIVERED,2025-04-12,,1126.0,10.0,7.0,False,3.6,CUST02468,P0077,False,False,REJECT
ORD003555,22/02/2025,CUST04315,P0078,Kenitra,Marketplace,Bank Transfer,-1.0,1875.48,5.0,DELIVERED,5.0,,KENITRA,MARKETPLACE,BANK TRANSFER,DELIVERED,2025-02-22,,1875.48,5.0,5.0,True,,CUST04315,P0078,False,False,REJECT
ORD004132,2025-03-02,,P0064,Agadir,Marketplace,Bank Transfer,,2557.54,25.0,DELIVERED,5.0,4.8,AGADIR,MARKETPLACE,BANK TRANSFER,DELIVERED,2025-03-02,,2557.54,25.0,5.0,False,4.8,UNKNOWN,P0064,False,True,REJECT
ORD027886,2025-04-17,CUST00208,P0065,Kenitra,Marketplace,Cash,1.0,163.96,105.0,PENDING,5.0,,KENITRA,MARKETPLACE,CASH,PENDING,2025-04-17,1.0,163.96,,5.0,True,,CUST00208,P0065,False,False,REJECT
ORD003959,2025-01-29,CUST03862,P0092,Tanger,Website,Card,6.0,,10.0,DELIVERED,6.0,3.4,TANGER,WEBSITE,CARD,DELIVERED,2025-01-29,6.0,,10.0,6.0,False,3.4,CUST03862,P0092,False,False,REJECT
ORD000497,2025-08-06,CUST00414,P0023,Tanger,Mobile App,Cash,0.0,1184.4,5.0,DELIVERED,6.0,,TANGER,MOBILE APP,CASH,DELIVERED,2025-08-06,,1184.4,5.0,6.0,True,,CUST00414,P0023,False,False,REJECT
ORD001424,01/02/2025,CUST00981,P0026,Marrakech,Mobile App,Wallet,0.0,812.31,0.0,DELIVERED,5.0,4.0,MARRAKECH,MOBILE APP,WALLET,DELIVERED,2025-02-01,,812.31,0.0,5.0,False,4.0,CUST00981,P0026,False,False,REJECT
ORD010427,2025-04-02,CUST04279,P0053,Fes,Store,cash,0.0,903.15,15.0,DELIVERED,3.0,3.3,FES,STORE,CASH,DELIVERED,2025-04-02,,903.15,15.0,3.0,False,3.3,CUST04279,P0053,False,False,REJECT
ORD023645,2025-12-29,CUST04090,P0055,Agadir,Store,Card,1.0,3188.59,,DELIVERED,4.0,4.3,AGADIR,STORE,CARD,DELIVERED,2025-12-29,1.0,3188.59,,4.0,False,4.3,CUST04090,P0055,False,False,REJECT
ORD023541,2025-11-22,CUST03422,P0054,Marrakech,Store,Bank Transfer,4.0,,20.0,DELIVERED,6.0,4.4,MARRAKECH,STORE,BANK TRANSFER,DELIVERED,2025-11-22,4.0,,20.0,6.0,False,4.4,CUST03422,P0054,False,False,REJECT
ORD027414,2025-07-11,CUST02243,P0080,Marrakech,Mobile App,Bank Transfer,3.0,2609.29,105.0,delivered,3.0,,MARRAKECH,MOBILE APP,BANK TRANSFER,DELIVERED,2025-07-11,3.0,2609.29,,3.0,True,,CUST02243,P0080,False,False,REJECT
ORD019732,2025-06-29,CUST03598,P0120,Agadir,Mobile App,Cash,2.0,1337.45,105.0,DELIVERED,4.0,3.7,AGADIR,MOBILE APP,CASH,DELIVERED,2025-06-29,2.0,1337.45,,4.0,False,3.7,CUST03598,P0120,False,False,REJECT
ORD021135,2025-09-09,CUST03673,P0052,Fes,Mobile App,Wallet,-1.0,1262.16,0.0,DELIVERED,4.0,4.0,FES,MOBILE APP,WALLET,DELIVERED,2025-09-09,,1262.16,0.0,4.0,False,4.0,CUST03673,P0052,False,False,REJECT
ORD026673,2025-12-15,CUST04710,P0044,Rabat,Store,Bank Transfer,2.0,1123.58,,DELIVERED,1.0,4.1,RABAT,STORE,BANK TRANSFER,DELIVERED,2025-12-15,2.0,1123.58,,1.0,False,4.1,CUST04710,P0044,False,False,REJECT
ORD000612,2025-10-31,CUST01724,P0058,MARRAKECH,Store,Bank Transfer,6.0,,30.0,DELIVERED,4.0,,MARRAKECH,STORE,BANK TRANSFER,DELIVERED,2025-10-31,6.0,,30.0,4.0,True,,CUST01724,P0058,False,False,REJECT
ORD029437,2025-08-08,CUST00680,P0056,Casablanca,Store,Bank Transfer,,1961.94,20.0,DELIVERED,3.0,,CASABLANCA,STORE,BANK TRANSFER,DELIVERED,2025-08-08,,1961.94,20.0,3.0,True,,CUST00680,P0056,False,False,REJECT
ORD004779,03-01-2025,CUST01766,P0035, Fes ,Marketplace,Cash,0.0,1828.8,15.0,CANCELLED,6.0,,FES,MARKETPLACE,CASH,CANCELLED,2025-03-01,,1828.8,15.0,6.0,True,,CUST01766,P0035,False,False,REJECT
ORD025957,2025-05-02,CUST00466,P0099,Casablanca,Website,Bank Transfer,-1.0,1218.25,5.0,PENDING,5.0,,CASABLANCA,WEBSITE,BANK TRANSFER,PENDING,2025-05-02,,1218.25,5.0,5.0,True,,CUST00466,P0099,False,False,REJECT
ORD006730,2025-10-31,CUST02868,P0096,Agadir,Mobile App,Cash,2.0,unknown,5.0,Delivered,6.0,3.6,AGADIR,MOBILE APP,CASH,DELIVERED,2025-10-31,2.0,,5.0,6.0,False,3.6,CUST02868,P0096,False,False,REJECT
ORD014122,31/05/2025,CUST00585,P0061,Fes,Mobile App,Bank Transfer,-1.0,1422.62,10.0,DELIVERED,4.0,3.6,FES,MOBILE APP,BANK TRANSFER,DELIVERED,2025-05-31,,1422.62,10.0,4.0,False,3.6,CUST00585,P0061,False,False,REJECT
ORD026588,18/10/2025,CUST04325,P0021,Agadir,Mobile App,Cash,1.0,-25,15.0,DELIVERED,5.0,,AGADIR,MOBILE APP,CASH,DELIVERED,2025-10-18,1.0,,15.0,5.0,True,,CUST04325,P0021,False,False,REJECT
ORD025933,2025-02-19,CUST00095,P0099,Fes,Website,Bank Transfer,6.0,unknown,5.0,RETURNED,3.0,3.1,FES,WEBSITE,BANK TRANSFER,RETURNED,2025-02-19,6.0,,5.0,3.0,False,3.1,CUST00095,P0099,False,False,REJECT
ORD020022,2025-04-03,CUST03320,P0038,Kenitra,Marketplace,Cash,-1.0,644.01,5.0,DELIVERED,4.0,3.8,KENITRA,MARKETPLACE,CASH,DELIVERED,2025-04-03,,644.01,5.0,4.0,False,3.8,CUST03320,P0038,False,False,REJECT
ORD021185,2025-04-04,CUST02961,P0029,Kenitra,Website,Wallet,2.0,2113.73,,DELIVERED,4.0,4.5,KENITRA,WEBSITE,WALLET,DELIVERED,2025-04-04,2.0,2113.73,,4.0,False,4.5,CUST02961,P0029,False,False,REJECT
ORD004956,2025-10-06,CUST04812,P0109,Rabat,Store,Bank Transfer,2.0,275.49,-10.0,DELIVERED,7.0,4.7,RABAT,STORE,BANK TRANSFER,DELIVERED,2025-10-06,2.0,275.49,,7.0,False,4.7,CUST04812,P0109,False,False,REJECT
ORD025907,2025-10-30,CUST03152,P0084,Casablanca,Store,Wallet,5.0,264.75,-10.0,DELIVERED,1.0,3.5,CASABLANCA,STORE,WALLET,DELIVERED,2025-10-30,5.0,264.75,,1.0,False,3.5,CUST03152,P0084,False,False,REJECT
ORD004151,2025-02-24,CUST04850,P0069,Agadir,Marketplace,Bank Transfer,1.0,unknown,10.0,PENDING,4.0,,AGADIR,MARKETPLACE,BANK TRANSFER,PENDING,2025-02-24,1.0,,10.0,4.0,True,,CUST04850,P0069,False,False,REJECT
ORD017913,2025-08-14,CUST01483,P0069,Marrakech,Store,Bank Transfer,,1131.51,20.0,CANCELLED,6.0,,MARRAKECH,STORE,BANK TRANSFER,CANCELLED,2025-08-14,,1131.51,20.0,6.0,True,,CUST01483,P0069,False,False,REJECT
ORD009462,2025-01-05,CUST04711,P0063,Tanger,Mobile App,Card,,2177.99,15.0,DELIVERED,4.0,,TANGER,MOBILE APP,CARD,DELIVERED,2025-01-05,,2177.99,15.0,4.0,True,,CUST04711,P0063,False,False,REJECT
ORD022518,2025-10-10,CUST00475,P0029,Rabat,Mobile App,Bank Transfer,1.0,-25,10.0,DELIVERED,4.0,4.4,RABAT,MOBILE APP,BANK TRANSFER,DELIVERED,2025-10-10,1.0,,10.0,4.0,False,4.4,CUST00475,P0029,False,False,REJECT
ORD017560,2025-12-19,CUST01186,P0113,Fes,Marketplace,Wallet,,2980.97,5.0,DELIVERED,5.0,3.7,FES,MARKETPLACE,WALLET,DELIVERED,2025-12-19,,2980.97,5.0,5.0,False,3.7,CUST01186,P0113,False,False,REJECT
ORD007649,04-08-2025,CUST00911,P0021,Tanger,Marketplace,Wallet,2.0,1632.88,105.0,Delivered,4.0,4.0,TANGER,MARKETPLACE,WALLET,DELIVERED,2025-04-08,2.0,1632.88,,4.0,False,4.0,CUST00911,P0021,False,False,REJECT
ORD010581,2025-05-14,CUST03929,P0092,Casablanca,Mobile App,Wallet,1.0,,5.0,PENDING,4.0,,CASABLANCA,MOBILE APP,WALLET,PENDING,2025-05-14,1.0,,5.0,4.0,True,,CUST03929,P0092,False,False,REJECT
ORD005774,2025-09-16,CUST03417,P0105,Agadir,Website,Wallet,,2137.39,30.0,DELIVERED,6.0,3.8,AGADIR,WEBSITE,WALLET,DELIVERED,2025-09-16,,2137.39,30.0,6.0,False,3.8,CUST03417,P0105,False,False,REJECT
ORD007149,24/06/2025,CUST02781,P0030,Kenitra,Store,Card,0.0,370.31,10.0,DELIVERED,5.0,3.4,KENITRA,STORE,CARD,DELIVERED,2025-06-24,,370.31,10.0,5.0,False,3.4,CUST02781,P0030,False,False,REJECT
ORD006094,2025-07-27,CUST02911,P0031,Fes,Mobile App,Wallet,1.0,,25.0,DELIVERED,4.0,4.9,FES,MOBILE APP,WALLET,DELIVERED,2025-07-27,1.0,,25.0,4.0,False,4.9,CUST02911,P0031,False,False,REJECT
ORD022684,27/04/2025,CUST04877,P0015,Tanger,Website,Cash,6.0,,10.0,DELIVERED,4.0,4.1,TANGER,WEBSITE,CASH,DELIVERED,2025-04-27,6.0,,10.0,4.0,False,4.1,CUST04877,P0015,False,False,REJECT
ORD000194,2025-08-23,CUST03566,P0076,Marrakech,Mobile App,Card,-1.0,2033.47,25.0, PENDING ,6.0,,MARRAKECH,MOBILE APP,CARD,PENDING,2025-08-23,,2033.47,25.0,6.0,True,,CUST03566,P0076,False,False,REJECT
ORD011979,2025-06-19,CUST03501,P0021,Casablanca,Website,Card,2.0,1606.5,,DELIVERED,4.0,3.5,CASABLANCA,WEBSITE,CARD,DELIVERED,2025-06-19,2.0,1606.5,,4.0,False,3.5,CUST03501,P0021,False,False,REJECT
ORD012670,2025-02-02,CUST04072,P0013,Agadir,Website,Cash,-1.0,3146.88,30.0,DELIVERED,6.0,,AGADIR,WEBSITE,CASH,DELIVERED,2025-02-02,,3146.88,30.0,6.0,True,,CUST04072,P0013,False,False,REJECT
ORD001594,2025-02-27,CUST03150,P0038,Kenitra,Store,Cash,2.0,634.48,105.0,DELIVERED,3.0,4.7,KENITRA,STORE,CASH,DELIVERED,2025-02-27,2.0,634.48,,3.0,False,4.7,CUST03150,P0038,False,False,REJECT
ORD009760,2025-07-26,CUST01558,P0062, Kenitra ,Marketplace,Card,2.0,1358.51,,DELIVERED,5.0,3.9,KENITRA,MARKETPLACE,CARD,DELIVERED,2025-07-26,2.0,1358.51,,5.0,False,3.9,CUST01558,P0062,False,False,REJECT
ORD006232,2025-12-27,CUST02695,P0022,Rabat,Website,Bank Transfer,4.0,789.42,,DELIVERED,3.0,5.0,RABAT,WEBSITE,BANK TRANSFER,DELIVERED,2025-12-27,4.0,789.42,,3.0,False,5.0,CUST02695,P0022,False,False,REJECT
ORD023818,2025-04-10,CUST03579,P0076,Fes,Mobile App,Cash,6.0,,0.0,DELIVERED,4.0,,FES,MOBILE APP,CASH,DELIVERED,2025-04-10,6.0,,0.0,4.0,True,,CUST03579,P0076,False,False,REJECT
ORD015222,2025-12-29,CUST03576,P0068,Marrakech,Website,Cash,4.0,unknown,5.0,DELIVERED,1.0,4.4,MARRAKECH,WEBSITE,CASH,DELIVERED,2025-12-29,4.0,,5.0,1.0,False,4.4,CUST03576,P0068,False,False,REJECT
ORD011894,2025-07-30,CUST00114,P0101,Agadir,Marketplace,Card,,314.22,5.0,DELIVERED,5.0,5.0,AGADIR,MARKETPLACE,CARD,DELIVERED,2025-07-30,,314.22,5.0,5.0,False,5.0,CUST00114,P0101,False,False,REJECT
ORD015649,2025-03-30,CUST02808,P0033,Marrakech,Marketplace,Cash,1.0,1673.74,-10.0,DELIVERED,2.0,3.4,MARRAKECH,MARKETPLACE,CASH,DELIVERED,2025-03-30,1.0,1673.74,,2.0,False,3.4,CUST02808,P0033,False,False,REJECT
ORD011279,2025-10-10,CUST04362,P0010,Kenitra,Marketplace,Bank Transfer,1.0,2433.32,,DELIVERED,5.0,,KENITRA,MARKETPLACE,BANK TRANSFER,DELIVERED,2025-10-10,1.0,2433.32,,5.0,True,,CUST04362,P0010,False,False,REJECT
ORD005917,2025-12-31,CUST01280,P0101,Casablanca,Mobile App,Bank Transfer,,301.89,10.0,DELIVERED,4.0,5.0,CASABLANCA,MOBILE APP,BANK TRANSFER,DELIVERED,2025-12-31,,301.89,10.0,4.0,False,5.0,CUST01280,P0101,False,False,REJECT
ORD016987,2025-04-08,CUST04673,P0051,Fes,Website,Card,2.0,unknown,15.0,RETURNED,8.0,2.4,FES,WEBSITE,CARD,RETURNED,2025-04-08,2.0,,15.0,8.0,False,2.4,CUST04673,P0051,False,False,REJECT
ORD003186,2025-07-07,CUST03124,P0117,Marrakech,Store,cash,1.0,,15.0,DELIVERED,6.0,3.6,MARRAKECH,STORE,CASH,DELIVERED,2025-07-07,1.0,,15.0,6.0,False,3.6,CUST03124,P0117,False,False,REJECT
ORD005536,2025-02-06,CUST03083,P0105,Fes,Mobile App,Bank Transfer,2.0,2290.25,105.0,DELIVERED,4.0,,FES,MOBILE APP,BANK TRANSFER,DELIVERED,2025-02-06,2.0,2290.25,,4.0,True,,CUST03083,P0105,False,False,REJECT
ORD009785,2025-07-24,CUST00477,P0032,Agadir,Store,Wallet,0.0,3186.37,20.0,DELIVERED,5.0,3.7,AGADIR,STORE,WALLET,DELIVERED,2025-07-24,,3186.37,20.0,5.0,False,3.7,CUST00477,P0032,False,False,REJECT
ORD002596,2025-10-18,CUST00223,P0076,Fes,Marketplace,Cash,1.0,1885.62,,DELIVERED,4.0,,FES,MARKETPLACE,CASH,DELIVERED,2025-10-18,1.0,1885.62,,4.0,True,,CUST00223,P0076,False,False,REJECT
ORD028952,2025-09-22,CUST00084,P0032,Tanger, Mobile App ,Wallet,3.0,3141.15,,RETURNED,7.0,,TANGER,MOBILE APP,WALLET,RETURNED,2025-09-22,3.0,3141.15,,7.0,True,,CUST00084,P0032,False,False,REJECT
ORD002023,2025-12-07,CUST00299,P0092,Rabat,Store,Cash,-1.0,259.63,30.0,DELIVERED,5.0,,RABAT,STORE,CASH,DELIVERED,2025-12-07,,259.63,30.0,5.0,True,,CUST00299,P0092,False,False,REJECT
ORD024060,2025-01-01,CUST00742,P0113,Casablanca,Store,Bank Transfer,3.0,,15.0,DELIVERED,4.0,4.0,CASABLANCA,STORE,BANK TRANSFER,DELIVERED,2025-01-01,3.0,,15.0,4.0,False,4.0,CUST00742,P0113,False,False,REJECT
ORD026293,2025-09-14,CUST03310,P0048,Marrakech,Website,Card,1.0,,5.0,DELIVERED,3.0,,MARRAKECH,WEBSITE,CARD,DELIVERED,2025-09-14,1.0,,5.0,3.0,True,,CUST03310,P0048,False,False,REJECT
ORD001343,2025-11-17,CUST02758,P0088,Casablanca,Marketplace,Wallet,5.0,,30.0,DELIVERED,7.0,5.0,CASABLANCA,MARKETPLACE,WALLET,DELIVERED,2025-11-17,5.0,,30.0,7.0,False,5.0,CUST02758,P0088,False,False,REJECT
ORD003019,09/01/2025,CUST02948,P0022,Rabat,Mobile App,Cash,2.0,-25,15.0,DELIVERED,5.0,4.0,RABAT,MOBILE APP,CASH,DELIVERED,2025-01-09,2.0,,15.0,5.0,False,4.0,CUST02948,P0022,False,False,REJECT
ORD028161,2025-07-07,CUST00275,P0030,Agadir,Store,Bank Transfer,-1.0,370.76,10.0,DELIVERED,4.0,,AGADIR,STORE,BANK TRANSFER,DELIVERED,2025-07-07,,370.76,10.0,4.0,True,,CUST00275,P0030,False,False,REJECT
ORD002411,11/09/2025,CUST00098,P0028,Rabat,Store,Bank Transfer,6.0,2294.25,,PENDING,3.0,,RABAT,STORE,BANK TRANSFER,PENDING,2025-09-11,6.0,2294.25,,3.0,True,,CUST00098,P0028,False,False,REJECT
ORD010718,2025-03-24,CUST01490,P0016,Agadir,Mobile App,Card,6.0,unknown,20.0,DELIVERED,5.0,,AGADIR,MOBILE APP,CARD,DELIVERED,2025-03-24,6.0,,20.0,5.0,True,,CUST01490,P0016,False,False,REJECT
ORD015730,2025-03-26,CUST04583,P0048,Tanger,Marketplace, Bank Transfer ,0.0,1303.44,20.0,CANCELLED,7.0,,TANGER,MARKETPLACE,BANK TRANSFER,CANCELLED,2025-03-26,,1303.44,20.0,7.0,True,,CUST04583,P0048,False,False,REJECT
ORD017342,01/09/2025,CUST04734,P0082,Agadir,Website,Card,2.0,1022.93,,DELIVERED,4.0,4.5,AGADIR,WEBSITE,CARD,DELIVERED,2025-09-01,2.0,1022.93,,4.0,False,4.5,CUST04734,P0082,False,False,REJECT
ORD003654,03-31-2025,CUST04194,P0091,Tanger,Website,Card,5.0,unknown,15.0,DELIVERED,2.0,3.0,TANGER,WEBSITE,CARD,DELIVERED,2025-03-31,5.0,,15.0,2.0,False,3.0,CUST04194,P0091,False,False,REJECT
ORD004099,2025-04-27,CUST02604,P0056,Casablanca,Marketplace,Cash,1.0,unknown,0.0,DELIVERED,6.0,4.3,CASABLANCA,MARKETPLACE,CASH,DELIVERED,2025-04-27,1.0,,0.0,6.0,False,4.3,CUST02604,P0056,False,False,REJECT
ORD017940,2025-11-13,CUST02988,P0075,Kenitra,Store,Card,3.0,311.86,-10.0,CANCELLED,4.0,,KENITRA,STORE,CARD,CANCELLED,2025-11-13,3.0,311.86,,4.0,True,,CUST02988,P0075,False,False,REJECT
ORD009696,2025-07-29,CUST04272,P0001,Marrakech,Mobile App,Card,5.0,-25,0.0,DELIVERED,7.0,3.8,MARRAKECH,MOBILE APP,CARD,DELIVERED,2025-07-29,5.0,,0.0,7.0,False,3.8,CUST04272,P0001,False,False,REJECT
ORD011970,26/10/2025,CUST04008,P0039,Agadir,Marketplace,Bank Transfer,3.0,1736.26,105.0,CANCELLED,5.0,,AGADIR,MARKETPLACE,BANK TRANSFER,CANCELLED,2025-10-26,3.0,1736.26,,5.0,True,,CUST04008,P0039,False,False,REJECT
ORD022931,09-01-2025,CUST03308,P0083,Kenitra,Mobile App,Wallet,1.0,,0.0,RETURNED,6.0,4.1,KENITRA,MOBILE APP,WALLET,RETURNED,2025-09-01,1.0,,0.0,6.0,False,4.1,CUST03308,P0083,False,False,REJECT
ORD006184,2025-12-05,CUST02002,P0015,Fes,Mobile App,Bank Transfer,1.0,309.41,,DELIVERED,6.0,4.5,FES,MOBILE APP,BANK TRANSFER,DELIVERED,2025-12-05,1.0,309.41,,6.0,False,4.5,CUST02002,P0015,False,False,REJECT
ORD026082,2025-01-06,CUST04051,P0057,Rabat,Mobile App,Card,1.0,unknown,5.0,CANCELLED,1.0,,RABAT,MOBILE APP,CARD,CANCELLED,2025-01-06,1.0,,5.0,1.0,True,,CUST04051,P0057,False,False,REJECT
ORD022173,03-12-2025,CUST04127,P0105,Agadir,Mobile App,Wallet,3.0,unknown,0.0,PENDING,3.0,,AGADIR,MOBILE APP,WALLET,PENDING,2025-03-12,3.0,,0.0,3.0,True,,CUST04127,P0105,False,False,REJECT
ORD003420,2025-01-04,CUST04917,P0036,Casablanca,Mobile App,Card,5.0,,5.0,CANCELLED,3.0,,CASABLANCA,MOBILE APP,CARD,CANCELLED,2025-01-04,5.0,,5.0,3.0,True,,CUST04917,P0036,False,False,REJECT
ORD016695,2025-10-18,CUST04228,P0054,Marrakech,Marketplace,Wallet,1.0,,20.0,PENDING,4.0,,MARRAKECH,MARKETPLACE,WALLET,PENDING,2025-10-18,1.0,,20.0,4.0,True,,CUST04228,P0054,False,False,REJECT
ORD012395,2025-11-16,CUST02376,P0041,Rabat,Marketplace,Wallet,,567.52,25.0,PENDING,6.0,,RABAT,MARKETPLACE,WALLET,PENDING,2025-11-16,,567.52,25.0,6.0,True,,CUST02376,P0041,False,False,REJECT
ORD004498,2025-02-11,CUST03659,P0013,Casablanca,Mobile App,Cash,0.0,3145.77,15.0,DELIVERED,1.0,4.8,CASABLANCA,MOBILE APP,CASH,DELIVERED,2025-02-11,,3145.77,15.0,1.0,False,4.8,CUST03659,P0013,False,False,REJECT
ORD026964,2025-05-06,CUST01283,P0115,Agadir,Marketplace,Bank Transfer,1.0,2677.12,,DELIVERED,5.0,,AGADIR,MARKETPLACE,BANK TRANSFER,DELIVERED,2025-05-06,1.0,2677.12,,5.0,True,,CUST01283,P0115,False,False,REJECT
ORD001453,2025-11-02,CUST04266,P0106,Kenitra,Website,Bank Transfer,2.0,-25,15.0,RETURNED,6.0,3.1,KENITRA,WEBSITE,BANK TRANSFER,RETURNED,2025-11-02,2.0,,15.0,6.0,False,3.1,CUST04266,P0106,False,False,REJECT
ORD023461,2025-10-21,CUST02735,P0034,Fes,Store,Bank Transfer,0.0,2801.19,15.0,PENDING,5.0,,FES,STORE,BANK TRANSFER,PENDING,2025-10-21,,2801.19,15.0,5.0,True,,CUST02735,P0034,False,False,REJECT
ORD010054,2025-05-11,CUST03100,P0033,Marrakech,Marketplace,Card,4.0,1703.39,,DELIVERED,7.0,4.2,MARRAKECH,MARKETPLACE,CARD,DELIVERED,2025-05-11,4.0,1703.39,,7.0,False,4.2,CUST03100,P0033,False,False,REJECT
ORD019741,2025-06-03,CUST03077,P0052,Agadir,Website,Bank Transfer,,1221.53,25.0,DELIVERED,2.0,,AGADIR,WEBSITE,BANK TRANSFER,DELIVERED,2025-06-03,,1221.53,25.0,2.0,True,,CUST03077,P0052,False,False,REJECT
ORD021251,2025-10-04,CUST00499,P0099,Kenitra,Website,Bank Transfer,3.0,,20.0,PENDING,5.0,,KENITRA,WEBSITE,BANK TRANSFER,PENDING,2025-10-04,3.0,,20.0,5.0,True,,CUST00499,P0099,False,False,REJECT
ORD022279,2025-09-05,CUST02409,P0029,Casablanca,Marketplace,Cash,-1.0,2074.23,10.0,PENDING,5.0,,CASABLANCA,MARKETPLACE,CASH,PENDING,2025-09-05,,2074.23,10.0,5.0,True,,CUST02409,P0029,False,False,REJECT
ORD003145,2025-04-03,CUST03688,P0050,Casablanca,Website,Card,,1755.29,0.0,DELIVERED,4.0,4.1,CASABLANCA,WEBSITE,CARD,DELIVERED,2025-04-03,,1755.29,0.0,4.0,False,4.1,CUST03688,P0050,False,False,REJECT
ORD000653,2025-08-28,CUST04240,P0112,Rabat,Mobile App,Cash,-1.0,1775.7,0.0,PENDING,2.0,,RABAT,MOBILE APP,CASH,PENDING,2025-08-28,,1775.7,0.0,2.0,True,,CUST04240,P0112,False,False,REJECT
ORD007494,2025-07-06,CUST01664,P0060,Rabat,Mobile App,Card,1.0,-25,0.0,DELIVERED,3.0,3.8,RABAT,MOBILE APP,CARD,DELIVERED,2025-07-06,1.0,,0.0,3.0,False,3.8,CUST01664,P0060,False,False,REJECT
ORD016524,2025-07-17,CUST03533,P0095,Marrakech,Website,Cash,1.0,,5.0,DELIVERED,8.0,3.5,MARRAKECH,WEBSITE,CASH,DELIVERED,2025-07-17,1.0,,5.0,8.0,False,3.5,CUST03533,P0095,False,False,REJECT
ORD020399,30/11/2025,CUST04086,P0042,Agadir,Mobile App,Wallet,,434.15,15.0,RETURNED,4.0,,AGADIR,MOBILE APP,WALLET,RETURNED,2025-11-30,,434.15,15.0,4.0,True,,CUST04086,P0042,False,False,REJECT
ORD011736,2025-09-21,CUST01482,P0012,Marrakech,Website,Cash,-1.0,1409.72,15.0,PENDING,8.0,,MARRAKECH,WEBSITE,CASH,PENDING,2025-09-21,,1409.72,15.0,8.0,True,,CUST01482,P0012,False,False,REJECT
ORD008155,2025-10-24,CUST02890,P0044,Rabat,Marketplace,Wallet,-1.0,1171.99,20.0,PENDING,4.0,,RABAT,MARKETPLACE,WALLET,PENDING,2025-10-24,,1171.99,20.0,4.0,True,,CUST02890,P0044,False,False,REJECT
ORD021830,2025-04-09,CUST00537,P0066,Rabat,Store,Card,3.0,unknown,20.0,DELIVERED,4.0,3.4,RABAT,STORE,CARD,DELIVERED,2025-04-09,3.0,,20.0,4.0,False,3.4,CUST00537,P0066,False,False,REJECT
ORD001249,2025-12-07,CUST00506,P0055,Rabat,Mobile App,Card,,3147.76,0.0,DELIVERED,8.0,,RABAT,MOBILE APP,CARD,DELIVERED,2025-12-07,,3147.76,0.0,8.0,True,,CUST00506,P0055,False,False,REJECT
ORD009165,2025-12-09,CUST00159,P0115,Agadir,Store,Wallet,4.0,,5.0,RETURNED,6.0,2.3,AGADIR,STORE,WALLET,RETURNED,2025-12-09,4.0,,5.0,6.0,False,2.3,CUST00159,P0115,False,False,REJECT
ORD024187,2025-01-02,CUST03239,P0099,Casablanca,Marketplace,Card,2.0,1203.16,-10.0,DELIVERED,4.0,4.7,CASABLANCA,MARKETPLACE,CARD,DELIVERED,2025-01-02,2.0,1203.16,,4.0,False,4.7,CUST03239,P0099,False,False,REJECT
ORD028471,2025-07-22,CUST01727,P0106,Agadir,Store,Cash,5.0,-25,5.0,DELIVERED,5.0,4.5,AGADIR,STORE,CASH,DELIVERED,2025-07-22,5.0,,5.0,5.0,False,4.5,CUST01727,P0106,False,False,REJECT
ORD023626,15/09/2025,CUST04582,P0086, Kenitra , Website ,Card,4.0,-25,0.0,DELIVERED,2.0,4.5,KENITRA,WEBSITE,CARD,DELIVERED,2025-09-15,4.0,,0.0,2.0,False,4.5,CUST04582,P0086,False,False,REJECT
ORD000690,2025-03-13,CUST00054,P0038,Fes,Mobile App,Cash,1.0,625.46,-10.0,CANCELLED,2.0,,FES,MOBILE APP,CASH,CANCELLED,2025-03-13,1.0,625.46,,2.0,True,,CUST00054,P0038,False,False,REJECT
ORD019204,2025-01-04,CUST04576,P0077,Casablanca,Mobile App,Card,4.0,1137.18,-10.0,DELIVERED,1.0,2.2,CASABLANCA,MOBILE APP,CARD,DELIVERED,2025-01-04,4.0,1137.18,,1.0,False,2.2,CUST04576,P0077,False,False,REJECT
ORD002385,2025-04-19,CUST03083,P0094,Tanger, Store ,Card,0.0,2431.59,10.0,CANCELLED,6.0,,TANGER,STORE,CARD,CANCELLED,2025-04-19,,2431.59,10.0,6.0,True,,CUST03083,P0094,False,False,REJECT
ORD002481,2025-04-08,CUST02138,P0047,Rabat,Marketplace,Wallet,,475.22,20.0,PENDING,6.0,,RABAT,MARKETPLACE,WALLET,PENDING,2025-04-08,,475.22,20.0,6.0,True,,CUST02138,P0047,False,False,REJECT
ORD005992,08/07/2025,CUST00003,P0110,Casablanca,Marketplace,Card,,2268.47,5.0,DELIVERED,6.0,5.0,CASABLANCA,MARKETPLACE,CARD,DELIVERED,2025-07-08,,2268.47,5.0,6.0,False,5.0,CUST00003,P0110,False,False,REJECT
ORD004761,2025-06-16,CUST02326,P0092,Tanger,Store,Cash,5.0,unknown,5.0,CANCELLED,3.0,,TANGER,STORE,CASH,CANCELLED,2025-06-16,5.0,,5.0,3.0,True,,CUST02326,P0092,False,False,REJECT
ORD013073,2025-03-05,CUST04822,P0110,Agadir,Mobile App,Cash,3.0,2347.79,,PENDING,6.0,,AGADIR,MOBILE APP,CASH,PENDING,2025-03-05,3.0,2347.79,,6.0,True,,CUST04822,P0110,False,False,REJECT
ORD004008,2025-05-18,CUST01895,P0083,Agadir,Marketplace,Card,1.0,1670.2,105.0,DELIVERED,6.0,4.0,AGADIR,MARKETPLACE,CARD,DELIVERED,2025-05-18,1.0,1670.2,,6.0,False,4.0,CUST01895,P0083,False,False,REJECT
ORD003378,03-14-2025,CUST01736,P0105,Casablanca,Mobile App,Card,2.0,2240.95,,DELIVERED,3.0,,CASABLANCA,MOBILE APP,CARD,DELIVERED,2025-03-14,2.0,2240.95,,3.0,True,,CUST01736,P0105,False,False,REJECT
ORD020316,2025-01-12,CUST03390,P0008,Fes,Website,Bank Transfer,,2798.89,5.0,DELIVERED,6.0,4.3,FES,WEBSITE,BANK TRANSFER,DELIVERED,2025-01-12,,2798.89,5.0,6.0,False,4.3,CUST03390,P0008,False,False,REJECT
ORD008213,2025-01-21,CUST02506,P0102,Casablanca, Mobile App ,Card,6.0,730.75,105.0,PENDING,6.0,,CASABLANCA,MOBILE APP,CARD,PENDING,2025-01-21,6.0,730.75,,6.0,True,,CUST02506,P0102,False,False,REJECT
ORD021138,2025-08-02,CUST03055,P0034,Tanger,Marketplace,Bank Transfer,,2586.97,15.0,DELIVERED,3.0,,TANGER,MARKETPLACE,BANK TRANSFER,DELIVERED,2025-08-02,,2586.97,15.0,3.0,True,,CUST03055,P0034,False,False,REJECT
ORD022258,2025-05-31,CUST04195,P0017,Fes,Mobile App,Bank Transfer,4.0,529.21,105.0,CANCELLED,4.0,,FES,MOBILE APP,BANK TRANSFER,CANCELLED,2025-05-31,4.0,529.21,,4.0,True,,CUST04195,P0017,False,False,REJECT
ORD011935,2025-05-10,CUST04369,P0013,Rabat,Website,Bank Transfer,,3037.97,0.0,DELIVERED,1.0,,RABAT,WEBSITE,BANK TRANSFER,DELIVERED,2025-05-10,,3037.97,0.0,1.0,True,,CUST04369,P0013,False,False,REJECT
ORD022991,02-04-2025,CUST01037,P0073,Fes,Marketplace,Bank Transfer,6.0,1187.54,-10.0,DELIVERED,5.0,3.3,FES,MARKETPLACE,BANK TRANSFER,DELIVERED,2025-02-04,6.0,1187.54,,5.0,False,3.3,CUST01037,P0073,False,False,REJECT
ORD011990,2025-12-06,CUST01986,P0068,Casablanca,Mobile App,Card,1.0,,0.0,DELIVERED,6.0,,CASABLANCA,MOBILE APP,CARD,DELIVERED,2025-12-06,1.0,,0.0,6.0,True,,CUST01986,P0068,False,False,REJECT
ORD018230,2025-03-20,CUST03206,P0055,Tanger,Mobile App,Wallet,2.0,-25,0.0,RETURNED,7.0,2.5,TANGER,MOBILE APP,WALLET,RETURNED,2025-03-20,2.0,,0.0,7.0,False,2.5,CUST03206,P0055,False,False,REJECT
ORD015698,2025-09-19,CUST02709,P0051,Marrakech,Website,Cash,2.0,unknown,15.0,PENDING,8.0,,MARRAKECH,WEBSITE,CASH,PENDING,2025-09-19,2.0,,15.0,8.0,True,,CUST02709,P0051,False,False,REJECT
ORD001808,2025-03-16,CUST01131,P0068,Tanger,Store,Cash,2.0,unknown,0.0,DELIVERED,3.0,5.0,TANGER,STORE,CASH,DELIVERED,2025-03-16,2.0,,0.0,3.0,False,5.0,CUST01131,P0068,False,False,REJECT
ORD012691,2025-08-01,CUST03471,P0032,Agadir,Mobile App,Cash,,3358.15,5.0,CANCELLED,4.0,,AGADIR,MOBILE APP,CASH,CANCELLED,2025-08-01,,3358.15,5.0,4.0,True,,CUST03471,P0032,False,False,REJECT
ORD018715,2025-01-15,CUST00997,P0067,Marrakech,Mobile App,Wallet,4.0,-25,15.0,DELIVERED,6.0,3.9,MARRAKECH,MOBILE APP,WALLET,DELIVERED,2025-01-15,4.0,,15.0,6.0,False,3.9,CUST00997,P0067,False,False,REJECT
ORD027211,2025-01-16,CUST00087,P0082,Rabat,Mobile App,Bank Transfer,3.0,1005.23,105.0,CANCELLED,5.0,,RABAT,MOBILE APP,BANK TRANSFER,CANCELLED,2025-01-16,3.0,1005.23,,5.0,True,,CUST00087,P0082,False,False,REJECT
ORD017904,2025-01-08,CUST01621,P0059,Kenitra,Website,Bank Transfer,1.0,-25,10.0,CANCELLED,6.0,,KENITRA,WEBSITE,BANK TRANSFER,CANCELLED,2025-01-08,1.0,,10.0,6.0,True,,CUST01621,P0059,False,False,REJECT
ORD011703,2025-02-12,CUST02227,P0031,Rabat,Marketplace,Wallet,-1.0,1292.17,5.0,CANCELLED,4.0,,RABAT,MARKETPLACE,WALLET,CANCELLED,2025-02-12,,1292.17,5.0,4.0,True,,CUST02227,P0031,False,False,REJECT
ORD011986,2025-08-05,CUST02526,P0057,Tanger,Mobile App,Wallet,2.0,964.07,,DELIVERED,2.0,4.0,TANGER,MOBILE APP,WALLET,DELIVERED,2025-08-05,2.0,964.07,,2.0,False,4.0,CUST02526,P0057,False,False,REJECT
ORD023485,2025-04-22,CUST04021,P0052,Rabat,Marketplace,Cash,0.0,1204.19,30.0,DELIVERED,8.0,,RABAT,MARKETPLACE,CASH,DELIVERED,2025-04-22,,1204.19,30.0,8.0,True,,CUST04021,P0052,False,False,REJECT
ORD014772,2025-11-23,CUST03573,P0115,Tanger,Mobile App,Cash,1.0,2870.71,105.0,DELIVERED,6.0,2.5,TANGER,MOBILE APP,CASH,DELIVERED,2025-11-23,1.0,2870.71,,6.0,False,2.5,CUST03573,P0115,False,False,REJECT
ORD003299,2025-05-19,CUST01883,P0072,Kenitra,Website,Wallet,2.0,,20.0,DELIVERED,8.0,4.0,KENITRA,WEBSITE,WALLET,DELIVERED,2025-05-19,2.0,,20.0,8.0,False,4.0,CUST01883,P0072,False,False,REJECT
ORD023204,2025-04-25,CUST02149,P0098,Casablanca,Marketplace,Bank Transfer,2.0,-25,0.0, CANCELLED ,6.0,,CASABLANCA,MARKETPLACE,BANK TRANSFER,CANCELLED,2025-04-25,2.0,,0.0,6.0,True,,CUST02149,P0098,False,False,REJECT
ORD021318,2025-03-13,CUST00718,P0075,Tanger,Website,Card,,298.05,10.0,DELIVERED,8.0,,TANGER,WEBSITE,CARD,DELIVERED,2025-03-13,,298.05,10.0,8.0,True,,CUST00718,P0075,False,False,REJECT
ORD007975,2025-07-16,CUST02866,P0064,Kenitra,Mobile App,Card,0.0,2549.78,0.0,PENDING,5.0,,KENITRA,MOBILE APP,CARD,PENDING,2025-07-16,,2549.78,0.0,5.0,True,,CUST02866,P0064,False,False,REJECT
ORD014495,2025-09-09,CUST03058,P0014,Tanger,Store,Cash,1.0,,15.0,DELIVERED,8.0,4.5,TANGER,STORE,CASH,DELIVERED,2025-09-09,1.0,,15.0,8.0,False,4.5,CUST03058,P0014,False,False,REJECT
ORD017174,2025-03-15,CUST04071,P0028,Casablanca,Store,Card,2.0,2469.59,-10.0,cancelled,4.0,,CASABLANCA,STORE,CARD,CANCELLED,2025-03-15,2.0,2469.59,,4.0,True,,CUST04071,P0028,False,False,REJECT
ORD027071,2025-10-04,CUST00005,P0086,Rabat,Website,Card,4.0,815.3,,RETURNED,4.0,2.2,RABAT,WEBSITE,CARD,RETURNED,2025-10-04,4.0,815.3,,4.0,False,2.2,CUST00005,P0086,False,False,REJECT
ORD006589,2025-03-04,CUST01277,P0110,Kenitra,Mobile App,Card,3.0,-25,0.0,DELIVERED,3.0,,KENITRA,MOBILE APP,CARD,DELIVERED,2025-03-04,3.0,,0.0,3.0,True,,CUST01277,P0110,False,False,REJECT
ORD018210,2025-10-23,CUST01827,P0078,Marrakech,Mobile App,Card,1.0,1881.19,,DELIVERED,2.0,4.7,MARRAKECH,MOBILE APP,CARD,DELIVERED,2025-10-23,1.0,1881.19,,2.0,False,4.7,CUST01827,P0078,False,False,REJECT
ORD003098,2025-02-20,CUST03495,P0086,Marrakech,Mobile App,Wallet,3.0,,15.0,DELIVERED,5.0,4.8,MARRAKECH,MOBILE APP,WALLET,DELIVERED,2025-02-20,3.0,,15.0,5.0,False,4.8,CUST03495,P0086,False,False,REJECT
ORD002295,2025-01-03,CUST02478,P0031,Casablanca,Marketplace,Cash,2.0,1321.46,105.0,DELIVERED,6.0,5.0,CASABLANCA,MARKETPLACE,CASH,DELIVERED,2025-01-03,2.0,1321.46,,6.0,False,5.0,CUST02478,P0031,False,False,REJECT
ORD028867,2025-05-27,CUST02098,P0014,Agadir,Mobile App,Wallet,1.0,568.23,105.0,DELIVERED,6.0,,AGADIR,MOBILE APP,WALLET,DELIVERED,2025-05-27,1.0,568.23,,6.0,True,,CUST02098,P0014,False,False,REJECT
ORD019312,18/07/2025,CUST00807,P0003,Fes,Mobile App,Wallet,1.0,unknown,0.0,CANCELLED,5.0,,FES,MOBILE APP,WALLET,CANCELLED,2025-07-18,1.0,,0.0,5.0,True,,CUST00807,P0003,False,False,REJECT
ORD014955,08/08/2025,CUST04221,P0011,Fes,Mobile App,Wallet,-1.0,948.89,15.0,RETURNED,7.0,,FES,MOBILE APP,WALLET,RETURNED,2025-08-08,,948.89,15.0,7.0,True,,CUST04221,P0011,False,False,REJECT
ORD003136,25/08/2025,CUST02020,P0069,Casablanca,Mobile App,Wallet,5.0,unknown,20.0,DELIVERED,5.0,5.0,CASABLANCA,MOBILE APP,WALLET,DELIVERED,2025-08-25,5.0,,20.0,5.0,False,5.0,CUST02020,P0069,False,False,REJECT
ORD002005,04/04/2025,CUST01789,P0024,Fes,Mobile App,Bank Transfer,-1.0,985.53,10.0,DELIVERED,3.0,3.9,FES,MOBILE APP,BANK TRANSFER,DELIVERED,2025-04-04,,985.53,10.0,3.0,False,3.9,CUST01789,P0024,False,False,REJECT
ORD002614,2025-09-25,CUST00553,P0022,Tanger,Mobile App,Card,3.0,-25,25.0,DELIVERED,5.0,3.4,TANGER,MOBILE APP,CARD,DELIVERED,2025-09-25,3.0,,25.0,5.0,False,3.4,CUST00553,P0022,False,False,REJECT
ORD018001,2025-08-02,CUST00984,P0059,Fes,Mobile App,Card,0.0,498.03,0.0,DELIVERED,4.0,5.0,FES,MOBILE APP,CARD,DELIVERED,2025-08-02,,498.03,0.0,4.0,False,5.0,CUST00984,P0059,False,False,REJECT
ORD001465,12-08-2025,CUST03757,P0043,Rabat,Store,Card,3.0,unknown,20.0,DELIVERED,8.0,5.0,RABAT,STORE,CARD,DELIVERED,2025-12-08,3.0,,20.0,8.0,False,5.0,CUST03757,P0043,False,False,REJECT
ORD027472,18/12/2025,CUST01409,P0090,Tanger,Store,Card,2.0,2255.53,105.0,DELIVERED,1.0,4.4,TANGER,STORE,CARD,DELIVERED,2025-12-18,2.0,2255.53,,1.0,False,4.4,CUST01409,P0090,False,False,REJECT
ORD009373,2025-01-11,CUST00496,P0058,Marrakech,Marketplace,Wallet,2.0,-25,30.0,DELIVERED,7.0,3.6,MARRAKECH,MARKETPLACE,WALLET,DELIVERED,2025-01-11,2.0,,30.0,7.0,False,3.6,CUST00496,P0058,False,False,REJECT
ORD007129,2025-04-28,CUST02384,P0013,Agadir,Website,Wallet,2.0,unknown,15.0,DELIVERED,3.0,,AGADIR,WEBSITE,WALLET,DELIVERED,2025-04-28,2.0,,15.0,3.0,True,,CUST02384,P0013,False,False,REJECT
ORD006466,2025-01-17,CUST01895,P0011,Kenitra,Mobile App,Card,,949.43,5.0,DELIVERED,7.0,4.9,KENITRA,MOBILE APP,CARD,DELIVERED,2025-01-17,,949.43,5.0,7.0,False,4.9,CUST01895,P0011,False,False,REJECT
ORD029128,2025-03-02,CUST04407,P0102,Fes,Mobile App,Bank Transfer,1.0,718.36,105.0,CANCELLED,4.0,,FES,MOBILE APP,BANK TRANSFER,CANCELLED,2025-03-02,1.0,718.36,,4.0,True,,CUST04407,P0102,False,False,REJECT
ORD015818,2025-12-20,CUST04371,P0118,Casablanca,Store,Cash,1.0,1831.32,,DELIVERED,5.0,4.2,CASABLANCA,STORE,CASH,DELIVERED,2025-12-20,1.0,1831.32,,5.0,False,4.2,CUST04371,P0118,False,False,REJECT
ORD017277,2025-07-04,CUST04061,P0042,Rabat,Website,Wallet,5.0,419.86,,DELIVERED,4.0,4.3,RABAT,WEBSITE,WALLET,DELIVERED,2025-07-04,5.0,419.86,,4.0,False,4.3,CUST04061,P0042,False,False,REJECT
ORD023742,2025-04-09,CUST01383,P0015,Fes,Marketplace,Wallet,0.0,303.78,0.0,DELIVERED,2.0,3.3,FES,MARKETPLACE,WALLET,DELIVERED,2025-04-09,,303.78,0.0,2.0,False,3.3,CUST01383,P0015,False,False,REJECT
ORD001431,2025-06-05,CUST04186,P0045,Kenitra,Website,Wallet,4.0,-25,15.0,PENDING,2.0,,KENITRA,WEBSITE,WALLET,PENDING,2025-06-05,4.0,,15.0,2.0,True,,CUST04186,P0045,False,False,REJECT
ORD028680,2025-03-31,CUST03865,P0116,Casablanca,Mobile App,Card,,1459.75,0.0,PENDING,2.0,,CASABLANCA,MOBILE APP,CARD,PENDING,2025-03-31,,1459.75,0.0,2.0,True,,CUST03865,P0116,False,False,REJECT
ORD025689,2025-01-31,CUST03297,P0090,marrakech,Marketplace,Wallet,2.0,-25,15.0, RETURNED ,5.0,4.7,MARRAKECH,MARKETPLACE,WALLET,RETURNED,2025-01-31,2.0,,15.0,5.0,False,4.7,CUST03297,P0090,False,False,REJECT
ORD025670,07-17-2025,CUST01424,P0106,Fes,Website,Cash,3.0,unknown,20.0,DELIVERED,4.0,4.4,FES,WEBSITE,CASH,DELIVERED,2025-07-17,3.0,,20.0,4.0,False,4.4,CUST01424,P0106,False,False,REJECT
ORD027169,2025-06-27,CUST04426,P0037,Tanger,Marketplace,Card,1.0,unknown,0.0,RETURNED,5.0,,TANGER,MARKETPLACE,CARD,RETURNED,2025-06-27,1.0,,0.0,5.0,True,,CUST04426,P0037,False,False,REJECT
ORD010613,2025-02-16,CUST00728,P0074,Rabat,Store,Cash,5.0,82.65,,Delivered,7.0,4.9,RABAT,STORE,CASH,DELIVERED,2025-02-16,5.0,82.65,,7.0,False,4.9,CUST00728,P0074,False,False,REJECT
ORD026185,2025-09-18,CUST00634,P0044,Agadir,Mobile App,Card,1.0,1203.17,-10.0,DELIVERED,3.0,4.4,AGADIR,MOBILE APP,CARD,DELIVERED,2025-09-18,1.0,1203.17,,3.0,False,4.4,CUST00634,P0044,False,False,REJECT
ORD017834,06-12-2025,CUST04762,P0076,Casablanca,Mobile App,Cash,1.0,1944.16,,DELIVERED,3.0,,CASABLANCA,MOBILE APP,CASH,DELIVERED,2025-06-12,1.0,1944.16,,3.0,True,,CUST04762,P0076,False,False,REJECT
ORD020219,2025-10-26,CUST03017,P0048,Kenitra,Mobile App,bank transfer,0.0,1352.74,15.0,PENDING,8.0,,KENITRA,MOBILE APP,BANK TRANSFER,PENDING,2025-10-26,,1352.74,15.0,8.0,True,,CUST03017,P0048,False,False,REJECT
ORD029246,2025-11-03,CUST03127,P0110,Kenitra,Mobile App,Wallet,-1.0,2369.79,25.0,RETURNED,3.0,2.7,KENITRA,MOBILE APP,WALLET,RETURNED,2025-11-03,,2369.79,25.0,3.0,False,2.7,CUST03127,P0110,False,False,REJECT
ORD002847,2025-10-17,CUST01297,P0076,Agadir,Website,Wallet,,1944.28,-10.0,DELIVERED,7.0,,AGADIR,WEBSITE,WALLET,DELIVERED,2025-10-17,,1944.28,,7.0,True,,CUST01297,P0076,False,False,REJECT
ORD027053,2025-05-25,CUST01846,P0005,Kenitra,Store,Cash,-1.0,894.52,0.0,DELIVERED,3.0,,KENITRA,STORE,CASH,DELIVERED,2025-05-25,,894.52,0.0,3.0,True,,CUST01846,P0005,False,False,REJECT
ORD010133,2025-08-06,CUST03402,P0112,Tanger,Marketplace,Card,1.0,1810.11,,RETURNED,8.0,2.6,TANGER,MARKETPLACE,CARD,RETURNED,2025-08-06,1.0,1810.11,,8.0,False,2.6,CUST03402,P0112,False,False,REJECT
ORD016633,2025-06-05,CUST04295,P0071,Rabat,Website,Cash,3.0,2391.86,-10.0,DELIVERED,1.0,2.9,RABAT,WEBSITE,CASH,DELIVERED,2025-06-05,3.0,2391.86,,1.0,False,2.9,CUST04295,P0071,False,False,REJECT
ORD026010,31/01/2025,CUST04049,P0117,Rabat,Marketplace,Cash,0.0,2025.33,10.0,DELIVERED,4.0,3.7,RABAT,MARKETPLACE,CASH,DELIVERED,2025-01-31,,2025.33,10.0,4.0,False,3.7,CUST04049,P0117,False,False,REJECT
ORD012556,2025-07-10,CUST02981,P0050,Tanger,Mobile App,Cash,1.0,-25,0.0,RETURNED,6.0,3.5,TANGER,MOBILE APP,CASH,RETURNED,2025-07-10,1.0,,0.0,6.0,False,3.5,CUST02981,P0050,False,False,REJECT
ORD009930,2025-11-12,CUST01355,P0119,Marrakech,Marketplace,Cash,4.0,-25,30.0,CANCELLED,4.0,,MARRAKECH,MARKETPLACE,CASH,CANCELLED,2025-11-12,4.0,,30.0,4.0,True,,CUST01355,P0119,False,False,REJECT
ORD022957,2025-03-15,CUST02222,P0007,Fes,Mobile App,Card,6.0,,0.0,DELIVERED,7.0,4.0,FES,MOBILE APP,CARD,DELIVERED,2025-03-15,6.0,,0.0,7.0,False,4.0,CUST02222,P0007,False,False,REJECT
ORD021652,2025-09-28,CUST00373,P0104,Marrakech,Marketplace,Bank Transfer,4.0,,15.0,PENDING,3.0,,MARRAKECH,MARKETPLACE,BANK TRANSFER,PENDING,2025-09-28,4.0,,15.0,3.0,True,,CUST00373,P0104,False,False,REJECT
ORD007298,28/06/2025,CUST01645,,Agadir,Website,Cash,1.0,-25,0.0,DELIVERED,5.0,,AGADIR,WEBSITE,CASH,DELIVERED,2025-06-28,1.0,,0.0,5.0,True,,CUST01645,,True,False,REJECT
ORD010938,03-06-2025,CUST04718,P0063,Kenitra,Mobile App,Card,0.0,2287.71,5.0,DELIVERED,4.0,4.9,KENITRA,MOBILE APP,CARD,DELIVERED,2025-03-06,,2287.71,5.0,4.0,False,4.9,CUST04718,P0063,False,False,REJECT
ORD000587,2025-01-14,CUST01287,P0098,Agadir,Marketplace,Bank Transfer,-1.0,1353.8,25.0,PENDING,4.0,,AGADIR,MARKETPLACE,BANK TRANSFER,PENDING,2025-01-14,,1353.8,25.0,4.0,True,,CUST01287,P0098,False,False,REJECT
ORD024061,2025-09-15,CUST03847,P0043,Tanger,Mobile App,Bank Transfer,6.0,1044.44,,CANCELLED,4.0,,TANGER,MOBILE APP,BANK TRANSFER,CANCELLED,2025-09-15,6.0,1044.44,,4.0,True,,CUST03847,P0043,False,False,REJECT
ORD019524,2025-05-04,CUST02640,P0035,Agadir,Website,Bank Transfer,1.0,unknown,10.0,RETURNED,9.0,2.4,AGADIR,WEBSITE,BANK TRANSFER,RETURNED,2025-05-04,1.0,,10.0,9.0,False,2.4,CUST02640,P0035,False,False,REJECT
ORD000571,2025-07-12,CUST01003,P0095,Marrakech,Mobile App,Cash,1.0,,10.0,DELIVERED,6.0,4.8,MARRAKECH,MOBILE APP,CASH,DELIVERED,2025-07-12,1.0,,10.0,6.0,False,4.8,CUST01003,P0095,False,False,REJECT
ORD019695,27/09/2025,CUST01556,P0096,Casablanca,Marketplace,Bank Transfer,4.0,unknown,15.0,DELIVERED,5.0,4.7,CASABLANCA,MARKETPLACE,BANK TRANSFER,DELIVERED,2025-09-27,4.0,,15.0,5.0,False,4.7,CUST01556,P0096,False,False,REJECT
ORD020614,15/08/2025,CUST04497,P0072,Casablanca,Marketplace,Wallet,1.0,1613.98,105.0,PENDING,4.0,,CASABLANCA,MARKETPLACE,WALLET,PENDING,2025-08-15,1.0,1613.98,,4.0,True,,CUST04497,P0072,False,False,REJECT
ORD025577,2025-04-24,CUST00543,P0044,Rabat,Mobile App,Card,3.0,-25,5.0,RETURNED,6.0,2.7,RABAT,MOBILE APP,CARD,RETURNED,2025-04-24,3.0,,5.0,6.0,False,2.7,CUST00543,P0044,False,False,REJECT
ORD012532,2025-08-01,CUST00822,P0025,Kenitra,Marketplace,Cash,4.0,156.2,,DELIVERED,5.0,3.8,KENITRA,MARKETPLACE,CASH,DELIVERED,2025-08-01,4.0,156.2,,5.0,False,3.8,CUST00822,P0025,False,False,REJECT
ORD011047,2025-01-11,CUST04975,P0089,Kenitra,Website,Card,2.0,3486.7,105.0,DELIVERED,3.0,4.4,KENITRA,WEBSITE,CARD,DELIVERED,2025-01-11,2.0,3486.7,,3.0,False,4.4,CUST04975,P0089,False,False,REJECT
ORD008692,2025-08-22,CUST02388,P0021,Kenitra,Mobile App,Cash,,1696.38,10.0,DELIVERED,2.0,4.9,KENITRA,MOBILE APP,CASH,DELIVERED,2025-08-22,,1696.38,10.0,2.0,False,4.9,CUST02388,P0021,False,False,REJECT
ORD017011,2025-12-10,CUST02214,P0050,Marrakech,Marketplace,Wallet,-1.0,1891.82,5.0,CANCELLED,5.0,,MARRAKECH,MARKETPLACE,WALLET,CANCELLED,2025-12-10,,1891.82,5.0,5.0,True,,CUST02214,P0050,False,False,REJECT
ORD011763,2025-07-15,CUST00685,P0116,Casablanca,WEBSITE,Card,4.0,1482.84,-10.0,DELIVERED,5.0,3.9,CASABLANCA,WEBSITE,CARD,DELIVERED,2025-07-15,4.0,1482.84,,5.0,False,3.9,CUST00685,P0116,False,False,REJECT
ORD013946,2025-12-23,CUST03149,P0098,Fes,Mobile App,Cash,2.0,,15.0,DELIVERED,5.0,3.6,FES,MOBILE APP,CASH,DELIVERED,2025-12-23,2.0,,15.0,5.0,False,3.6,CUST03149,P0098,False,False,REJECT
ORD006433,2025-11-23,CUST02609,P0105,Tanger,Website,Card,2.0,-25,15.0,CANCELLED,3.0,,TANGER,WEBSITE,CARD,CANCELLED,2025-11-23,2.0,,15.0,3.0,True,,CUST02609,P0105,False,False,REJECT
ORD006573,2025-01-10,CUST04884,P0030,Tanger,Mobile App,Card,2.0,unknown,25.0,DELIVERED,6.0,,TANGER,MOBILE APP,CARD,DELIVERED,2025-01-10,2.0,,25.0,6.0,True,,CUST04884,P0030,False,False,REJECT
ORD013896,2025-09-12,CUST02256,P0017,Marrakech,Mobile App,Cash,3.0,554.78,-10.0,PENDING,10.0,,MARRAKECH,MOBILE APP,CASH,PENDING,2025-09-12,3.0,554.78,,10.0,True,,CUST02256,P0017,False,False,REJECT
ORD020130,2025-09-17,CUST01871,P0025,Marrakech,MARKETPLACE,Bank Transfer,1.0,151.51,,RETURNED,8.0,,MARRAKECH,MARKETPLACE,BANK TRANSFER,RETURNED,2025-09-17,1.0,151.51,,8.0,True,,CUST01871,P0025,False,False,REJECT
ORD001264,2025-06-21,CUST03642,P0085,Marrakech,Marketplace,Card,,2901.55,25.0,RETURNED,4.0,2.0,MARRAKECH,MARKETPLACE,CARD,RETURNED,2025-06-21,,2901.55,25.0,4.0,False,2.0,CUST03642,P0085,False,False,REJECT
ORD029279,25/08/2025,CUST00360,P0058,Tanger,Website,Cash,3.0,2041.24,105.0,CANCELLED,5.0,,TANGER,WEBSITE,CASH,CANCELLED,2025-08-25,3.0,2041.24,,5.0,True,,CUST00360,P0058,False,False,REJECT
ORD016227,2025-02-09,CUST04421,,Agadir,Marketplace,Card,4.0,2804.25,-10.0,DELIVERED,6.0,4.4,AGADIR,MARKETPLACE,CARD,DELIVERED,2025-02-09,4.0,2804.25,,6.0,False,4.4,CUST04421,,True,False,REJECT
ORD024255,2025-10-25,CUST02172,P0037,Tanger,Mobile App,Cash,3.0,2398.61,-10.0,PENDING,6.0,,TANGER,MOBILE APP,CASH,PENDING,2025-10-25,3.0,2398.61,,6.0,True,,CUST02172,P0037,False,False,REJECT
ORD022226,2025-10-17,CUST04328,P0086,Tanger,Marketplace,Bank Transfer,,855.31,20.0,RETURNED,7.0,2.9,TANGER,MARKETPLACE,BANK TRANSFER,RETURNED,2025-10-17,,855.31,20.0,7.0,False,2.9,CUST04328,P0086,False,False,REJECT
ORD025482,03/02/2025,CUST03753,P0093,TANGER,Store,Wallet,-1.0,2096.87,15.0,DELIVERED,5.0,4.4,TANGER,STORE,WALLET,DELIVERED,2025-02-03,,2096.87,15.0,5.0,False,4.4,CUST03753,P0093,False,False,REJECT
ORD024762,05-22-2025,CUST04460,P0003,Marrakech,Website,Bank Transfer,,127.47,20.0,PENDING,3.0,,MARRAKECH,WEBSITE,BANK TRANSFER,PENDING,2025-05-22,,127.47,20.0,3.0,True,,CUST04460,P0003,False,False,REJECT
ORD017618,2025-07-31,CUST03051,P0092,Casablanca,Mobile App,Bank Transfer,0.0,266.75,10.0,PENDING,4.0,,CASABLANCA,MOBILE APP,BANK TRANSFER,PENDING,2025-07-31,,266.75,10.0,4.0,True,,CUST03051,P0092,False,False,REJECT
ORD010948,21/12/2025,CUST04887,P0012,Kenitra,Website,Bank Transfer,-1.0,1353.24,20.0,RETURNED,8.0,,KENITRA,WEBSITE,BANK TRANSFER,RETURNED,2025-12-21,,1353.24,20.0,8.0,True,,CUST04887,P0012,False,False,REJECT
ORD026378,11-21-2025,CUST04852,P0111,Casablanca,Website,Wallet,2.0,,20.0,DELIVERED,5.0,,CASABLANCA,WEBSITE,WALLET,DELIVERED,2025-11-21,2.0,,20.0,5.0,True,,CUST04852,P0111,False,False,REJECT
ORD020165,05-03-2025,CUST04751,P0108,Casablanca,Website,Card,6.0,unknown,15.0,CANCELLED,5.0,,CASABLANCA,WEBSITE,CARD,CANCELLED,2025-05-03,6.0,,15.0,5.0,True,,CUST04751,P0108,False,False,REJECT
ORD016104,2025-01-24,CUST03772,P0026,Rabat,Mobile App,Bank Transfer,,791.86,20.0,CANCELLED,4.0,,RABAT,MOBILE APP,BANK TRANSFER,CANCELLED,2025-01-24,,791.86,20.0,4.0,True,,CUST03772,P0026,False,False,REJECT
ORD025514,2025-09-12,CUST00905,P0093,Agadir,Marketplace,Bank Transfer,,2008.53,10.0,DELIVERED,6.0,,AGADIR,MARKETPLACE,BANK TRANSFER,DELIVERED,2025-09-12,,2008.53,10.0,6.0,True,,CUST00905,P0093,False,False,REJECT
ORD021116,2025-02-08,CUST04558,P0044,Agadir,Store,Cash,1.0,1208.26,,DELIVERED,3.0,4.9,AGADIR,STORE,CASH,DELIVERED,2025-02-08,1.0,1208.26,,3.0,False,4.9,CUST04558,P0044,False,False,REJECT
ORD027569,2025-06-08,CUST00020,P0088,Casablanca,Marketplace,Card,0.0,2234.41,15.0,CANCELLED,5.0,,CASABLANCA,MARKETPLACE,CARD,CANCELLED,2025-06-08,,2234.41,15.0,5.0,True,,CUST00020,P0088,False,False,REJECT
ORD005599,09-11-2025,CUST04548,P0019,Kenitra,Website,Wallet,,2731.33,0.0, CANCELLED ,5.0,,KENITRA,WEBSITE,WALLET,CANCELLED,2025-09-11,,2731.33,0.0,5.0,True,,CUST04548,P0019,False,False,REJECT
ORD010257,2025-08-01,CUST00850,P0052,Rabat,MOBILE APP,Bank Transfer,5.0,,15.0,DELIVERED,4.0,4.3,RABAT,MOBILE APP,BANK TRANSFER,DELIVERED,2025-08-01,5.0,,15.0,4.0,False,4.3,CUST00850,P0052,False,False,REJECT
ORD013573,2025-12-08,CUST01220,P0106,Fes,Store,Bank Transfer,,494.21,10.0,DELIVERED,6.0,,FES,STORE,BANK TRANSFER,DELIVERED,2025-12-08,,494.21,10.0,6.0,True,,CUST01220,P0106,False,False,REJECT
ORD008427,2025-02-14,CUST00320,P0091,Kenitra,Website,Card,0.0,2386.96,30.0,DELIVERED,5.0,4.7,KENITRA,WEBSITE,CARD,DELIVERED,2025-02-14,,2386.96,30.0,5.0,False,4.7,CUST00320,P0091,False,False,REJECT
ORD022496,2025-09-20,CUST00576,P0101,Fes,Website,Bank Transfer,0.0,303.62,10.0,DELIVERED,2.0,,FES,WEBSITE,BANK TRANSFER,DELIVERED,2025-09-20,,303.62,10.0,2.0,True,,CUST00576,P0101,False,False,REJECT
ORD026203,2025-10-08,CUST03229,P0082,Kenitra,Mobile App,Cash,1.0,unknown,10.0,DELIVERED,4.0,,KENITRA,MOBILE APP,CASH,DELIVERED,2025-10-08,1.0,,10.0,4.0,True,,CUST03229,P0082,False,False,REJECT
ORD021588,2025-08-18,CUST03934,P0073,Kenitra,Marketplace,Card,3.0,1245.32,105.0,CANCELLED,5.0,,KENITRA,MARKETPLACE,CARD,CANCELLED,2025-08-18,3.0,1245.32,,5.0,True,,CUST03934,P0073,False,False,REJECT
ORD025557,2025-06-25,CUST02400,P0044,Rabat,Mobile App,Bank Transfer,-1.0,1138.86,20.0,CANCELLED,1.0,,RABAT,MOBILE APP,BANK TRANSFER,CANCELLED,2025-06-25,,1138.86,20.0,1.0,True,,CUST02400,P0044,False,False,REJECT
ORD026113,2025-06-07,CUST04666,P0076,Casablanca,Mobile App,Wallet,3.0,1854.8,-10.0,DELIVERED,4.0,5.0,CASABLANCA,MOBILE APP,WALLET,DELIVERED,2025-06-07,3.0,1854.8,,4.0,False,5.0,CUST04666,P0076,False,False,REJECT
ORD027545,2025-01-22,CUST04601,P0088,Agadir,marketplace,Cash,3.0,2312.29,105.0,DELIVERED,9.0,3.7,AGADIR,MARKETPLACE,CASH,DELIVERED,2025-01-22,3.0,2312.29,,9.0,False,3.7,CUST04601,P0088,False,False,REJECT
ORD029110,2025-01-25,CUST03761,P0079,Rabat,Mobile App,Wallet,-1.0,1245.03,5.0, DELIVERED ,4.0,,RABAT,MOBILE APP,WALLET,DELIVERED,2025-01-25,,1245.03,5.0,4.0,True,,CUST03761,P0079,False,False,REJECT
ORD016113,2025-05-12,CUST00918,P0022,Rabat,Marketplace,Cash,3.0,-25,10.0,DELIVERED,7.0,,RABAT,MARKETPLACE,CASH,DELIVERED,2025-05-12,3.0,,10.0,7.0,True,,CUST00918,P0022,False,False,REJECT
ORD029569,2025-02-20,CUST04905,P0023,Agadir,Mobile App,Bank Transfer,5.0,unknown,15.0,DELIVERED,4.0,,AGADIR,MOBILE APP,BANK TRANSFER,DELIVERED,2025-02-20,5.0,,15.0,4.0,True,,CUST04905,P0023,False,False,REJECT
ORD005674,2025-04-11,CUST00630,P0025,Agadir,Mobile App,Cash,,148.81,30.0,CANCELLED,5.0,,AGADIR,MOBILE APP,CASH,CANCELLED,2025-04-11,,148.81,30.0,5.0,True,,CUST00630,P0025,False,False,REJECT
ORD012334,2025-12-03,CUST04326,P0068,Casablanca,Website,Bank Transfer,,2826.11,5.0,CANCELLED,5.0,,CASABLANCA,WEBSITE,BANK TRANSFER,CANCELLED,2025-12-03,,2826.11,5.0,5.0,True,,CUST04326,P0068,False,False,REJECT
ORD007497,2025-01-28,CUST04821,P0034,Agadir,Store,Card,2.0,2633.15,,PENDING,3.0,,AGADIR,STORE,CARD,PENDING,2025-01-28,2.0,2633.15,,3.0,True,,CUST04821,P0034,False,False,REJECT
ORD015799,2025-02-05,CUST03867,P0094,Kenitra,Mobile App,Wallet,1.0,-25,5.0,DELIVERED,6.0,4.4,KENITRA,MOBILE APP,WALLET,DELIVERED,2025-02-05,1.0,,5.0,6.0,False,4.4,CUST03867,P0094,False,False,REJECT
ORD026373,2025-06-13,CUST03605,P0059,Rabat,Marketplace,Wallet,2.0,,20.0,DELIVERED,4.0,3.4,RABAT,MARKETPLACE,WALLET,DELIVERED,2025-06-13,2.0,,20.0,4.0,False,3.4,CUST03605,P0059,False,False,REJECT
ORD013299,2025-05-25,CUST01170,P0101,Casablanca,Website,Bank Transfer,3.0,,0.0,DELIVERED,6.0,4.7,CASABLANCA,WEBSITE,BANK TRANSFER,DELIVERED,2025-05-25,3.0,,0.0,6.0,False,4.7,CUST01170,P0101,False,False,REJECT
ORD020351,2025-04-08,CUST00829,P0105,casablanca,Website,Card,2.0,2146.84,105.0,DELIVERED,6.0,3.5,CASABLANCA,WEBSITE,CARD,DELIVERED,2025-04-08,2.0,2146.84,,6.0,False,3.5,CUST00829,P0105,False,False,REJECT
ORD021660,10-13-2025,CUST02663,P0018,Agadir,Website,Bank Transfer,,1392.03,20.0,DELIVERED,6.0,3.8,AGADIR,WEBSITE,BANK TRANSFER,DELIVERED,2025-10-13,,1392.03,20.0,6.0,False,3.8,CUST02663,P0018,False,False,REJECT
ORD028383,2025-06-04,,P0040,Rabat,Marketplace,Bank Transfer,1.0,,5.0,DELIVERED,6.0,3.9,RABAT,MARKETPLACE,BANK TRANSFER,DELIVERED,2025-06-04,1.0,,5.0,6.0,False,3.9,UNKNOWN,P0040,False,True,REJECT
ORD015545,2025-10-05,CUST02219,P0078,Kenitra,Marketplace,Wallet,0.0,1892.93,20.0,CANCELLED,5.0,,KENITRA,MARKETPLACE,WALLET,CANCELLED,2025-10-05,,1892.93,20.0,5.0,True,,CUST02219,P0078,False,False,REJECT
ORD028642,11-01-2025,CUST02142,P0107,Tanger,Marketplace,Cash,2.0,unknown,15.0,PENDING,3.0,,TANGER,MARKETPLACE,CASH,PENDING,2025-11-01,2.0,,15.0,3.0,True,,CUST02142,P0107,False,False,REJECT
ORD010793,2025-10-10,CUST04456,P0108,Marrakech,Store,Wallet,5.0,,0.0,DELIVERED,4.0,5.0,MARRAKECH,STORE,WALLET,DELIVERED,2025-10-10,5.0,,0.0,4.0,False,5.0,CUST04456,P0108,False,False,REJECT
ORD008322,2025-09-02,CUST01493,P0066,MARRAKECH,Marketplace,Wallet,1.0,,15.0,RETURNED,3.0,3.4,MARRAKECH,MARKETPLACE,WALLET,RETURNED,2025-09-02,1.0,,15.0,3.0,False,3.4,CUST01493,P0066,False,False,REJECT
ORD008172,2025-10-11,CUST04470,P0064,Kenitra,Website,Cash,3.0,2340.31,-10.0,DELIVERED,1.0,4.5,KENITRA,WEBSITE,CASH,DELIVERED,2025-10-11,3.0,2340.31,,1.0,False,4.5,CUST04470,P0064,False,False,REJECT
ORD006177,2025-07-23,CUST01555,P0014,Agadir,Store,Bank Transfer,5.0,unknown,25.0,DELIVERED,9.0,5.0,AGADIR,STORE,BANK TRANSFER,DELIVERED,2025-07-23,5.0,,25.0,9.0,False,5.0,CUST01555,P0014,False,False,REJECT
ORD016827,2025-08-17,CUST03457,P0119,Marrakech,Website,Wallet,3.0,unknown,25.0,DELIVERED,3.0,4.4,MARRAKECH,WEBSITE,WALLET,DELIVERED,2025-08-17,3.0,,25.0,3.0,False,4.4,CUST03457,P0119,False,False,REJECT
ORD005757,2025-08-13,CUST03791,P0069,Tanger,Website,Card,3.0,1078.99,,DELIVERED,7.0,,TANGER,WEBSITE,CARD,DELIVERED,2025-08-13,3.0,1078.99,,7.0,True,,CUST03791,P0069,False,False,REJECT
ORD020401,2025-09-19,CUST00337,P0072,Casablanca,Website,Card,2.0,-25,25.0,DELIVERED,5.0,4.0,CASABLANCA,WEBSITE,CARD,DELIVERED,2025-09-19,2.0,,25.0,5.0,False,4.0,CUST00337,P0072,False,False,REJECT
ORD003360,2025-08-04,CUST01098,P0094,Agadir,Marketplace,Wallet,2.0,,10.0,DELIVERED,7.0,5.0,AGADIR,MARKETPLACE,WALLET,DELIVERED,2025-08-04,2.0,,10.0,7.0,False,5.0,CUST01098,P0094,False,False,REJECT
ORD007870,2025-01-11,CUST00375,P0069,Fes,Mobile App,Bank Transfer,2.0,-25,10.0,DELIVERED,2.0,5.0,FES,MOBILE APP,BANK TRANSFER,DELIVERED,2025-01-11,2.0,,10.0,2.0,False,5.0,CUST00375,P0069,False,False,REJECT
ORD019643,2025-07-13,CUST01725,P0037,FES,Website,Card,4.0,-25,0.0,DELIVERED,5.0,,FES,WEBSITE,CARD,DELIVERED,2025-07-13,4.0,,0.0,5.0,True,,CUST01725,P0037,False,False,REJECT
ORD005247,2025-10-29,CUST04581,P0089,Kenitra,Mobile App,Card,-1.0,3276.12,15.0,DELIVERED,2.0,,KENITRA,MOBILE APP,CARD,DELIVERED,2025-10-29,,3276.12,15.0,2.0,True,,CUST04581,P0089,False,False,REJECT
ORD009172,08/11/2025,CUST01780,P0119,Casablanca,Mobile App,Wallet,-1.0,2287.1,15.0,PENDING,4.0,,CASABLANCA,MOBILE APP,WALLET,PENDING,2025-11-08,,2287.1,15.0,4.0,True,,CUST01780,P0119,False,False,REJECT
ORD022963,2025-08-05,CUST04507,P0089,Tanger,Website,Wallet,0.0,3594.78,20.0,CANCELLED,5.0,,TANGER,WEBSITE,WALLET,CANCELLED,2025-08-05,,3594.78,20.0,5.0,True,,CUST04507,P0089,False,False,REJECT
ORD017007,2025-06-17,CUST01578,P0025,Marrakech,Marketplace,Wallet,2.0,-25,15.0,DELIVERED,,3.3,MARRAKECH,MARKETPLACE,WALLET,DELIVERED,2025-06-17,2.0,,15.0,,False,3.3,CUST01578,P0025,False,False,REJECT
ORD027546,2025-04-26,CUST01560,P0021,Rabat,Mobile App,Cash,1.0,1573.1,105.0,RETURNED,3.0,2.7,RABAT,MOBILE APP,CASH,RETURNED,2025-04-26,1.0,1573.1,,3.0,False,2.7,CUST01560,P0021,False,False,REJECT
ORD018768,2025-05-14,CUST00993,P0044,Casablanca,Marketplace,Card,-1.0,1114.76,25.0,PENDING,6.0,,CASABLANCA,MARKETPLACE,CARD,PENDING,2025-05-14,,1114.76,25.0,6.0,True,,CUST00993,P0044,False,False,REJECT
ORD014593,2025-10-29,CUST02234,P0116,Agadir,Marketplace,Card,1.0,,5.0,DELIVERED,7.0,3.1,AGADIR,MARKETPLACE,CARD,DELIVERED,2025-10-29,1.0,,5.0,7.0,False,3.1,CUST02234,P0116,False,False,REJECT
ORD026558,09-18-2025,CUST03145,P0018,Rabat,Mobile App,Cash,0.0,1344.91,10.0,CANCELLED,5.0,,RABAT,MOBILE APP,CASH,CANCELLED,2025-09-18,,1344.91,10.0,5.0,True,,CUST03145,P0018,False,False,REJECT
ORD017590,2025-08-28,CUST02600,P0088,Kenitra,Website,Cash,3.0,2242.56,-10.0,PENDING,6.0,,KENITRA,WEBSITE,CASH,PENDING,2025-08-28,3.0,2242.56,,6.0,True,,CUST02600,P0088,False,False,REJECT
ORD015837,2025-11-29,CUST04815,P0058,Kenitra,Store,Card,,2016.28,15.0,DELIVERED,2.0,,KENITRA,STORE,CARD,DELIVERED,2025-11-29,,2016.28,15.0,2.0,True,,CUST04815,P0058,False,False,REJECT
ORD003364,2025-04-10,CUST01239,P0015,Kenitra,Mobile App,Bank Transfer,,301.68,5.0,RETURNED,4.0,2.6,KENITRA,MOBILE APP,BANK TRANSFER,RETURNED,2025-04-10,,301.68,5.0,4.0,False,2.6,CUST01239,P0015,False,False,REJECT
ORD012842,2025-07-08,CUST02205,P0110,Rabat,Marketplace,Cash,5.0,2535.97,-10.0,DELIVERED,3.0,4.4,RABAT,MARKETPLACE,CASH,DELIVERED,2025-07-08,5.0,2535.97,,3.0,False,4.4,CUST02205,P0110,False,False,REJECT
ORD025696,2025-03-08,CUST00166,P0098,Marrakech,Website,Cash,1.0,,20.0,DELIVERED,2.0,4.6,MARRAKECH,WEBSITE,CASH,DELIVERED,2025-03-08,1.0,,20.0,2.0,False,4.6,CUST00166,P0098,False,False,REJECT
ORD006243,2025-07-01,CUST03420,P0007,Agadir,Mobile App,Cash,,2349.21,15.0,CANCELLED,2.0,,AGADIR,MOBILE APP,CASH,CANCELLED,2025-07-01,,2349.21,15.0,2.0,True,,CUST03420,P0007,False,False,REJECT
ORD016775,07-25-2025,CUST01309,P0019,Fes,Website,Wallet,,2640.53,20.0,DELIVERED,4.0,4.3,FES,WEBSITE,WALLET,DELIVERED,2025-07-25,,2640.53,20.0,4.0,False,4.3,CUST01309,P0019,False,False,REJECT
ORD004090,2025-01-28,CUST03467,P0057,Agadir,Mobile App,Wallet,,963.06,0.0,CANCELLED,3.0,,AGADIR,MOBILE APP,WALLET,CANCELLED,2025-01-28,,963.06,0.0,3.0,True,,CUST03467,P0057,False,False,REJECT
ORD004635,02-05-2025,CUST03045,P0106,Tanger,Website,Wallet,1.0,484.18,,PENDING,5.0,,TANGER,WEBSITE,WALLET,PENDING,2025-02-05,1.0,484.18,,5.0,True,,CUST03045,P0106,False,False,REJECT
ORD017902,05-10-2025,CUST00403,P0103,Marrakech,Marketplace,Card,4.0,unknown,25.0,DELIVERED,6.0,,MARRAKECH,MARKETPLACE,CARD,DELIVERED,2025-05-10,4.0,,25.0,6.0,True,,CUST00403,P0103,False,False,REJECT
ORD012194,2025-08-05,CUST00232,P0065,Kenitra,Mobile App,Bank Transfer,2.0,152.42,-10.0,DELIVERED,4.0,,KENITRA,MOBILE APP,BANK TRANSFER,DELIVERED,2025-08-05,2.0,152.42,,4.0,True,,CUST00232,P0065,False,False,REJECT
ORD013390,2025-03-27,CUST03499,P0119,Fes,Store,Card,1.0,2152.84,105.0,DELIVERED,2.0,4.6,FES,STORE,CARD,DELIVERED,2025-03-27,1.0,2152.84,,2.0,False,4.6,CUST03499,P0119,False,False,REJECT
ORD015673,2025-03-08,CUST01013,P0040,Rabat,Mobile App,Cash,2.0,280.8,-10.0,DELIVERED,2.0,,RABAT,MOBILE APP,CASH,DELIVERED,2025-03-08,2.0,280.8,,2.0,True,,CUST01013,P0040,False,False,REJECT
ORD009669,2025-09-25,CUST02619,P0120,Fes,Store,Cash,1.0,unknown,10.0,DELIVERED,2.0,,FES,STORE,CASH,DELIVERED,2025-09-25,1.0,,10.0,2.0,True,,CUST02619,P0120,False,False,REJECT
ORD022702,2025-09-03,CUST04518,P0050,Rabat,Store,Wallet,-1.0,1903.05,20.0,CANCELLED,3.0,,RABAT,STORE,WALLET,CANCELLED,2025-09-03,,1903.05,20.0,3.0,True,,CUST04518,P0050,False,False,REJECT
ORD008596,2025-07-26,CUST00155,P0103,Agadir,Website,Bank Transfer,1.0,,15.0,DELIVERED,4.0,3.7,AGADIR,WEBSITE,BANK TRANSFER,DELIVERED,2025-07-26,1.0,,15.0,4.0,False,3.7,CUST00155,P0103,False,False,REJECT
ORD015257,2025-10-27,CUST01896,P0074,Marrakech,Store,Cash,4.0,-25,20.0,CANCELLED,3.0,,MARRAKECH,STORE,CASH,CANCELLED,2025-10-27,4.0,,20.0,3.0,True,,CUST01896,P0074,False,False,REJECT
ORD005238,20/08/2025,CUST02625,P0036,Casablanca,Store,Cash,4.0,,0.0,DELIVERED,4.0,,CASABLANCA,STORE,CASH,DELIVERED,2025-08-20,4.0,,0.0,4.0,True,,CUST02625,P0036,False,False,REJECT
ORD022415,2025-12-15,CUST00084,P0075,Casablanca,Marketplace,Card,3.0,unknown,20.0,CANCELLED,5.0,,CASABLANCA,MARKETPLACE,CARD,CANCELLED,2025-12-15,3.0,,20.0,5.0,True,,CUST00084,P0075,False,False,REJECT
ORD024573,2025-05-25,CUST03911,P0011,RABAT,Marketplace,Card,1.0,,10.0,DELIVERED,8.0,,RABAT,MARKETPLACE,CARD,DELIVERED,2025-05-25,1.0,,10.0,8.0,True,,CUST03911,P0011,False,False,REJECT
ORD009140,2025-08-26,CUST02594,P0115,Kenitra,Marketplace,Wallet,1.0,2621.0,105.0,DELIVERED,7.0,,KENITRA,MARKETPLACE,WALLET,DELIVERED,2025-08-26,1.0,2621.0,,7.0,True,,CUST02594,P0115,False,False,REJECT
ORD001840,2025-03-24,CUST00961,P0100,Kenitra,Website,Cash,3.0,unknown,0.0,DELIVERED,4.0,2.5,KENITRA,WEBSITE,CASH,DELIVERED,2025-03-24,3.0,,0.0,4.0,False,2.5,CUST00961,P0100,False,False,REJECT
ORD020451,2025-11-18,CUST03211,P0113,Agadir,Store,Bank Transfer,2.0,2963.49,-10.0,PENDING,5.0,,AGADIR,STORE,BANK TRANSFER,PENDING,2025-11-18,2.0,2963.49,,5.0,True,,CUST03211,P0113,False,False,REJECT
ORD023192,02-26-2025,CUST01827,P0023,Tanger,Marketplace,Wallet,-1.0,1297.35,15.0,PENDING,7.0,,TANGER,MARKETPLACE,WALLET,PENDING,2025-02-26,,1297.35,15.0,7.0,True,,CUST01827,P0023,False,False,REJECT
ORD023222,2025-05-05,CUST01058,P0006,Tanger,Website,Bank Transfer,2.0,-25,20.0,DELIVERED,6.0,3.9,TANGER,WEBSITE,BANK TRANSFER,DELIVERED,2025-05-05,2.0,,20.0,6.0,False,3.9,CUST01058,P0006,False,False,REJECT
ORD008578,2025-03-12,CUST04418,P0027,Kenitra,Mobile App,Card,-1.0,3072.01,10.0,DELIVERED,4.0,,KENITRA,MOBILE APP,CARD,DELIVERED,2025-03-12,,3072.01,10.0,4.0,True,,CUST04418,P0027,False,False,REJECT
ORD027202,2025-01-13,CUST04508,P0103,Kenitra,Store,Wallet,1.0,unknown,0.0,DELIVERED,4.0,2.9,KENITRA,STORE,WALLET,DELIVERED,2025-01-13,1.0,,0.0,4.0,False,2.9,CUST04508,P0103,False,False,REJECT
ORD010086,2025-08-09,CUST02240,P0080,Rabat,Website,Wallet,1.0,2539.5,105.0,DELIVERED,3.0,,RABAT,WEBSITE,WALLET,DELIVERED,2025-08-09,1.0,2539.5,,3.0,True,,CUST02240,P0080,False,False,REJECT
ORD025290,2025-05-16,CUST02465,P0108,Rabat,Mobile App,Cash,2.0,,,DELIVERED,3.0,5.0,RABAT,MOBILE APP,CASH,DELIVERED,2025-05-16,2.0,,,3.0,False,5.0,CUST02465,P0108,False,False,REJECT
ORD029745,2025-11-10,CUST02691,P0034,Tanger,Store,Bank Transfer,3.0,2615.17,,PENDING,3.0,,TANGER,STORE,BANK TRANSFER,PENDING,2025-11-10,3.0,2615.17,,3.0,True,,CUST02691,P0034,False,False,REJECT
ORD026455,2025-09-20,CUST00788,P0088,Tanger,Website,Wallet,2.0,2243.29,,DELIVERED,4.0,3.6,TANGER,WEBSITE,WALLET,DELIVERED,2025-09-20,2.0,2243.29,,4.0,False,3.6,CUST00788,P0088,False,False,REJECT
ORD010127,2025-07-24,CUST02268,P0080,Tanger,Store,Bank Transfer,1.0,,15.0,PENDING,7.0,,TANGER,STORE,BANK TRANSFER,PENDING,2025-07-24,1.0,,15.0,7.0,True,,CUST02268,P0080,False,False,REJECT
ORD004633,2025-10-03,CUST04750,P0073,Kenitra,Website,Bank Transfer,1.0,unknown,10.0,PENDING,3.0,,KENITRA,WEBSITE,BANK TRANSFER,PENDING,2025-10-03,1.0,,10.0,3.0,True,,CUST04750,P0073,False,False,REJECT
ORD028114,2025-12-05,CUST04143,P0034,Casablanca,Website,Bank Transfer,,2831.91,0.0,PENDING,2.0,,CASABLANCA,WEBSITE,BANK TRANSFER,PENDING,2025-12-05,,2831.91,0.0,2.0,True,,CUST04143,P0034,False,False,REJECT
ORD002227,2025-04-25,CUST03349,P0083,Marrakech,Store,Card,,1693.39,30.0,DELIVERED,5.0,,MARRAKECH,STORE,CARD,DELIVERED,2025-04-25,,1693.39,30.0,5.0,True,,CUST03349,P0083,False,False,REJECT
ORD022710,2025-04-27,CUST04829,P0079,Agadir,Mobile App,Wallet,2.0,1220.05,-10.0,DELIVERED,1.0,4.6,AGADIR,MOBILE APP,WALLET,DELIVERED,2025-04-27,2.0,1220.05,,1.0,False,4.6,CUST04829,P0079,False,False,REJECT
ORD009463,2025-09-01,CUST01636,P0114,Tanger,Marketplace,Cash,2.0,2298.95,-10.0,CANCELLED,5.0,,TANGER,MARKETPLACE,CASH,CANCELLED,2025-09-01,2.0,2298.95,,5.0,True,,CUST01636,P0114,False,False,REJECT
ORD026348,2025-12-12,CUST03250,P0092,Marrakech,Store,Bank Transfer,1.0,-25,15.0,DELIVERED,2.0,4.8,MARRAKECH,STORE,BANK TRANSFER,DELIVERED,2025-12-12,1.0,,15.0,2.0,False,4.8,CUST03250,P0092,False,False,REJECT
ORD005452,2025-03-29,CUST04125,P0060,Agadir,Website,Cash,,353.93,0.0,DELIVERED,3.0,2.8,AGADIR,WEBSITE,CASH,DELIVERED,2025-03-29,,353.93,0.0,3.0,False,2.8,CUST04125,P0060,False,False,REJECT
ORD015828,27/07/2025,CUST00757,P0019,Agadir,Mobile App,Card,,2688.52,10.0,DELIVERED,4.0,,AGADIR,MOBILE APP,CARD,DELIVERED,2025-07-27,,2688.52,10.0,4.0,True,,CUST00757,P0019,False,False,REJECT
ORD010797,2025-05-24,CUST03190,P0019,Casablanca,Website,Cash,-1.0,2830.74,0.0,DELIVERED,4.0,4.3,CASABLANCA,WEBSITE,CASH,DELIVERED,2025-05-24,,2830.74,0.0,4.0,False,4.3,CUST03190,P0019,False,False,REJECT
ORD029797,2025-11-22,CUST01902,P0043,Marrakech,Marketplace,Cash,,987.82,20.0,PENDING,6.0,,MARRAKECH,MARKETPLACE,CASH,PENDING,2025-11-22,,987.82,20.0,6.0,True,,CUST01902,P0043,False,False,REJECT
ORD025611,2025-04-29,CUST02205,P0093,Kenitra,Website,Wallet,,2215.11,20.0,RETURNED,2.0,1.5,KENITRA,WEBSITE,WALLET,RETURNED,2025-04-29,,2215.11,20.0,2.0,False,1.5,CUST02205,P0093,False,False,REJECT
ORD028442,16/11/2025,CUST04883,P0010,Tanger,Website,Cash,-1.0,2407.16,10.0,RETURNED,5.0,,TANGER,WEBSITE,CASH,RETURNED,2025-11-16,,2407.16,10.0,5.0,True,,CUST04883,P0010,False,False,REJECT
ORD008255,2025-06-16,CUST00935,P0006,Marrakech,Mobile App,Wallet,-1.0,1098.12,15.0,DELIVERED,2.0,4.2,MARRAKECH,MOBILE APP,WALLET,DELIVERED,2025-06-16,,1098.12,15.0,2.0,False,4.2,CUST00935,P0006,False,False,REJECT
ORD007994,2025-04-17,CUST01155,P0019,Casablanca,Website,Cash,5.0,-25,25.0,PENDING,6.0,,CASABLANCA,WEBSITE,CASH,PENDING,2025-04-17,5.0,,25.0,6.0,True,,CUST01155,P0019,False,False,REJECT
ORD025054,2025-04-19,CUST00167,P0039,Tanger,Marketplace, Wallet ,0.0,1602.08,5.0,RETURNED,4.0,3.3,TANGER,MARKETPLACE,WALLET,RETURNED,2025-04-19,,1602.08,5.0,4.0,False,3.3,CUST00167,P0039,False,False,REJECT
ORD008025,2025-03-08,CUST03603,P0085,Kenitra,Store,Wallet,2.0,2710.03,,DELIVERED,4.0,3.9,KENITRA,STORE,WALLET,DELIVERED,2025-03-08,2.0,2710.03,,4.0,False,3.9,CUST03603,P0085,False,False,REJECT
ORD013917,2025-10-03,CUST03264,P0062,Tanger,Marketplace,Card,0.0,1443.25,10.0,CANCELLED,6.0,,TANGER,MARKETPLACE,CARD,CANCELLED,2025-10-03,,1443.25,10.0,6.0,True,,CUST03264,P0062,False,False,REJECT
ORD024003,2025-01-27,CUST02725,P0008,Tanger,Website,Cash,-1.0,2708.74,15.0,DELIVERED,4.0,4.2,TANGER,WEBSITE,CASH,DELIVERED,2025-01-27,,2708.74,15.0,4.0,False,4.2,CUST02725,P0008,False,False,REJECT
ORD022074,2025-01-01,CUST02806,P0047,Marrakech,Store,Cash,,523.19,25.0,RETURNED,4.0,1.0,MARRAKECH,STORE,CASH,RETURNED,2025-01-01,,523.19,25.0,4.0,False,1.0,CUST02806,P0047,False,False,REJECT
ORD012251,2025-09-16,CUST01676,P0031,Fes,Store,Wallet,0.0,1294.93,0.0,pending,6.0,,FES,STORE,WALLET,PENDING,2025-09-16,,1294.93,0.0,6.0,True,,CUST01676,P0031,False,False,REJECT
ORD010274,2025-02-11,CUST04863,P0052,Kenitra,Mobile App,Bank Transfer,2.0,-25,0.0,DELIVERED,6.0,4.5,KENITRA,MOBILE APP,BANK TRANSFER,DELIVERED,2025-02-11,2.0,,0.0,6.0,False,4.5,CUST04863,P0052,False,False,REJECT
ORD002749,2025-10-19,CUST02025,P0077,Fes,Marketplace,Wallet,2.0,1087.47,-10.0,DELIVERED,5.0,,FES,MARKETPLACE,WALLET,DELIVERED,2025-10-19,2.0,1087.47,,5.0,True,,CUST02025,P0077,False,False,REJECT
ORD013812,2025-01-07,CUST00397,P0104,Agadir,Marketplace,Bank Transfer,,1598.29,30.0,DELIVERED,7.0,3.4,AGADIR,MARKETPLACE,BANK TRANSFER,DELIVERED,2025-01-07,,1598.29,30.0,7.0,False,3.4,CUST00397,P0104,False,False,REJECT
ORD005075,2025-12-03,CUST00702,P0081,Tanger,Website,Cash,3.0,1177.52,105.0,RETURNED,5.0,,TANGER,WEBSITE,CASH,RETURNED,2025-12-03,3.0,1177.52,,5.0,True,,CUST00702,P0081,False,False,REJECT
ORD026422,04-29-2025,CUST02791,P0010,Casablanca,MOBILE APP,Card,2.0,2489.2,,RETURNED,3.0,,CASABLANCA,MOBILE APP,CARD,RETURNED,2025-04-29,2.0,2489.2,,3.0,True,,CUST02791,P0010,False,False,REJECT
ORD007144,2025-04-16,CUST01773,P0021,Fes,Website,Wallet,-1.0,1604.03,15.0,DELIVERED,3.0,4.5,FES,WEBSITE,WALLET,DELIVERED,2025-04-16,,1604.03,15.0,3.0,False,4.5,CUST01773,P0021,False,False,REJECT
ORD021155,03-15-2025,CUST00894,P0097,Marrakech,Website,Card,2.0,81.32,-10.0,DELIVERED,5.0,5.0,MARRAKECH,WEBSITE,CARD,DELIVERED,2025-03-15,2.0,81.32,,5.0,False,5.0,CUST00894,P0097,False,False,REJECT
ORD019007,2025-09-25,CUST01494,P0015,Agadir,Mobile App,Wallet,,302.54,0.0,CANCELLED,7.0,,AGADIR,MOBILE APP,WALLET,CANCELLED,2025-09-25,,302.54,0.0,7.0,True,,CUST01494,P0015,False,False,REJECT
ORD018923,2025-09-10,CUST02822,P0031,Casablanca,Website,Cash,1.0,-25,25.0,DELIVERED,4.0,3.0,CASABLANCA,WEBSITE,CASH,DELIVERED,2025-09-10,1.0,,25.0,4.0,False,3.0,CUST02822,P0031,False,False,REJECT
ORD019413,2025-07-08,CUST02356,P0100,Rabat,Website,Wallet,5.0,3425.17,-10.0,CANCELLED,6.0,,RABAT,WEBSITE,WALLET,CANCELLED,2025-07-08,5.0,3425.17,,6.0,True,,CUST02356,P0100,False,False,REJECT
ORD015246,2025-03-06,CUST02085,P0028,Kenitra,Website,Cash,1.0,unknown,10.0,DELIVERED,4.0,,KENITRA,WEBSITE,CASH,DELIVERED,2025-03-06,1.0,,10.0,4.0,True,,CUST02085,P0028,False,False,REJECT
ORD000047,2025-04-23,CUST01243,P0053,Marrakech,Mobile App,Wallet,,943.67,20.0,DELIVERED,6.0,,MARRAKECH,MOBILE APP,WALLET,DELIVERED,2025-04-23,,943.67,20.0,6.0,True,,CUST01243,P0053,False,False,REJECT
ORD011920,2025-11-22,CUST04570,P0115,Kenitra,Mobile App,Wallet,1.0,,105.0,DELIVERED,4.0,3.9,KENITRA,MOBILE APP,WALLET,DELIVERED,2025-11-22,1.0,,,4.0,False,3.9,CUST04570,P0115,False,False,REJECT
ORD028893,2025-08-28,CUST00615,P0013,Fes,Marketplace,Cash,6.0,-25,0.0,PENDING,3.0,,FES,MARKETPLACE,CASH,PENDING,2025-08-28,6.0,,0.0,3.0,True,,CUST00615,P0013,False,False,REJECT
ORD010152,2025-03-08,CUST00006,P0082,Tanger,Website,Bank Transfer,-1.0,942.16,10.0,CANCELLED,7.0,,TANGER,WEBSITE,BANK TRANSFER,CANCELLED,2025-03-08,,942.16,10.0,7.0,True,,CUST00006,P0082,False,False,REJECT
ORD003331,2025-08-02,CUST02282,P0117,Casablanca,Mobile App,Wallet,1.0,unknown,5.0,Delivered,4.0,,CASABLANCA,MOBILE APP,WALLET,DELIVERED,2025-08-02,1.0,,5.0,4.0,True,,CUST02282,P0117,False,False,REJECT
ORD006460,2025-05-01,CUST02498,P0109,Fes,Mobile App,Wallet,1.0,unknown,20.0,DELIVERED,3.0,,FES,MOBILE APP,WALLET,DELIVERED,2025-05-01,1.0,,20.0,3.0,True,,CUST02498,P0109,False,False,REJECT
ORD028318,31/07/2025,CUST02369,P0028,Agadir,Mobile App,Wallet,0.0,2247.96,5.0,RETURNED,4.0,,AGADIR,MOBILE APP,WALLET,RETURNED,2025-07-31,,2247.96,5.0,4.0,True,,CUST02369,P0028,False,False,REJECT
ORD017657,2025-01-17,CUST00440,P0114,Marrakech,Marketplace,Cash,1.0,-25,0.0,DELIVERED,9.0,,MARRAKECH,MARKETPLACE,CASH,DELIVERED,2025-01-17,1.0,,0.0,9.0,True,,CUST00440,P0114,False,False,REJECT
ORD003804,2025-12-10,CUST02481,P0064,Kenitra,store,Cash,2.0,,20.0,DELIVERED,7.0,4.2,KENITRA,STORE,CASH,DELIVERED,2025-12-10,2.0,,20.0,7.0,False,4.2,CUST02481,P0064,False,False,REJECT
ORD019514,08-17-2025,CUST00042,P0078,Tanger,Website,Bank Transfer,,1944.09,10.0,DELIVERED,5.0,4.6,TANGER,WEBSITE,BANK TRANSFER,DELIVERED,2025-08-17,,1944.09,10.0,5.0,False,4.6,CUST00042,P0078,False,False,REJECT
ORD016053,2025-08-29,CUST00464,P0016,Fes,Mobile App,Bank Transfer,2.0,,10.0,DELIVERED,4.0,5.0,FES,MOBILE APP,BANK TRANSFER,DELIVERED,2025-08-29,2.0,,10.0,4.0,False,5.0,CUST00464,P0016,False,False,REJECT
ORD002298,31/01/2025,CUST01059,P0016,Kenitra,Marketplace,Bank Transfer,3.0,-25,25.0,DELIVERED,6.0,,KENITRA,MARKETPLACE,BANK TRANSFER,DELIVERED,2025-01-31,3.0,,25.0,6.0,True,,CUST01059,P0016,False,False,REJECT
ORD000954,2025-12-03,CUST03519,P0032,Rabat,Store,Cash,,3412.67,0.0,RETURNED,6.0,2.1,RABAT,STORE,CASH,RETURNED,2025-12-03,,3412.67,0.0,6.0,False,2.1,CUST03519,P0032,False,False,REJECT
ORD029212,2025-12-17,CUST00622,P0008,Marrakech,Website,Wallet,,2503.74,5.0,DELIVERED,4.0,,MARRAKECH,WEBSITE,WALLET,DELIVERED,2025-12-17,,2503.74,5.0,4.0,True,,CUST00622,P0008,False,False,REJECT
ORD001948,2025-02-08,CUST00056,P0084,Tanger,Store,Card,2.0,-25,15.0,DELIVERED,4.0,,TANGER,STORE,CARD,DELIVERED,2025-02-08,2.0,,15.0,4.0,True,,CUST00056,P0084,False,False,REJECT
ORD026448,03-31-2025,CUST00594,P0101,Rabat,Store,Bank Transfer,1.0,-25,5.0,DELIVERED,3.0,,RABAT,STORE,BANK TRANSFER,DELIVERED,2025-03-31,1.0,,5.0,3.0,True,,CUST00594,P0101,False,False,REJECT
ORD014953,2025-10-25,CUST01619,P0043,Tanger,Mobile App,Wallet,,950.56,20.0,CANCELLED,4.0,,TANGER,MOBILE APP,WALLET,CANCELLED,2025-10-25,,950.56,20.0,4.0,True,,CUST01619,P0043,False,False,REJECT
ORD023889,2025-08-13,CUST03246,P0028,Marrakech,Marketplace,Wallet,-1.0,2501.17,0.0,CANCELLED,4.0,,MARRAKECH,MARKETPLACE,WALLET,CANCELLED,2025-08-13,,2501.17,0.0,4.0,True,,CUST03246,P0028,False,False,REJECT
ORD017979,2025-06-18,CUST00208,P0065,Rabat,Marketplace,Cash,4.0,,15.0,DELIVERED,5.0,2.2,RABAT,MARKETPLACE,CASH,DELIVERED,2025-06-18,4.0,,15.0,5.0,False,2.2,CUST00208,P0065,False,False,REJECT
ORD016593,2025-08-28,CUST02593,P0117,Kenitra,Store, Cash ,2.0,-25,15.0,DELIVERED,3.0,5.0,KENITRA,STORE,CASH,DELIVERED,2025-08-28,2.0,,15.0,3.0,False,5.0,CUST02593,P0117,False,False,REJECT
ORD012553,04-21-2025,CUST04569,P0111,Marrakech,Mobile App,Card,2.0,2812.66,,CANCELLED,4.0,,MARRAKECH,MOBILE APP,CARD,CANCELLED,2025-04-21,2.0,2812.66,,4.0,True,,CUST04569,P0111,False,False,REJECT
ORD024051,2025-03-26,CUST04031,P0078,Agadir,Mobile App,Wallet,3.0,1974.87,,PENDING,3.0,,AGADIR,MOBILE APP,WALLET,PENDING,2025-03-26,3.0,1974.87,,3.0,True,,CUST04031,P0078,False,False,REJECT
ORD007028,2025-12-20,CUST04974,P0101,Casablanca,Mobile App, Wallet ,0.0,287.7,30.0,DELIVERED,5.0,4.2,CASABLANCA,MOBILE APP,WALLET,DELIVERED,2025-12-20,,287.7,30.0,5.0,False,4.2,CUST04974,P0101,False,False,REJECT
ORD007379,2025-08-26,CUST04724,P0103, Casablanca ,Store,Wallet,3.0,,5.0,DELIVERED,3.0,4.1,CASABLANCA,STORE,WALLET,DELIVERED,2025-08-26,3.0,,5.0,3.0,False,4.1,CUST04724,P0103,False,False,REJECT
ORD026587,2025-09-16,CUST01257,P0082,Fes,Marketplace,Bank Transfer,3.0,-25,25.0,DELIVERED,6.0,4.4,FES,MARKETPLACE,BANK TRANSFER,DELIVERED,2025-09-16,3.0,,25.0,6.0,False,4.4,CUST01257,P0082,False,False,REJECT
ORD009215,2025-01-13,CUST00294,P0004,Agadir,Mobile App,Cash,1.0,714.41,,CANCELLED,4.0,,AGADIR,MOBILE APP,CASH,CANCELLED,2025-01-13,1.0,714.41,,4.0,True,,CUST00294,P0004,False,False,REJECT
ORD001350,2025-01-27,CUST04426,P0111,Rabat,Marketplace,Cash,,2815.38,15.0,CANCELLED,6.0,,RABAT,MARKETPLACE,CASH,CANCELLED,2025-01-27,,2815.38,15.0,6.0,True,,CUST04426,P0111,False,False,REJECT
ORD009503,2025-07-29,CUST01202,P0056,Kenitra,Website,Wallet,2.0,-25,0.0,DELIVERED,5.0,,KENITRA,WEBSITE,WALLET,DELIVERED,2025-07-29,2.0,,0.0,5.0,True,,CUST01202,P0056,False,False,REJECT
ORD003280,2025-10-01,CUST00060,P0020,Rabat,Store,Wallet,1.0,1685.57,-10.0,DELIVERED,5.0,4.8,RABAT,STORE,WALLET,DELIVERED,2025-10-01,1.0,1685.57,,5.0,False,4.8,CUST00060,P0020,False,False,REJECT
ORD002501,2025-11-23,CUST04767,P0052,Tanger,Store,Bank Transfer,5.0,1287.39,105.0,DELIVERED,5.0,3.2,TANGER,STORE,BANK TRANSFER,DELIVERED,2025-11-23,5.0,1287.39,,5.0,False,3.2,CUST04767,P0052,False,False,REJECT
ORD028406,2025-04-11,CUST03382,P0005,Agadir,Marketplace,Cash,,835.57,10.0,DELIVERED,5.0,4.8,AGADIR,MARKETPLACE,CASH,DELIVERED,2025-04-11,,835.57,10.0,5.0,False,4.8,CUST03382,P0005,False,False,REJECT
ORD020998,2025-04-29,CUST02802,P0063,Kenitra,Website,Wallet,4.0,-25,0.0,DELIVERED,7.0,5.0,KENITRA,WEBSITE,WALLET,DELIVERED,2025-04-29,4.0,,0.0,7.0,False,5.0,CUST02802,P0063,False,False,REJECT
ORD019578,27/01/2025,CUST01461,P0074,Fes,Store,Wallet,0.0,86.22,10.0,DELIVERED,6.0,3.9,FES,STORE,WALLET,DELIVERED,2025-01-27,,86.22,10.0,6.0,False,3.9,CUST01461,P0074,False,False,REJECT
ORD027481,2025-02-13,CUST02631,,Kenitra,Store,Bank Transfer,3.0,2571.17,-10.0,CANCELLED,4.0,,KENITRA,STORE,BANK TRANSFER,CANCELLED,2025-02-13,3.0,2571.17,,4.0,True,,CUST02631,,True,False,REJECT
ORD020344,2025-01-01,CUST01442,P0117,Casablanca,Website,Card,,1918.72,25.0,DELIVERED,3.0,3.8,CASABLANCA,WEBSITE,CARD,DELIVERED,2025-01-01,,1918.72,25.0,3.0,False,3.8,CUST01442,P0117,False,False,REJECT
ORD023513,05/07/2025,CUST04337,P0044,Kenitra,Marketplace,Cash,2.0,1204.72,-10.0,DELIVERED,2.0,,KENITRA,MARKETPLACE,CASH,DELIVERED,2025-07-05,2.0,1204.72,,2.0,True,,CUST04337,P0044,False,False,REJECT
ORD018218,2025-01-17,CUST04951,P0116,Fes,Store,Card,,1519.98,0.0,DELIVERED,3.0,5.0,FES,STORE,CARD,DELIVERED,2025-01-17,,1519.98,0.0,3.0,False,5.0,CUST04951,P0116,False,False,REJECT
ORD020606,2025-09-25,CUST00377,P0102,Fes,Website,Card,2.0,unknown,0.0,DELIVERED,2.0,4.0,FES,WEBSITE,CARD,DELIVERED,2025-09-25,2.0,,0.0,2.0,False,4.0,CUST00377,P0102,False,False,REJECT
ORD002374,06-10-2025,CUST04284,P0075,Fes,Website,Cash,2.0,-25,10.0,DELIVERED,4.0,3.1,FES,WEBSITE,CASH,DELIVERED,2025-06-10,2.0,,10.0,4.0,False,3.1,CUST04284,P0075,False,False,REJECT
ORD004382,2025-01-30,CUST01524,P0085,Fes,Marketplace,Bank Transfer,0.0,2769.32,25.0,DELIVERED,4.0,4.9,FES,MARKETPLACE,BANK TRANSFER,DELIVERED,2025-01-30,,2769.32,25.0,4.0,False,4.9,CUST01524,P0085,False,False,REJECT
ORD001889,2025-09-28,CUST00471,P0057,Tanger,Website,Wallet,3.0,1005.1,,DELIVERED,4.0,3.8,TANGER,WEBSITE,WALLET,DELIVERED,2025-09-28,3.0,1005.1,,4.0,False,3.8,CUST00471,P0057,False,False,REJECT
ORD016275,2025-10-06,CUST04509,P0084,Agadir,Website,Cash,6.0,unknown,0.0,RETURNED,6.0,,AGADIR,WEBSITE,CASH,RETURNED,2025-10-06,6.0,,0.0,6.0,True,,CUST04509,P0084,False,False,REJECT
ORD016550,2025-02-08,CUST03361,P0013,Casablanca,Marketplace,Cash,-1.0,3207.93,10.0,DELIVERED,6.0,,CASABLANCA,MARKETPLACE,CASH,DELIVERED,2025-02-08,,3207.93,10.0,6.0,True,,CUST03361,P0013,False,False,REJECT
ORD017333,2025-03-22,CUST04463,P0022,Marrakech,Store,Wallet,,777.36,10.0,DELIVERED,5.0,,MARRAKECH,STORE,WALLET,DELIVERED,2025-03-22,,777.36,10.0,5.0,True,,CUST04463,P0022,False,False,REJECT
ORD000324,2025-04-22,CUST01514,P0090,Marrakech,Mobile App,Wallet,-1.0,2186.21,10.0,PENDING,6.0,,MARRAKECH,MOBILE APP,WALLET,PENDING,2025-04-22,,2186.21,10.0,6.0,True,,CUST01514,P0090,False,False,REJECT
ORD018012,2025-12-20,CUST04540,P0018,Marrakech,website,Wallet,1.0,-25,0.0,DELIVERED,3.0,3.1,MARRAKECH,WEBSITE,WALLET,DELIVERED,2025-12-20,1.0,,0.0,3.0,False,3.1,CUST04540,P0018,False,False,REJECT
ORD009611,2025-09-23,CUST01854,P0012,Marrakech,Mobile App,Card,2.0,,0.0,CANCELLED,5.0,,MARRAKECH,MOBILE APP,CARD,CANCELLED,2025-09-23,2.0,,0.0,5.0,True,,CUST01854,P0012,False,False,REJECT
ORD027412,2025-01-09,CUST01479,P0105,Casablanca,Website,Cash,3.0,2340.13,105.0,DELIVERED,6.0,4.1,CASABLANCA,WEBSITE,CASH,DELIVERED,2025-01-09,3.0,2340.13,,6.0,False,4.1,CUST01479,P0105,False,False,REJECT
ORD029414,2025-10-10,CUST04144,P0069,Agadir,Mobile App,Card,1.0,1123.85,105.0,DELIVERED,3.0,2.7,AGADIR,MOBILE APP,CARD,DELIVERED,2025-10-10,1.0,1123.85,,3.0,False,2.7,CUST04144,P0069,False,False,REJECT
ORD022219,09-09-2025,CUST03676,P0107,Tanger,Mobile App,Card,2.0,1109.57,-10.0,PENDING,8.0,,TANGER,MOBILE APP,CARD,PENDING,2025-09-09,2.0,1109.57,,8.0,True,,CUST03676,P0107,False,False,REJECT
ORD002297,2025-03-05,CUST01324,P0083,Kenitra,Website,Cash,-1.0,1664.66,0.0,DELIVERED,4.0,4.6,KENITRA,WEBSITE,CASH,DELIVERED,2025-03-05,,1664.66,0.0,4.0,False,4.6,CUST01324,P0083,False,False,REJECT
ORD029674,2025-11-22,CUST02476,P0070,Fes,Website,Wallet,1.0,,10.0,CANCELLED,2.0,,FES,WEBSITE,WALLET,CANCELLED,2025-11-22,1.0,,10.0,2.0,True,,CUST02476,P0070,False,False,REJECT
ORD023722,2025-03-24,CUST00321,P0059,Fes,Marketplace,Wallet,-1.0,523.62,10.0,DELIVERED,8.0,4.0,FES,MARKETPLACE,WALLET,DELIVERED,2025-03-24,,523.62,10.0,8.0,False,4.0,CUST00321,P0059,False,False,REJECT
